event,game_time,home_team,away_team,market_key,market_name,period,team_side,line,price_home,price_away,over_price,under_price,is_alternate
Houston Texans @ New England Patriots,1768767000000,Patriots,Texans,moneyline,Moneyline,G,,,,,,,False
Houston Texans @ New England Patriots,1768767000000,Patriots,Texans,moneyline,Moneyline,G,,,,,,,False
Houston Texans @ New England Patriots,1768767000000,Patriots,Texans,moneyline,Moneyline,G,,,,,,,False
Houston Texans @ New England Patriots,1768767000000,Patriots,Texans,moneyline,Moneyline,G,,,,,,,False
Houston Texans @ New England Patriots,1768767000000,Patriots,Texans,moneyline,Moneyline,G,,,,,,,False
Houston Texans @ New England Patriots,1768767000000,Patriots,Texans,alt_total,Total Points,G,,31.5,,,-525.0,340.0,True
Houston Texans @ New England Patriots,1768767000000,Patriots,Texans,alt_total,Total Points,G,,32.5,,,-460.0,305.0,True
Houston Texans @ New England Patriots,1768767000000,Patriots,Texans,alt_total,Total Points,G,,33.5,,,-370.0,260.0,True
Houston Texans @ New England Patriots,1768767000000,Patriots,Texans,alt_total,Total Points,G,,34.5,,,-310.0,225.0,True
Houston Texans @ New England Patriots,1768767000000,Patriots,Texans,alt_total,Total Points,G,,35.5,,,-280.0,205.0,True
Houston Texans @ New England Patriots,1768767000000,Patriots,Texans,alt_total,Total Points,G,,36.5,,,-240.0,175.0,True
Houston Texans @ New England Patriots,1768767000000,Patriots,Texans,alt_total,Total Points,G,,37.5,,,-190.0,145.0,True
Houston Texans @ New England Patriots,1768767000000,Patriots,Texans,alt_total,Total Points,G,,38.5,,,-170.0,130.0,True
Houston Texans @ New England Patriots,1768767000000,Patriots,Texans,alt_total,Total Points,G,,39.5,,,-150.0,115.0,True
Houston Texans @ New England Patriots,1768767000000,Patriots,Texans,alt_total,Total Points,G,,40.0,,,-145.0,110.0,True
Houston Texans @ New England Patriots,1768767000000,Patriots,Texans,alt_total,Total Points,G,,40.5,,,-130.0,,True
Houston Texans @ New England Patriots,1768767000000,Patriots,Texans,alt_total,Total Points,G,,41.0,,,-125.0,-105.0,True
Houston Texans @ New England Patriots,1768767000000,Patriots,Texans,alt_total,Total Points,G,,42.0,,,-110.0,-120.0,True
Houston Texans @ New England Patriots,1768767000000,Patriots,Texans,alt_total,Total Points,G,,42.5,,,-105.0,-125.0,True
Houston Texans @ New England Patriots,1768767000000,Patriots,Texans,alt_total,Total Points,G,,43.0,,,105.0,-135.0,True
Houston Texans @ New England Patriots,1768767000000,Patriots,Texans,alt_total,Total Points,G,,43.5,,,115.0,-150.0,True
Houston Texans @ New England Patriots,1768767000000,Patriots,Texans,alt_total,Total Points,G,,44.5,,,130.0,-170.0,True
Houston Texans @ New England Patriots,1768767000000,Patriots,Texans,alt_total,Total Points,G,,45.5,,,145.0,-190.0,True
Houston Texans @ New England Patriots,1768767000000,Patriots,Texans,alt_total,Total Points,G,,46.5,,,160.0,-215.0,True
Houston Texans @ New England Patriots,1768767000000,Patriots,Texans,alt_total,Total Points,G,,47.5,,,185.0,-250.0,True
Houston Texans @ New England Patriots,1768767000000,Patriots,Texans,alt_total,Total Points,G,,48.5,,,205.0,-280.0,True
Houston Texans @ New England Patriots,1768767000000,Patriots,Texans,alt_total,Total Points,G,,49.5,,,230.0,-320.0,True
Houston Texans @ New England Patriots,1768767000000,Patriots,Texans,alt_total,Total Points,G,,50.5,,,260.0,-370.0,True
Houston Texans @ New England Patriots,1768767000000,Patriots,Texans,alt_total,Total Points,G,,51.5,,,295.0,-440.0,True
Houston Texans @ New England Patriots,1768767000000,Patriots,Texans,alt_total,Total Points - Houston Texans,G,,19.5,,,-115.0,-115.0,True
Houston Texans @ New England Patriots,1768767000000,Patriots,Texans,alt_total,Total Points - New England Patriots,G,,21.5,,,-130.0,,True
Houston Texans @ New England Patriots,1768767000000,Patriots,Texans,alt_total,Total Points,G,,18.5,,,-170.0,130.0,True
Houston Texans @ New England Patriots,1768767000000,Patriots,Texans,alt_total,Total Points,G,,19.0,,,-165.0,125.0,True
Houston Texans @ New England Patriots,1768767000000,Patriots,Texans,alt_total,Total Points,G,,19.5,,,-160.0,120.0,True
Houston Texans @ New England Patriots,1768767000000,Patriots,Texans,alt_total,Total Points,G,,20.0,,,-125.0,-105.0,True
Houston Texans @ New England Patriots,1768767000000,Patriots,Texans,alt_total,Total Points,G,,21.0,,,105.0,-135.0,True
Houston Texans @ New England Patriots,1768767000000,Patriots,Texans,alt_total,Total Points,G,,21.5,,,115.0,-150.0,True
Houston Texans @ New England Patriots,1768767000000,Patriots,Texans,alt_total,Total Points,G,,22.0,,,120.0,-160.0,True
Houston Texans @ New England Patriots,1768767000000,Patriots,Texans,alt_total,Total Points - Houston Texans,G,,8.5,,,-145.0,110.0,True
Houston Texans @ New England Patriots,1768767000000,Patriots,Texans,alt_total,Total Points - New England Patriots,G,,10.5,,,,-130.0,True
Houston Texans @ New England Patriots,1768767000000,Patriots,Texans,alt_total,Total Points - Houston Texans,G,,0.5,,,-150.0,115.0,True
Houston Texans @ New England Patriots,1768767000000,Patriots,Texans,alt_total,Total Points - New England Patriots,G,,3.5,,,,-130.0,True
Houston Texans @ New England Patriots,1768767000000,Patriots,Texans,spread_total_combo,Point Spread -1.5 and O/U 35.5 Points,G,home,,,,,,False
Houston Texans @ New England Patriots,1768767000000,Patriots,Texans,spread_total_combo,Point Spread -1.5 and O/U 35.5 Points,G,away,,,,,,False
Houston Texans @ New England Patriots,1768767000000,Patriots,Texans,spread_total_combo,Point Spread -1.5 and O/U 35.5 Points,G,home,,,,,,False
Houston Texans @ New England Patriots,1768767000000,Patriots,Texans,spread_total_combo,Point Spread -1.5 and O/U 35.5 Points,G,away,,,,,,False
Houston Texans @ New England Patriots,1768767000000,Patriots,Texans,spread_total_combo,Point Spread -1.5 and O/U 41.5 Points,G,home,,,,,,False
Houston Texans @ New England Patriots,1768767000000,Patriots,Texans,spread_total_combo,Point Spread -1.5 and O/U 41.5 Points,G,away,,,,,,False
Houston Texans @ New England Patriots,1768767000000,Patriots,Texans,spread_total_combo,Point Spread -1.5 and O/U 41.5 Points,G,home,,,,,,False
Houston Texans @ New England Patriots,1768767000000,Patriots,Texans,spread_total_combo,Point Spread -1.5 and O/U 41.5 Points,G,away,,,,,,False
Houston Texans @ New England Patriots,1768767000000,Patriots,Texans,spread_total_combo,Point Spread -1.5 and O/U 47.5 Points,G,home,,,,,,False
Houston Texans @ New England Patriots,1768767000000,Patriots,Texans,spread_total_combo,Point Spread -1.5 and O/U 47.5 Points,G,away,,,,,,False
Houston Texans @ New England Patriots,1768767000000,Patriots,Texans,spread_total_combo,Point Spread -1.5 and O/U 47.5 Points,G,home,,,,,,False
Houston Texans @ New England Patriots,1768767000000,Patriots,Texans,spread_total_combo,Point Spread -1.5 and O/U 47.5 Points,G,away,,,,,,False
Houston Texans @ New England Patriots,1768767000000,Patriots,Texans,spread_total_combo,Point Spread -3.5 and O/U 35.5 Points,G,home,,,,,,False
Houston Texans @ New England Patriots,1768767000000,Patriots,Texans,spread_total_combo,Point Spread -3.5 and O/U 35.5 Points,G,away,,,,,,False
Houston Texans @ New England Patriots,1768767000000,Patriots,Texans,spread_total_combo,Point Spread -3.5 and O/U 35.5 Points,G,home,,,,,,False
Houston Texans @ New England Patriots,1768767000000,Patriots,Texans,spread_total_combo,Point Spread -3.5 and O/U 35.5 Points,G,away,,,,,,False
Houston Texans @ New England Patriots,1768767000000,Patriots,Texans,spread_total_combo,Point Spread -3.5 and O/U 41.5 Points,G,home,,,,,,False
Houston Texans @ New England Patriots,1768767000000,Patriots,Texans,spread_total_combo,Point Spread -3.5 and O/U 41.5 Points,G,away,,,,,,False
Houston Texans @ New England Patriots,1768767000000,Patriots,Texans,spread_total_combo,Point Spread -3.5 and O/U 41.5 Points,G,home,,,,,,False
Houston Texans @ New England Patriots,1768767000000,Patriots,Texans,spread_total_combo,Point Spread -3.5 and O/U 41.5 Points,G,away,,,,,,False
Houston Texans @ New England Patriots,1768767000000,Patriots,Texans,spread_total_combo,Point Spread -3.5 and O/U 47.5 Points,G,home,,,,,,False
Houston Texans @ New England Patriots,1768767000000,Patriots,Texans,spread_total_combo,Point Spread -3.5 and O/U 47.5 Points,G,away,,,,,,False
Houston Texans @ New England Patriots,1768767000000,Patriots,Texans,spread_total_combo,Point Spread -3.5 and O/U 47.5 Points,G,home,,,,,,False
Houston Texans @ New England Patriots,1768767000000,Patriots,Texans,spread_total_combo,Point Spread -3.5 and O/U 47.5 Points,G,away,,,,,,False
Houston Texans @ New England Patriots,1768767000000,Patriots,Texans,spread_total_combo,Point Spread -6.5 and O/U 35.5 Points,G,home,,,,,,False
Houston Texans @ New England Patriots,1768767000000,Patriots,Texans,spread_total_combo,Point Spread -6.5 and O/U 35.5 Points,G,away,,,,,,False
Houston Texans @ New England Patriots,1768767000000,Patriots,Texans,spread_total_combo,Point Spread -6.5 and O/U 35.5 Points,G,home,,,,,,False
Houston Texans @ New England Patriots,1768767000000,Patriots,Texans,spread_total_combo,Point Spread -6.5 and O/U 35.5 Points,G,away,,,,,,False
Houston Texans @ New England Patriots,1768767000000,Patriots,Texans,spread_total_combo,Point Spread -6.5 and O/U 41.5 Points,G,home,,,,,,False
Houston Texans @ New England Patriots,1768767000000,Patriots,Texans,spread_total_combo,Point Spread -6.5 and O/U 41.5 Points,G,away,,,,,,False
Houston Texans @ New England Patriots,1768767000000,Patriots,Texans,spread_total_combo,Point Spread -6.5 and O/U 41.5 Points,G,home,,,,,,False
Houston Texans @ New England Patriots,1768767000000,Patriots,Texans,spread_total_combo,Point Spread -6.5 and O/U 41.5 Points,G,away,,,,,,False
Houston Texans @ New England Patriots,1768767000000,Patriots,Texans,spread_total_combo,Point Spread -6.5 and O/U 47.5 Points,G,home,,,,,,False
Houston Texans @ New England Patriots,1768767000000,Patriots,Texans,spread_total_combo,Point Spread -6.5 and O/U 47.5 Points,G,away,,,,,,False
Houston Texans @ New England Patriots,1768767000000,Patriots,Texans,spread_total_combo,Point Spread -6.5 and O/U 47.5 Points,G,home,,,,,,False
Houston Texans @ New England Patriots,1768767000000,Patriots,Texans,spread_total_combo,Point Spread -6.5 and O/U 47.5 Points,G,away,,,,,,False
Houston Texans @ New England Patriots,1768767000000,Patriots,Texans,spread_total_combo,Point Spread -1.5 and O/U 16.5 Points,G,home,,,,,,False
Houston Texans @ New England Patriots,1768767000000,Patriots,Texans,spread_total_combo,Point Spread -1.5 and O/U 16.5 Points,G,away,,,,,,False
Houston Texans @ New England Patriots,1768767000000,Patriots,Texans,spread_total_combo,Point Spread -1.5 and O/U 16.5 Points,G,home,,,,,,False
Houston Texans @ New England Patriots,1768767000000,Patriots,Texans,spread_total_combo,Point Spread -1.5 and O/U 16.5 Points,G,away,,,,,,False
Houston Texans @ New England Patriots,1768767000000,Patriots,Texans,spread_total_combo,Point Spread -1.5 and O/U 20.5 Points,G,home,,,,,,False
Houston Texans @ New England Patriots,1768767000000,Patriots,Texans,spread_total_combo,Point Spread -1.5 and O/U 20.5 Points,G,away,,,,,,False
Houston Texans @ New England Patriots,1768767000000,Patriots,Texans,spread_total_combo,Point Spread -1.5 and O/U 20.5 Points,G,home,,,,,,False
Houston Texans @ New England Patriots,1768767000000,Patriots,Texans,spread_total_combo,Point Spread -1.5 and O/U 20.5 Points,G,away,,,,,,False
Houston Texans @ New England Patriots,1768767000000,Patriots,Texans,spread_total_combo,Point Spread -1.5 and O/U 24.5 Points,G,home,,,,,,False
Houston Texans @ New England Patriots,1768767000000,Patriots,Texans,spread_total_combo,Point Spread -1.5 and O/U 24.5 Points,G,away,,,,,,False
Houston Texans @ New England Patriots,1768767000000,Patriots,Texans,spread_total_combo,Point Spread -1.5 and O/U 24.5 Points,G,home,,,,,,False
Houston Texans @ New England Patriots,1768767000000,Patriots,Texans,spread_total_combo,Point Spread -1.5 and O/U 24.5 Points,G,away,,,,,,False
Houston Texans @ New England Patriots,1768767000000,Patriots,Texans,spread_total_combo,Point Spread -2.5 and O/U 16.5 Points,G,home,,,,,,False
Houston Texans @ New England Patriots,1768767000000,Patriots,Texans,spread_total_combo,Point Spread -2.5 and O/U 16.5 Points,G,away,,,,,,False
Houston Texans @ New England Patriots,1768767000000,Patriots,Texans,spread_total_combo,Point Spread -2.5 and O/U 16.5 Points,G,home,,,,,,False
Houston Texans @ New England Patriots,1768767000000,Patriots,Texans,spread_total_combo,Point Spread -2.5 and O/U 16.5 Points,G,away,,,,,,False
Houston Texans @ New England Patriots,1768767000000,Patriots,Texans,spread_total_combo,Point Spread -2.5 and O/U 20.5 Points,G,home,,,,,,False
Houston Texans @ New England Patriots,1768767000000,Patriots,Texans,spread_total_combo,Point Spread -2.5 and O/U 20.5 Points,G,away,,,,,,False
Houston Texans @ New England Patriots,1768767000000,Patriots,Texans,spread_total_combo,Point Spread -2.5 and O/U 20.5 Points,G,home,,,,,,False
Houston Texans @ New England Patriots,1768767000000,Patriots,Texans,spread_total_combo,Point Spread -2.5 and O/U 20.5 Points,G,away,,,,,,False
Houston Texans @ New England Patriots,1768767000000,Patriots,Texans,spread_total_combo,Point Spread -2.5 and O/U 24.5 Points,G,home,,,,,,False
Houston Texans @ New England Patriots,1768767000000,Patriots,Texans,spread_total_combo,Point Spread -2.5 and O/U 24.5 Points,G,away,,,,,,False
Houston Texans @ New England Patriots,1768767000000,Patriots,Texans,spread_total_combo,Point Spread -2.5 and O/U 24.5 Points,G,home,,,,,,False
Houston Texans @ New England Patriots,1768767000000,Patriots,Texans,spread_total_combo,Point Spread -2.5 and O/U 24.5 Points,G,away,,,,,,False
Houston Texans @ New England Patriots,1768767000000,Patriots,Texans,spread_total_combo,Point Spread -4.5 and O/U 16.5 Points,G,home,,,,,,False
Houston Texans @ New England Patriots,1768767000000,Patriots,Texans,spread_total_combo,Point Spread -4.5 and O/U 16.5 Points,G,away,,,,,,False
Houston Texans @ New England Patriots,1768767000000,Patriots,Texans,spread_total_combo,Point Spread -4.5 and O/U 16.5 Points,G,home,,,,,,False
Houston Texans @ New England Patriots,1768767000000,Patriots,Texans,spread_total_combo,Point Spread -4.5 and O/U 16.5 Points,G,away,,,,,,False
Houston Texans @ New England Patriots,1768767000000,Patriots,Texans,spread_total_combo,Point Spread -4.5 and O/U 20.5 Points,G,home,,,,,,False
Houston Texans @ New England Patriots,1768767000000,Patriots,Texans,spread_total_combo,Point Spread -4.5 and O/U 20.5 Points,G,away,,,,,,False
Houston Texans @ New England Patriots,1768767000000,Patriots,Texans,spread_total_combo,Point Spread -4.5 and O/U 20.5 Points,G,home,,,,,,False
Houston Texans @ New England Patriots,1768767000000,Patriots,Texans,spread_total_combo,Point Spread -4.5 and O/U 20.5 Points,G,away,,,,,,False
Houston Texans @ New England Patriots,1768767000000,Patriots,Texans,spread_total_combo,Point Spread -4.5 and O/U 24.5 Points,G,home,,,,,,False
Houston Texans @ New England Patriots,1768767000000,Patriots,Texans,spread_total_combo,Point Spread -4.5 and O/U 24.5 Points,G,away,,,,,,False
Houston Texans @ New England Patriots,1768767000000,Patriots,Texans,spread_total_combo,Point Spread -4.5 and O/U 24.5 Points,G,home,,,,,,False
Houston Texans @ New England Patriots,1768767000000,Patriots,Texans,spread_total_combo,Point Spread -4.5 and O/U 24.5 Points,G,away,,,,,,False
Houston Texans @ New England Patriots,1768767000000,Patriots,Texans,spread_total_combo,Point Spread -1.5 and O/U 12.5 Points,G,home,,,,,,False
Houston Texans @ New England Patriots,1768767000000,Patriots,Texans,spread_total_combo,Point Spread -1.5 and O/U 12.5 Points,G,away,,,,,,False
Houston Texans @ New England Patriots,1768767000000,Patriots,Texans,spread_total_combo,Point Spread -1.5 and O/U 12.5 Points,G,home,,,,,,False
Houston Texans @ New England Patriots,1768767000000,Patriots,Texans,spread_total_combo,Point Spread -1.5 and O/U 12.5 Points,G,away,,,,,,False
Houston Texans @ New England Patriots,1768767000000,Patriots,Texans,spread_total_combo,Point Spread -1.5 and O/U 6.5 Points,G,home,,,,,,False
Houston Texans @ New England Patriots,1768767000000,Patriots,Texans,spread_total_combo,Point Spread -1.5 and O/U 6.5 Points,G,away,,,,,,False
Houston Texans @ New England Patriots,1768767000000,Patriots,Texans,spread_total_combo,Point Spread -1.5 and O/U 6.5 Points,G,home,,,,,,False
Houston Texans @ New England Patriots,1768767000000,Patriots,Texans,spread_total_combo,Point Spread -1.5 and O/U 6.5 Points,G,away,,,,,,False
Houston Texans @ New England Patriots,1768767000000,Patriots,Texans,spread_total_combo,Point Spread -1.5 and O/U 9.5 Points,G,home,,,,,,False
Houston Texans @ New England Patriots,1768767000000,Patriots,Texans,spread_total_combo,Point Spread -1.5 and O/U 9.5 Points,G,away,,,,,,False
Houston Texans @ New England Patriots,1768767000000,Patriots,Texans,spread_total_combo,Point Spread -1.5 and O/U 9.5 Points,G,home,,,,,,False
Houston Texans @ New England Patriots,1768767000000,Patriots,Texans,spread_total_combo,Point Spread -1.5 and O/U 9.5 Points,G,away,,,,,,False
Houston Texans @ New England Patriots,1768767000000,Patriots,Texans,spread_total_combo,Point Spread 1.5 and O/U 12.5 Points,G,home,,,,,,False
Houston Texans @ New England Patriots,1768767000000,Patriots,Texans,spread_total_combo,Point Spread 1.5 and O/U 12.5 Points,G,away,,,,,,False
Houston Texans @ New England Patriots,1768767000000,Patriots,Texans,spread_total_combo,Point Spread 1.5 and O/U 12.5 Points,G,home,,,,,,False
Houston Texans @ New England Patriots,1768767000000,Patriots,Texans,spread_total_combo,Point Spread 1.5 and O/U 12.5 Points,G,away,,,,,,False
Houston Texans @ New England Patriots,1768767000000,Patriots,Texans,spread_total_combo,Point Spread 1.5 and O/U 6.5 Points,G,home,,,,,,False
Houston Texans @ New England Patriots,1768767000000,Patriots,Texans,spread_total_combo,Point Spread 1.5 and O/U 6.5 Points,G,away,,,,,,False
Houston Texans @ New England Patriots,1768767000000,Patriots,Texans,spread_total_combo,Point Spread 1.5 and O/U 6.5 Points,G,home,,,,,,False
Houston Texans @ New England Patriots,1768767000000,Patriots,Texans,spread_total_combo,Point Spread 1.5 and O/U 6.5 Points,G,away,,,,,,False
Houston Texans @ New England Patriots,1768767000000,Patriots,Texans,spread_total_combo,Point Spread 1.5 and O/U 9.5 Points,G,home,,,,,,False
Houston Texans @ New England Patriots,1768767000000,Patriots,Texans,spread_total_combo,Point Spread 1.5 and O/U 9.5 Points,G,away,,,,,,False
Houston Texans @ New England Patriots,1768767000000,Patriots,Texans,spread_total_combo,Point Spread 1.5 and O/U 9.5 Points,G,home,,,,,,False
Houston Texans @ New England Patriots,1768767000000,Patriots,Texans,spread_total_combo,Point Spread 1.5 and O/U 9.5 Points,G,away,,,,,,False
Houston Texans @ New England Patriots,1768767000000,Patriots,Texans,winning_margin,Winning Margin,G,,,,,,,False
Houston Texans @ New England Patriots,1768767000000,Patriots,Texans,winning_margin,Winning Margin,G,home,,,,,,False
Houston Texans @ New England Patriots,1768767000000,Patriots,Texans,winning_margin,Winning Margin,G,away,,,,,,False
Houston Texans @ New England Patriots,1768767000000,Patriots,Texans,winning_margin,Winning Margin,G,home,,,,,,False
Houston Texans @ New England Patriots,1768767000000,Patriots,Texans,winning_margin,Winning Margin,G,away,,,,,,False
Houston Texans @ New England Patriots,1768767000000,Patriots,Texans,winning_margin,Winning Margin,G,home,,,,,,False
Houston Texans @ New England Patriots,1768767000000,Patriots,Texans,winning_margin,Winning Margin,G,away,,,,,,False
Houston Texans @ New England Patriots,1768767000000,Patriots,Texans,winning_margin,Winning Margin,G,home,,,,,,False
Houston Texans @ New England Patriots,1768767000000,Patriots,Texans,winning_margin,Winning Margin,G,away,,,,,,False
Houston Texans @ New England Patriots,1768767000000,Patriots,Texans,winning_margin,Winning Margin,G,home,,,,,,False
Houston Texans @ New England Patriots,1768767000000,Patriots,Texans,winning_margin,Winning Margin,G,away,,,,,,False
Houston Texans @ New England Patriots,1768767000000,Patriots,Texans,winning_margin,Winning Margin,G,home,,,,,,False
Houston Texans @ New England Patriots,1768767000000,Patriots,Texans,winning_margin,Winning Margin,G,away,,,,,,False
Houston Texans @ New England Patriots,1768767000000,Patriots,Texans,winning_margin,Winning Margin,G,home,,,,,,False
Houston Texans @ New England Patriots,1768767000000,Patriots,Texans,winning_margin,Winning Margin,G,away,,,,,,False
Houston Texans @ New England Patriots,1768767000000,Patriots,Texans,winning_margin,Winning Margin,G,home,,,,,,False
Houston Texans @ New England Patriots,1768767000000,Patriots,Texans,winning_margin,Winning Margin,G,away,,,,,,False
Houston Texans @ New England Patriots,1768767000000,Patriots,Texans,winning_margin,Winning Margin,G,,,,,,,False
Houston Texans @ New England Patriots,1768767000000,Patriots,Texans,winning_margin,Winning Margin,G,home,,,,,,False
Houston Texans @ New England Patriots,1768767000000,Patriots,Texans,winning_margin,Winning Margin,G,away,,,,,,False
Houston Texans @ New England Patriots,1768767000000,Patriots,Texans,winning_margin,Winning Margin,G,home,,,,,,False
Houston Texans @ New England Patriots,1768767000000,Patriots,Texans,winning_margin,Winning Margin,G,away,,,,,,False
Houston Texans @ New England Patriots,1768767000000,Patriots,Texans,winning_margin,Winning Margin,G,home,,,,,,False
Houston Texans @ New England Patriots,1768767000000,Patriots,Texans,winning_margin,Winning Margin,G,away,,,,,,False
Houston Texans @ New England Patriots,1768767000000,Patriots,Texans,winning_margin,Winning Margin,G,home,,,,,,False
Houston Texans @ New England Patriots,1768767000000,Patriots,Texans,winning_margin,Winning Margin,G,away,,,,,,False
Houston Texans @ New England Patriots,1768767000000,Patriots,Texans,winning_margin,Winning Margin,G,home,,,,,,False
Houston Texans @ New England Patriots,1768767000000,Patriots,Texans,winning_margin,Winning Margin,G,away,,,,,,False
Houston Texans @ New England Patriots,1768767000000,Patriots,Texans,winning_margin,Winning Margin,G,home,,,,,,False
Houston Texans @ New England Patriots,1768767000000,Patriots,Texans,winning_margin,Winning Margin,G,away,,,,,,False
Houston Texans @ New England Patriots,1768767000000,Patriots,Texans,winning_margin,Winning Margin,G,,,,,,,False
Houston Texans @ New England Patriots,1768767000000,Patriots,Texans,winning_margin,Winning Margin,G,home,,,,,,False
Houston Texans @ New England Patriots,1768767000000,Patriots,Texans,winning_margin,Winning Margin,G,away,,,,,,False
Houston Texans @ New England Patriots,1768767000000,Patriots,Texans,winning_margin,Winning Margin,G,home,,,,,,False
Houston Texans @ New England Patriots,1768767000000,Patriots,Texans,winning_margin,Winning Margin,G,away,,,,,,False
Houston Texans @ New England Patriots,1768767000000,Patriots,Texans,winning_margin,Winning Margin,G,home,,,,,,False
Houston Texans @ New England Patriots,1768767000000,Patriots,Texans,winning_margin,Winning Margin,G,away,,,,,,False
Houston Texans @ New England Patriots,1768767000000,Patriots,Texans,winning_margin,Winning Margin,G,home,,,,,,False
Houston Texans @ New England Patriots,1768767000000,Patriots,Texans,winning_margin,Winning Margin,G,away,,,,,,False
Houston Texans @ New England Patriots,1768767000000,Patriots,Texans,winning_margin,Winning Margin,G,home,,,,,,False
Houston Texans @ New England Patriots,1768767000000,Patriots,Texans,winning_margin,Winning Margin,G,away,,,,,,False
Houston Texans @ New England Patriots,1768767000000,Patriots,Texans,winning_margin,Dynamic Winning Margin,G,,,,,,,False
Houston Texans @ New England Patriots,1768767000000,Patriots,Texans,winning_margin,Dynamic Winning Margin,G,home,,,,,,False
Houston Texans @ New England Patriots,1768767000000,Patriots,Texans,winning_margin,Dynamic Winning Margin,G,away,,,,,,False
Houston Texans @ New England Patriots,1768767000000,Patriots,Texans,winning_margin,Dynamic Winning Margin,G,home,,,,,,False
Houston Texans @ New England Patriots,1768767000000,Patriots,Texans,winning_margin,Dynamic Winning Margin,G,away,,,,,,False
Houston Texans @ New England Patriots,1768767000000,Patriots,Texans,winning_margin,Dynamic Winning Margin,G,home,,,,,,False
Houston Texans @ New England Patriots,1768767000000,Patriots,Texans,winning_margin,Dynamic Winning Margin,G,away,,,,,,False
Houston Texans @ New England Patriots,1768767000000,Patriots,Texans,winning_margin,Dynamic Winning Margin,G,home,,,,,,False
Houston Texans @ New England Patriots,1768767000000,Patriots,Texans,winning_margin,Dynamic Winning Margin,G,home,,,,,,False
Houston Texans @ New England Patriots,1768767000000,Patriots,Texans,winning_margin,Dynamic Winning Margin,G,away,,,,,,False
Houston Texans @ New England Patriots,1768767000000,Patriots,Texans,winning_margin,Dynamic Winning Margin,G,home,,,,,,False
Houston Texans @ New England Patriots,1768767000000,Patriots,Texans,winning_margin,Dynamic Winning Margin,G,,,,,,,False
Houston Texans @ New England Patriots,1768767000000,Patriots,Texans,winning_margin,Dynamic Winning Margin,G,home,,,,,,False
Houston Texans @ New England Patriots,1768767000000,Patriots,Texans,winning_margin,Dynamic Winning Margin,G,away,,,,,,False
Houston Texans @ New England Patriots,1768767000000,Patriots,Texans,winning_margin,Dynamic Winning Margin,G,home,,,,,,False
Houston Texans @ New England Patriots,1768767000000,Patriots,Texans,winning_margin,Dynamic Winning Margin,G,away,,,,,,False
Houston Texans @ New England Patriots,1768767000000,Patriots,Texans,winning_margin,Dynamic Winning Margin,G,home,,,,,,False
Houston Texans @ New England Patriots,1768767000000,Patriots,Texans,winning_margin,Dynamic Winning Margin,G,away,,,,,,False
Houston Texans @ New England Patriots,1768767000000,Patriots,Texans,winning_margin,Dynamic Winning Margin,G,home,,,,,,False
Houston Texans @ New England Patriots,1768767000000,Patriots,Texans,winning_margin,Dynamic Winning Margin,G,home,,,,,,False
Houston Texans @ New England Patriots,1768767000000,Patriots,Texans,winning_margin,Dynamic Winning Margin,G,,,,,,,False
Houston Texans @ New England Patriots,1768767000000,Patriots,Texans,winning_margin,Dynamic Winning Margin,G,home,,,,,,False
Houston Texans @ New England Patriots,1768767000000,Patriots,Texans,winning_margin,Dynamic Winning Margin,G,away,,,,,,False
Houston Texans @ New England Patriots,1768767000000,Patriots,Texans,winning_margin,Dynamic Winning Margin,G,home,,,,,,False
Houston Texans @ New England Patriots,1768767000000,Patriots,Texans,winning_margin,Dynamic Winning Margin,G,away,,,,,,False
Houston Texans @ New England Patriots,1768767000000,Patriots,Texans,winning_margin,Dynamic Winning Margin,G,home,,,,,,False
Houston Texans @ New England Patriots,1768767000000,Patriots,Texans,total_range,Total Points Range,G,,,,,,,False
Houston Texans @ New England Patriots,1768767000000,Patriots,Texans,total_range,Total Points Range,G,,,,,,,False
Houston Texans @ New England Patriots,1768767000000,Patriots,Texans,total_range,Total Points Range,G,,,,,,,False
Houston Texans @ New England Patriots,1768767000000,Patriots,Texans,total_range,Total Points Range,G,,,,,,,False
Houston Texans @ New England Patriots,1768767000000,Patriots,Texans,total_range,Total Points Range,G,,,,,,,False
Houston Texans @ New England Patriots,1768767000000,Patriots,Texans,total_range,Total Points Range,G,,,,,,,False
Houston Texans @ New England Patriots,1768767000000,Patriots,Texans,total_range,Total Points Range,G,,,,,,,False
Houston Texans @ New England Patriots,1768767000000,Patriots,Texans,total_range,Total Points Range,G,,,,,,,False
Houston Texans @ New England Patriots,1768767000000,Patriots,Texans,total_range,Total Points Range,G,,,,,,,False
Houston Texans @ New England Patriots,1768767000000,Patriots,Texans,total_range,Total Points Range,G,,,,,,,False
Houston Texans @ New England Patriots,1768767000000,Patriots,Texans,total_range,Total Points Range,G,,,,,,,False
Houston Texans @ New England Patriots,1768767000000,Patriots,Texans,total_range,Total Points Range,G,,,,,,,False
Houston Texans @ New England Patriots,1768767000000,Patriots,Texans,total_range,Total Points Range,G,,,,,,,False
Houston Texans @ New England Patriots,1768767000000,Patriots,Texans,total_range,Total Points Range,G,,,,,,,False
Houston Texans @ New England Patriots,1768767000000,Patriots,Texans,total_range,Total Points Range,G,,,,,,,False
Houston Texans @ New England Patriots,1768767000000,Patriots,Texans,total_range,Total Points Range,G,,,,,,,False
Houston Texans @ New England Patriots,1768767000000,Patriots,Texans,total_range,Total Points Range,G,,,,,,,False
Houston Texans @ New England Patriots,1768767000000,Patriots,Texans,total_range,Total Points Range,G,,,,,,,False
Houston Texans @ New England Patriots,1768767000000,Patriots,Texans,total_range,Total Points Range,G,,,,,,,False
Houston Texans @ New England Patriots,1768767000000,Patriots,Texans,total_range,Total Points Range,G,,,,,,,False
Houston Texans @ New England Patriots,1768767000000,Patriots,Texans,ht_ft,Half Time / Full Time,G,,,,,,,False
Houston Texans @ New England Patriots,1768767000000,Patriots,Texans,ht_ft,Half Time / Full Time,G,,,,,,,False
Houston Texans @ New England Patriots,1768767000000,Patriots,Texans,ht_ft,Half Time / Full Time,G,,,,,,,False
Houston Texans @ New England Patriots,1768767000000,Patriots,Texans,ht_ft,Half Time / Full Time,G,,,,,,,False
Houston Texans @ New England Patriots,1768767000000,Patriots,Texans,ht_ft,Half Time / Full Time,G,,,,,,,False
Houston Texans @ New England Patriots,1768767000000,Patriots,Texans,ht_ft,Half Time / Full Time,G,,,,,,,False
Houston Texans @ New England Patriots,1768767000000,Patriots,Texans,ht_ft,Half Time / Full Time,G,,,,,,,False
Houston Texans @ New England Patriots,1768767000000,Patriots,Texans,ht_ft,Half Time / Full Time,G,,,,,,,False
Houston Texans @ New England Patriots,1768767000000,Patriots,Texans,ht_ft,Half Time / Full Time,G,,,,,,,False
Houston Texans @ New England Patriots,1768767000000,Patriots,Texans,double_chance,Double Chance,G,,,,,,,False
Houston Texans @ New England Patriots,1768767000000,Patriots,Texans,double_chance,Double Chance,G,,,,,,,False
Houston Texans @ New England Patriots,1768767000000,Patriots,Texans,double_chance,Double Chance,G,,,,,,,False
Houston Texans @ New England Patriots,1768767000000,Patriots,Texans,double_chance,Double Chance,G,,,,,,,False
Houston Texans @ New England Patriots,1768767000000,Patriots,Texans,double_chance,Double Chance,G,,,,,,,False
Houston Texans @ New England Patriots,1768767000000,Patriots,Texans,double_chance,Double Chance,G,,,,,,,False
Houston Texans @ New England Patriots,1768767000000,Patriots,Texans,win_to_nil,To Win and Allow 0 Points,G,away,,,,,,False
Houston Texans @ New England Patriots,1768767000000,Patriots,Texans,win_to_nil,To Win and Allow 0 Points,G,home,,,,,,False
Houston Texans @ New England Patriots,1768767000000,Patriots,Texans,win_to_nil,To Win and Allow 0 Points,G,away,,,,,,False
Houston Texans @ New England Patriots,1768767000000,Patriots,Texans,win_to_nil,To Win and Allow 0 Points,G,home,,,,,,False
Houston Texans @ New England Patriots,1768767000000,Patriots,Texans,win_to_nil,To Win and Allow 0 Points,G,away,,,,,,False
Houston Texans @ New England Patriots,1768767000000,Patriots,Texans,win_to_nil,To Win and Allow 0 Points,G,home,,,,,,False
Houston Texans @ New England Patriots,1768767000000,Patriots,Texans,odd_even,Odd/Even Total Points,G,,,,,,,False
Houston Texans @ New England Patriots,1768767000000,Patriots,Texans,odd_even,Odd/Even Total Points,G,,,,,,,False
Houston Texans @ New England Patriots,1768767000000,Patriots,Texans,odd_even,Odd/Even Total Points,G,,,,,,,False
Houston Texans @ New England Patriots,1768767000000,Patriots,Texans,odd_even,Odd/Even Total Points,G,,,,,,,False
Houston Texans @ New England Patriots,1768767000000,Patriots,Texans,odd_even,Odd/Even Total Points,G,,,,,,,False
Houston Texans @ New England Patriots,1768767000000,Patriots,Texans,odd_even,Odd/Even Total Points,G,,,,,,,False
Houston Texans @ New England Patriots,1768767000000,Patriots,Texans,overtime,Will the game go to Overtime?,G,,,,,,,False
Houston Texans @ New England Patriots,1768767000000,Patriots,Texans,overtime,Will the game go to Overtime?,G,,,,,,,False
Houston Texans @ New England Patriots,1768767000000,Patriots,Texans,race_to_points,Race To 10,G,away,,,,,,False
Houston Texans @ New England Patriots,1768767000000,Patriots,Texans,race_to_points,Race To 10,G,home,,,,,,False
Houston Texans @ New England Patriots,1768767000000,Patriots,Texans,race_to_points,Race To 15,G,away,,,,,,False
Houston Texans @ New England Patriots,1768767000000,Patriots,Texans,race_to_points,Race To 15,G,home,,,,,,False
Houston Texans @ New England Patriots,1768767000000,Patriots,Texans,race_to_points,Race To 5,G,away,,,,,,False
Houston Texans @ New England Patriots,1768767000000,Patriots,Texans,race_to_points,Race To 5,G,home,,,,,,False
Houston Texans @ New England Patriots,1768767000000,Patriots,Texans,btts_points,Both teams to score 10 or more points?,G,,,,,,,False
Houston Texans @ New England Patriots,1768767000000,Patriots,Texans,btts_points,Both teams to score 10 or more points?,G,,,,,,,False
Houston Texans @ New England Patriots,1768767000000,Patriots,Texans,btts_points,Both teams to score 13 or more points?,G,,,,,,,False
Houston Texans @ New England Patriots,1768767000000,Patriots,Texans,btts_points,Both teams to score 13 or more points?,G,,,,,,,False
Houston Texans @ New England Patriots,1768767000000,Patriots,Texans,btts_points,Both teams to score 14 or more points?,G,,,,,,,False
Houston Texans @ New England Patriots,1768767000000,Patriots,Texans,btts_points,Both teams to score 14 or more points?,G,,,,,,,False
Houston Texans @ New England Patriots,1768767000000,Patriots,Texans,btts_points,Both teams to score 17 or more points?,G,,,,,,,False
Houston Texans @ New England Patriots,1768767000000,Patriots,Texans,btts_points,Both teams to score 17 or more points?,G,,,,,,,False
Houston Texans @ New England Patriots,1768767000000,Patriots,Texans,btts_points,Both teams to score 21 or more points?,G,,,,,,,False
Houston Texans @ New England Patriots,1768767000000,Patriots,Texans,btts_points,Both teams to score 21 or more points?,G,,,,,,,False
Houston Texans @ New England Patriots,1768767000000,Patriots,Texans,btts_points,Both teams to score 24 or more points?,G,,,,,,,False
Houston Texans @ New England Patriots,1768767000000,Patriots,Texans,btts_points,Both teams to score 24 or more points?,G,,,,,,,False
Houston Texans @ New England Patriots,1768767000000,Patriots,Texans,btts_points,Both teams to score 27 or more points?,G,,,,,,,False
Houston Texans @ New England Patriots,1768767000000,Patriots,Texans,btts_points,Both teams to score 27 or more points?,G,,,,,,,False
Houston Texans @ New England Patriots,1768767000000,Patriots,Texans,btts_points,Both teams to score 30 or more points?,G,,,,,,,False
Houston Texans @ New England Patriots,1768767000000,Patriots,Texans,btts_points,Both teams to score 30 or more points?,G,,,,,,,False
Houston Texans @ New England Patriots,1768767000000,Patriots,Texans,btts_points,Both teams to score 34 or more points?,G,,,,,,,False
Houston Texans @ New England Patriots,1768767000000,Patriots,Texans,btts_points,Both teams to score 34 or more points?,G,,,,,,,False
Houston Texans @ New England Patriots,1768767000000,Patriots,Texans,btts_points,Both teams to score 10 or more points?,G,,,,,,,False
Houston Texans @ New England Patriots,1768767000000,Patriots,Texans,btts_points,Both teams to score 10 or more points?,G,,,,,,,False
Houston Texans @ New England Patriots,1768767000000,Patriots,Texans,btts_points,Both teams to score 14 or more points?,G,,,,,,,False
Houston Texans @ New England Patriots,1768767000000,Patriots,Texans,btts_points,Both teams to score 14 or more points?,G,,,,,,,False
Houston Texans @ New England Patriots,1768767000000,Patriots,Texans,btts_points,Both teams to score 17 or more points?,G,,,,,,,False
Houston Texans @ New England Patriots,1768767000000,Patriots,Texans,btts_points,Both teams to score 17 or more points?,G,,,,,,,False
Houston Texans @ New England Patriots,1768767000000,Patriots,Texans,btts_points,Both teams to score 7 or more points?,G,,,,,,,False
Houston Texans @ New England Patriots,1768767000000,Patriots,Texans,btts_points,Both teams to score 7 or more points?,G,,,,,,,False
Houston Texans @ New England Patriots,1768767000000,Patriots,Texans,btts_points,Both teams to score 10 or more points?,G,,,,,,,False
Houston Texans @ New England Patriots,1768767000000,Patriots,Texans,btts_points,Both teams to score 10 or more points?,G,,,,,,,False
Houston Texans @ New England Patriots,1768767000000,Patriots,Texans,btts_points,Both teams to score 7 or more points?,G,,,,,,,False
Houston Texans @ New England Patriots,1768767000000,Patriots,Texans,btts_points,Both teams to score 7 or more points?,G,,,,,,,False
Houston Texans @ New England Patriots,1768767000000,Patriots,Texans,btts_points,Both Teams to Score 10 or more Points and Winner,G,,,,,,,False
Houston Texans @ New England Patriots,1768767000000,Patriots,Texans,btts_points,Both Teams to Score 10 or more Points and Winner,G,,,,,,,False
Houston Texans @ New England Patriots,1768767000000,Patriots,Texans,btts_points,Both Teams to Score 15 or more Points and Winner,G,,,,,,,False
Houston Texans @ New England Patriots,1768767000000,Patriots,Texans,btts_points,Both Teams to Score 15 or more Points and Winner,G,,,,,,,False
Houston Texans @ New England Patriots,1768767000000,Patriots,Texans,btts_points,Both Teams to Score 20 or more Points and Winner,G,,,,,,,False
Houston Texans @ New England Patriots,1768767000000,Patriots,Texans,btts_points,Both Teams to Score 20 or more Points and Winner,G,,,,,,,False
Houston Texans @ New England Patriots,1768767000000,Patriots,Texans,btts_points,Both Teams to Score 25 or more Points and Winner,G,,,,,,,False
Houston Texans @ New England Patriots,1768767000000,Patriots,Texans,btts_points,Both Teams to Score 25 or more Points and Winner,G,,,,,,,False
Houston Texans @ New England Patriots,1768767000000,Patriots,Texans,btts_points,Both Teams to Score 30 or more Points and Winner,G,,,,,,,False
Houston Texans @ New England Patriots,1768767000000,Patriots,Texans,btts_points,Both Teams to Score 30 or more Points and Winner,G,,,,,,,False
Houston Texans @ New England Patriots,1768767000000,Patriots,Texans,btts_points,Both Teams to Score 10 or more Points and Winner,G,,,,,,,False
Houston Texans @ New England Patriots,1768767000000,Patriots,Texans,btts_points,Both Teams to Score 10 or more Points and Winner,G,,,,,,,False
Houston Texans @ New England Patriots,1768767000000,Patriots,Texans,btts_points,Both Teams to Score 14 or more Points and Winner,G,,,,,,,False
Houston Texans @ New England Patriots,1768767000000,Patriots,Texans,btts_points,Both Teams to Score 14 or more Points and Winner,G,,,,,,,False
Houston Texans @ New England Patriots,1768767000000,Patriots,Texans,btts_points,Both Teams to Score 17 or more Points and Winner,G,,,,,,,False
Houston Texans @ New England Patriots,1768767000000,Patriots,Texans,btts_points,Both Teams to Score 17 or more Points and Winner,G,,,,,,,False
Houston Texans @ New England Patriots,1768767000000,Patriots,Texans,btts_points,Both Teams to Score 7 or more Points and Winner,G,,,,,,,False
Houston Texans @ New England Patriots,1768767000000,Patriots,Texans,btts_points,Both Teams to Score 7 or more Points and Winner,G,,,,,,,False
Houston Texans @ New England Patriots,1768767000000,Patriots,Texans,btts_points,Both Teams to Score 10 or more Points and Winner,G,,,,,,,False
Houston Texans @ New England Patriots,1768767000000,Patriots,Texans,btts_points,Both Teams to Score 10 or more Points and Winner,G,,,,,,,False
Houston Texans @ New England Patriots,1768767000000,Patriots,Texans,btts_points,Both Teams to Score 3 or more Points and Winner,G,,,,,,,False
Houston Texans @ New England Patriots,1768767000000,Patriots,Texans,btts_points,Both Teams to Score 3 or more Points and Winner,G,,,,,,,False
Houston Texans @ New England Patriots,1768767000000,Patriots,Texans,btts_points,Both Teams to Score 7 or more Points and Winner,G,,,,,,,False
Houston Texans @ New England Patriots,1768767000000,Patriots,Texans,btts_points,Both Teams to Score 7 or more Points and Winner,G,,,,,,,False
Los Angeles Rams @ Chicago Bears,1768779000000,Bears,Rams,moneyline,Moneyline,G,,,,,,,False
Los Angeles Rams @ Chicago Bears,1768779000000,Bears,Rams,moneyline,Moneyline,G,,,,,,,False
Los Angeles Rams @ Chicago Bears,1768779000000,Bears,Rams,moneyline,Moneyline,G,,,,,,,False
Los Angeles Rams @ Chicago Bears,1768779000000,Bears,Rams,moneyline,Moneyline,G,,,,,,,False
Los Angeles Rams @ Chicago Bears,1768779000000,Bears,Rams,moneyline,Moneyline,G,,,,,,,False
Los Angeles Rams @ Chicago Bears,1768779000000,Bears,Rams,alt_total,Total Points,G,,39.5,,,-410.0,280.0,True
Los Angeles Rams @ Chicago Bears,1768779000000,Bears,Rams,alt_total,Total Points,G,,40.5,,,-340.0,240.0,True
Los Angeles Rams @ Chicago Bears,1768779000000,Bears,Rams,alt_total,Total Points,G,,41.5,,,-300.0,215.0,True
Los Angeles Rams @ Chicago Bears,1768779000000,Bears,Rams,alt_total,Total Points,G,,42.5,,,-275.0,200.0,True
Los Angeles Rams @ Chicago Bears,1768779000000,Bears,Rams,alt_total,Total Points,G,,43.5,,,-220.0,165.0,True
Los Angeles Rams @ Chicago Bears,1768779000000,Bears,Rams,alt_total,Total Points,G,,44.5,,,-190.0,145.0,True
Los Angeles Rams @ Chicago Bears,1768779000000,Bears,Rams,alt_total,Total Points,G,,45.5,,,-170.0,130.0,True
Los Angeles Rams @ Chicago Bears,1768779000000,Bears,Rams,alt_total,Total Points,G,,46.5,,,-160.0,120.0,True
Los Angeles Rams @ Chicago Bears,1768779000000,Bears,Rams,alt_total,Total Points,G,,47.0,,,-145.0,110.0,True
Los Angeles Rams @ Chicago Bears,1768779000000,Bears,Rams,alt_total,Total Points,G,,47.5,,,-135.0,105.0,True
Los Angeles Rams @ Chicago Bears,1768779000000,Bears,Rams,alt_total,Total Points,G,,48.0,,,-130.0,,True
Los Angeles Rams @ Chicago Bears,1768779000000,Bears,Rams,alt_total,Total Points,G,,48.5,,,-120.0,-110.0,True
Los Angeles Rams @ Chicago Bears,1768779000000,Bears,Rams,alt_total,Total Points,G,,49.5,,,-110.0,-120.0,True
Los Angeles Rams @ Chicago Bears,1768779000000,Bears,Rams,alt_total,Total Points,G,,50.0,,,,-130.0,True
Los Angeles Rams @ Chicago Bears,1768779000000,Bears,Rams,alt_total,Total Points,G,,50.5,,,105.0,-135.0,True
Los Angeles Rams @ Chicago Bears,1768779000000,Bears,Rams,alt_total,Total Points,G,,51.0,,,115.0,-150.0,True
Los Angeles Rams @ Chicago Bears,1768779000000,Bears,Rams,alt_total,Total Points,G,,51.5,,,120.0,-160.0,True
Los Angeles Rams @ Chicago Bears,1768779000000,Bears,Rams,alt_total,Total Points,G,,52.5,,,135.0,-180.0,True
Los Angeles Rams @ Chicago Bears,1768779000000,Bears,Rams,alt_total,Total Points,G,,53.5,,,150.0,-200.0,True
Los Angeles Rams @ Chicago Bears,1768779000000,Bears,Rams,alt_total,Total Points,G,,54.5,,,170.0,-230.0,True
Los Angeles Rams @ Chicago Bears,1768779000000,Bears,Rams,alt_total,Total Points,G,,55.5,,,190.0,-260.0,True
Los Angeles Rams @ Chicago Bears,1768779000000,Bears,Rams,alt_total,Total Points,G,,56.5,,,210.0,-290.0,True
Los Angeles Rams @ Chicago Bears,1768779000000,Bears,Rams,alt_total,Total Points,G,,57.5,,,240.0,-340.0,True
Los Angeles Rams @ Chicago Bears,1768779000000,Bears,Rams,alt_total,Total Points,G,,58.5,,,275.0,-400.0,True
Los Angeles Rams @ Chicago Bears,1768779000000,Bears,Rams,alt_total,Total Points - Chicago Bears,G,,22.5,,,-115.0,-115.0,True
Los Angeles Rams @ Chicago Bears,1768779000000,Bears,Rams,alt_total,Total Points - Los Angeles Rams,G,,27.5,,,-110.0,-120.0,True
Los Angeles Rams @ Chicago Bears,1768779000000,Bears,Rams,alt_total,Total Points,G,,22.5,,,-160.0,120.0,True
Los Angeles Rams @ Chicago Bears,1768779000000,Bears,Rams,alt_total,Total Points,G,,23.0,,,-145.0,110.0,True
Los Angeles Rams @ Chicago Bears,1768779000000,Bears,Rams,alt_total,Total Points,G,,23.5,,,-130.0,,True
Los Angeles Rams @ Chicago Bears,1768779000000,Bears,Rams,alt_total,Total Points,G,,24.5,,,105.0,-135.0,True
Los Angeles Rams @ Chicago Bears,1768779000000,Bears,Rams,alt_total,Total Points,G,,25.5,,,105.0,-135.0,True
Los Angeles Rams @ Chicago Bears,1768779000000,Bears,Rams,alt_total,Total Points,G,,26.0,,,110.0,-145.0,True
Los Angeles Rams @ Chicago Bears,1768779000000,Bears,Rams,alt_total,Total Points - Chicago Bears,G,,10.5,,,-105.0,-125.0,True
Los Angeles Rams @ Chicago Bears,1768779000000,Bears,Rams,alt_total,Total Points - Los Angeles Rams,G,,13.5,,,-115.0,-115.0,True
Los Angeles Rams @ Chicago Bears,1768779000000,Bears,Rams,alt_total,Total Points - Chicago Bears,G,,3.5,,,105.0,-135.0,True
Los Angeles Rams @ Chicago Bears,1768779000000,Bears,Rams,alt_total,Total Points - Los Angeles Rams,G,,6.5,,,-110.0,-120.0,True
Los Angeles Rams @ Chicago Bears,1768779000000,Bears,Rams,spread_total_combo,Point Spread 1.5 and O/U 43.5 Points,G,home,,,,,,False
Los Angeles Rams @ Chicago Bears,1768779000000,Bears,Rams,spread_total_combo,Point Spread 1.5 and O/U 43.5 Points,G,away,,,,,,False
Los Angeles Rams @ Chicago Bears,1768779000000,Bears,Rams,spread_total_combo,Point Spread 1.5 and O/U 43.5 Points,G,home,,,,,,False
Los Angeles Rams @ Chicago Bears,1768779000000,Bears,Rams,spread_total_combo,Point Spread 1.5 and O/U 43.5 Points,G,away,,,,,,False
Los Angeles Rams @ Chicago Bears,1768779000000,Bears,Rams,spread_total_combo,Point Spread 1.5 and O/U 49.5 Points,G,home,,,,,,False
Los Angeles Rams @ Chicago Bears,1768779000000,Bears,Rams,spread_total_combo,Point Spread 1.5 and O/U 49.5 Points,G,away,,,,,,False
Los Angeles Rams @ Chicago Bears,1768779000000,Bears,Rams,spread_total_combo,Point Spread 1.5 and O/U 49.5 Points,G,home,,,,,,False
Los Angeles Rams @ Chicago Bears,1768779000000,Bears,Rams,spread_total_combo,Point Spread 1.5 and O/U 49.5 Points,G,away,,,,,,False
Los Angeles Rams @ Chicago Bears,1768779000000,Bears,Rams,spread_total_combo,Point Spread 1.5 and O/U 55.5 Points,G,home,,,,,,False
Los Angeles Rams @ Chicago Bears,1768779000000,Bears,Rams,spread_total_combo,Point Spread 1.5 and O/U 55.5 Points,G,away,,,,,,False
Los Angeles Rams @ Chicago Bears,1768779000000,Bears,Rams,spread_total_combo,Point Spread 1.5 and O/U 55.5 Points,G,home,,,,,,False
Los Angeles Rams @ Chicago Bears,1768779000000,Bears,Rams,spread_total_combo,Point Spread 1.5 and O/U 55.5 Points,G,away,,,,,,False
Los Angeles Rams @ Chicago Bears,1768779000000,Bears,Rams,spread_total_combo,Point Spread 3.5 and O/U 43.5 Points,G,home,,,,,,False
Los Angeles Rams @ Chicago Bears,1768779000000,Bears,Rams,spread_total_combo,Point Spread 3.5 and O/U 43.5 Points,G,away,,,,,,False
Los Angeles Rams @ Chicago Bears,1768779000000,Bears,Rams,spread_total_combo,Point Spread 3.5 and O/U 43.5 Points,G,home,,,,,,False
Los Angeles Rams @ Chicago Bears,1768779000000,Bears,Rams,spread_total_combo,Point Spread 3.5 and O/U 43.5 Points,G,away,,,,,,False
Los Angeles Rams @ Chicago Bears,1768779000000,Bears,Rams,spread_total_combo,Point Spread 3.5 and O/U 49.5 Points,G,home,,,,,,False
Los Angeles Rams @ Chicago Bears,1768779000000,Bears,Rams,spread_total_combo,Point Spread 3.5 and O/U 49.5 Points,G,away,,,,,,False
Los Angeles Rams @ Chicago Bears,1768779000000,Bears,Rams,spread_total_combo,Point Spread 3.5 and O/U 49.5 Points,G,home,,,,,,False
Los Angeles Rams @ Chicago Bears,1768779000000,Bears,Rams,spread_total_combo,Point Spread 3.5 and O/U 49.5 Points,G,away,,,,,,False
Los Angeles Rams @ Chicago Bears,1768779000000,Bears,Rams,spread_total_combo,Point Spread 3.5 and O/U 55.5 Points,G,home,,,,,,False
Los Angeles Rams @ Chicago Bears,1768779000000,Bears,Rams,spread_total_combo,Point Spread 3.5 and O/U 55.5 Points,G,away,,,,,,False
Los Angeles Rams @ Chicago Bears,1768779000000,Bears,Rams,spread_total_combo,Point Spread 3.5 and O/U 55.5 Points,G,home,,,,,,False
Los Angeles Rams @ Chicago Bears,1768779000000,Bears,Rams,spread_total_combo,Point Spread 3.5 and O/U 55.5 Points,G,away,,,,,,False
Los Angeles Rams @ Chicago Bears,1768779000000,Bears,Rams,spread_total_combo,Point Spread 6.5 and O/U 43.5 Points,G,home,,,,,,False
Los Angeles Rams @ Chicago Bears,1768779000000,Bears,Rams,spread_total_combo,Point Spread 6.5 and O/U 43.5 Points,G,away,,,,,,False
Los Angeles Rams @ Chicago Bears,1768779000000,Bears,Rams,spread_total_combo,Point Spread 6.5 and O/U 43.5 Points,G,home,,,,,,False
Los Angeles Rams @ Chicago Bears,1768779000000,Bears,Rams,spread_total_combo,Point Spread 6.5 and O/U 43.5 Points,G,away,,,,,,False
Los Angeles Rams @ Chicago Bears,1768779000000,Bears,Rams,spread_total_combo,Point Spread 6.5 and O/U 49.5 Points,G,home,,,,,,False
Los Angeles Rams @ Chicago Bears,1768779000000,Bears,Rams,spread_total_combo,Point Spread 6.5 and O/U 49.5 Points,G,away,,,,,,False
Los Angeles Rams @ Chicago Bears,1768779000000,Bears,Rams,spread_total_combo,Point Spread 6.5 and O/U 49.5 Points,G,home,,,,,,False
Los Angeles Rams @ Chicago Bears,1768779000000,Bears,Rams,spread_total_combo,Point Spread 6.5 and O/U 49.5 Points,G,away,,,,,,False
Los Angeles Rams @ Chicago Bears,1768779000000,Bears,Rams,spread_total_combo,Point Spread 6.5 and O/U 55.5 Points,G,home,,,,,,False
Los Angeles Rams @ Chicago Bears,1768779000000,Bears,Rams,spread_total_combo,Point Spread 6.5 and O/U 55.5 Points,G,away,,,,,,False
Los Angeles Rams @ Chicago Bears,1768779000000,Bears,Rams,spread_total_combo,Point Spread 6.5 and O/U 55.5 Points,G,home,,,,,,False
Los Angeles Rams @ Chicago Bears,1768779000000,Bears,Rams,spread_total_combo,Point Spread 6.5 and O/U 55.5 Points,G,away,,,,,,False
Los Angeles Rams @ Chicago Bears,1768779000000,Bears,Rams,spread_total_combo,Point Spread 1.5 and O/U 20.5 Points,G,home,,,,,,False
Los Angeles Rams @ Chicago Bears,1768779000000,Bears,Rams,spread_total_combo,Point Spread 1.5 and O/U 20.5 Points,G,away,,,,,,False
Los Angeles Rams @ Chicago Bears,1768779000000,Bears,Rams,spread_total_combo,Point Spread 1.5 and O/U 20.5 Points,G,home,,,,,,False
Los Angeles Rams @ Chicago Bears,1768779000000,Bears,Rams,spread_total_combo,Point Spread 1.5 and O/U 20.5 Points,G,away,,,,,,False
Los Angeles Rams @ Chicago Bears,1768779000000,Bears,Rams,spread_total_combo,Point Spread 1.5 and O/U 24.5 Points,G,home,,,,,,False
Los Angeles Rams @ Chicago Bears,1768779000000,Bears,Rams,spread_total_combo,Point Spread 1.5 and O/U 24.5 Points,G,away,,,,,,False
Los Angeles Rams @ Chicago Bears,1768779000000,Bears,Rams,spread_total_combo,Point Spread 1.5 and O/U 24.5 Points,G,home,,,,,,False
Los Angeles Rams @ Chicago Bears,1768779000000,Bears,Rams,spread_total_combo,Point Spread 1.5 and O/U 24.5 Points,G,away,,,,,,False
Los Angeles Rams @ Chicago Bears,1768779000000,Bears,Rams,spread_total_combo,Point Spread 1.5 and O/U 28.5 Points,G,home,,,,,,False
Los Angeles Rams @ Chicago Bears,1768779000000,Bears,Rams,spread_total_combo,Point Spread 1.5 and O/U 28.5 Points,G,away,,,,,,False
Los Angeles Rams @ Chicago Bears,1768779000000,Bears,Rams,spread_total_combo,Point Spread 1.5 and O/U 28.5 Points,G,home,,,,,,False
Los Angeles Rams @ Chicago Bears,1768779000000,Bears,Rams,spread_total_combo,Point Spread 1.5 and O/U 28.5 Points,G,away,,,,,,False
Los Angeles Rams @ Chicago Bears,1768779000000,Bears,Rams,spread_total_combo,Point Spread 2.5 and O/U 20.5 Points,G,home,,,,,,False
Los Angeles Rams @ Chicago Bears,1768779000000,Bears,Rams,spread_total_combo,Point Spread 2.5 and O/U 20.5 Points,G,away,,,,,,False
Los Angeles Rams @ Chicago Bears,1768779000000,Bears,Rams,spread_total_combo,Point Spread 2.5 and O/U 20.5 Points,G,home,,,,,,False
Los Angeles Rams @ Chicago Bears,1768779000000,Bears,Rams,spread_total_combo,Point Spread 2.5 and O/U 20.5 Points,G,away,,,,,,False
Los Angeles Rams @ Chicago Bears,1768779000000,Bears,Rams,spread_total_combo,Point Spread 2.5 and O/U 24.5 Points,G,home,,,,,,False
Los Angeles Rams @ Chicago Bears,1768779000000,Bears,Rams,spread_total_combo,Point Spread 2.5 and O/U 24.5 Points,G,away,,,,,,False
Los Angeles Rams @ Chicago Bears,1768779000000,Bears,Rams,spread_total_combo,Point Spread 2.5 and O/U 24.5 Points,G,home,,,,,,False
Los Angeles Rams @ Chicago Bears,1768779000000,Bears,Rams,spread_total_combo,Point Spread 2.5 and O/U 24.5 Points,G,away,,,,,,False
Los Angeles Rams @ Chicago Bears,1768779000000,Bears,Rams,spread_total_combo,Point Spread 2.5 and O/U 28.5 Points,G,home,,,,,,False
Los Angeles Rams @ Chicago Bears,1768779000000,Bears,Rams,spread_total_combo,Point Spread 2.5 and O/U 28.5 Points,G,away,,,,,,False
Los Angeles Rams @ Chicago Bears,1768779000000,Bears,Rams,spread_total_combo,Point Spread 2.5 and O/U 28.5 Points,G,home,,,,,,False
Los Angeles Rams @ Chicago Bears,1768779000000,Bears,Rams,spread_total_combo,Point Spread 2.5 and O/U 28.5 Points,G,away,,,,,,False
Los Angeles Rams @ Chicago Bears,1768779000000,Bears,Rams,spread_total_combo,Point Spread 4.5 and O/U 20.5 Points,G,home,,,,,,False
Los Angeles Rams @ Chicago Bears,1768779000000,Bears,Rams,spread_total_combo,Point Spread 4.5 and O/U 20.5 Points,G,away,,,,,,False
Los Angeles Rams @ Chicago Bears,1768779000000,Bears,Rams,spread_total_combo,Point Spread 4.5 and O/U 20.5 Points,G,home,,,,,,False
Los Angeles Rams @ Chicago Bears,1768779000000,Bears,Rams,spread_total_combo,Point Spread 4.5 and O/U 20.5 Points,G,away,,,,,,False
Los Angeles Rams @ Chicago Bears,1768779000000,Bears,Rams,spread_total_combo,Point Spread 4.5 and O/U 24.5 Points,G,home,,,,,,False
Los Angeles Rams @ Chicago Bears,1768779000000,Bears,Rams,spread_total_combo,Point Spread 4.5 and O/U 24.5 Points,G,away,,,,,,False
Los Angeles Rams @ Chicago Bears,1768779000000,Bears,Rams,spread_total_combo,Point Spread 4.5 and O/U 24.5 Points,G,home,,,,,,False
Los Angeles Rams @ Chicago Bears,1768779000000,Bears,Rams,spread_total_combo,Point Spread 4.5 and O/U 24.5 Points,G,away,,,,,,False
Los Angeles Rams @ Chicago Bears,1768779000000,Bears,Rams,spread_total_combo,Point Spread 4.5 and O/U 28.5 Points,G,home,,,,,,False
Los Angeles Rams @ Chicago Bears,1768779000000,Bears,Rams,spread_total_combo,Point Spread 4.5 and O/U 28.5 Points,G,away,,,,,,False
Los Angeles Rams @ Chicago Bears,1768779000000,Bears,Rams,spread_total_combo,Point Spread 4.5 and O/U 28.5 Points,G,home,,,,,,False
Los Angeles Rams @ Chicago Bears,1768779000000,Bears,Rams,spread_total_combo,Point Spread 4.5 and O/U 28.5 Points,G,away,,,,,,False
Los Angeles Rams @ Chicago Bears,1768779000000,Bears,Rams,spread_total_combo,Point Spread -1.5 and O/U 12.5 Points,G,home,,,,,,False
Los Angeles Rams @ Chicago Bears,1768779000000,Bears,Rams,spread_total_combo,Point Spread -1.5 and O/U 12.5 Points,G,away,,,,,,False
Los Angeles Rams @ Chicago Bears,1768779000000,Bears,Rams,spread_total_combo,Point Spread -1.5 and O/U 12.5 Points,G,home,,,,,,False
Los Angeles Rams @ Chicago Bears,1768779000000,Bears,Rams,spread_total_combo,Point Spread -1.5 and O/U 12.5 Points,G,away,,,,,,False
Los Angeles Rams @ Chicago Bears,1768779000000,Bears,Rams,spread_total_combo,Point Spread -1.5 and O/U 6.5 Points,G,home,,,,,,False
Los Angeles Rams @ Chicago Bears,1768779000000,Bears,Rams,spread_total_combo,Point Spread -1.5 and O/U 6.5 Points,G,away,,,,,,False
Los Angeles Rams @ Chicago Bears,1768779000000,Bears,Rams,spread_total_combo,Point Spread -1.5 and O/U 6.5 Points,G,home,,,,,,False
Los Angeles Rams @ Chicago Bears,1768779000000,Bears,Rams,spread_total_combo,Point Spread -1.5 and O/U 6.5 Points,G,away,,,,,,False
Los Angeles Rams @ Chicago Bears,1768779000000,Bears,Rams,spread_total_combo,Point Spread -1.5 and O/U 9.5 Points,G,home,,,,,,False
Los Angeles Rams @ Chicago Bears,1768779000000,Bears,Rams,spread_total_combo,Point Spread -1.5 and O/U 9.5 Points,G,away,,,,,,False
Los Angeles Rams @ Chicago Bears,1768779000000,Bears,Rams,spread_total_combo,Point Spread -1.5 and O/U 9.5 Points,G,home,,,,,,False
Los Angeles Rams @ Chicago Bears,1768779000000,Bears,Rams,spread_total_combo,Point Spread -1.5 and O/U 9.5 Points,G,away,,,,,,False
Los Angeles Rams @ Chicago Bears,1768779000000,Bears,Rams,spread_total_combo,Point Spread 1.5 and O/U 12.5 Points,G,home,,,,,,False
Los Angeles Rams @ Chicago Bears,1768779000000,Bears,Rams,spread_total_combo,Point Spread 1.5 and O/U 12.5 Points,G,away,,,,,,False
Los Angeles Rams @ Chicago Bears,1768779000000,Bears,Rams,spread_total_combo,Point Spread 1.5 and O/U 12.5 Points,G,home,,,,,,False
Los Angeles Rams @ Chicago Bears,1768779000000,Bears,Rams,spread_total_combo,Point Spread 1.5 and O/U 12.5 Points,G,away,,,,,,False
Los Angeles Rams @ Chicago Bears,1768779000000,Bears,Rams,spread_total_combo,Point Spread 1.5 and O/U 6.5 Points,G,home,,,,,,False
Los Angeles Rams @ Chicago Bears,1768779000000,Bears,Rams,spread_total_combo,Point Spread 1.5 and O/U 6.5 Points,G,away,,,,,,False
Los Angeles Rams @ Chicago Bears,1768779000000,Bears,Rams,spread_total_combo,Point Spread 1.5 and O/U 6.5 Points,G,home,,,,,,False
Los Angeles Rams @ Chicago Bears,1768779000000,Bears,Rams,spread_total_combo,Point Spread 1.5 and O/U 6.5 Points,G,away,,,,,,False
Los Angeles Rams @ Chicago Bears,1768779000000,Bears,Rams,spread_total_combo,Point Spread 1.5 and O/U 9.5 Points,G,home,,,,,,False
Los Angeles Rams @ Chicago Bears,1768779000000,Bears,Rams,spread_total_combo,Point Spread 1.5 and O/U 9.5 Points,G,away,,,,,,False
Los Angeles Rams @ Chicago Bears,1768779000000,Bears,Rams,spread_total_combo,Point Spread 1.5 and O/U 9.5 Points,G,home,,,,,,False
Los Angeles Rams @ Chicago Bears,1768779000000,Bears,Rams,spread_total_combo,Point Spread 1.5 and O/U 9.5 Points,G,away,,,,,,False
Los Angeles Rams @ Chicago Bears,1768779000000,Bears,Rams,winning_margin,Winning Margin,G,,,,,,,False
Los Angeles Rams @ Chicago Bears,1768779000000,Bears,Rams,winning_margin,Winning Margin,G,home,,,,,,False
Los Angeles Rams @ Chicago Bears,1768779000000,Bears,Rams,winning_margin,Winning Margin,G,away,,,,,,False
Los Angeles Rams @ Chicago Bears,1768779000000,Bears,Rams,winning_margin,Winning Margin,G,home,,,,,,False
Los Angeles Rams @ Chicago Bears,1768779000000,Bears,Rams,winning_margin,Winning Margin,G,away,,,,,,False
Los Angeles Rams @ Chicago Bears,1768779000000,Bears,Rams,winning_margin,Winning Margin,G,home,,,,,,False
Los Angeles Rams @ Chicago Bears,1768779000000,Bears,Rams,winning_margin,Winning Margin,G,away,,,,,,False
Los Angeles Rams @ Chicago Bears,1768779000000,Bears,Rams,winning_margin,Winning Margin,G,home,,,,,,False
Los Angeles Rams @ Chicago Bears,1768779000000,Bears,Rams,winning_margin,Winning Margin,G,away,,,,,,False
Los Angeles Rams @ Chicago Bears,1768779000000,Bears,Rams,winning_margin,Winning Margin,G,home,,,,,,False
Los Angeles Rams @ Chicago Bears,1768779000000,Bears,Rams,winning_margin,Winning Margin,G,away,,,,,,False
Los Angeles Rams @ Chicago Bears,1768779000000,Bears,Rams,winning_margin,Winning Margin,G,home,,,,,,False
Los Angeles Rams @ Chicago Bears,1768779000000,Bears,Rams,winning_margin,Winning Margin,G,away,,,,,,False
Los Angeles Rams @ Chicago Bears,1768779000000,Bears,Rams,winning_margin,Winning Margin,G,home,,,,,,False
Los Angeles Rams @ Chicago Bears,1768779000000,Bears,Rams,winning_margin,Winning Margin,G,away,,,,,,False
Los Angeles Rams @ Chicago Bears,1768779000000,Bears,Rams,winning_margin,Winning Margin,G,home,,,,,,False
Los Angeles Rams @ Chicago Bears,1768779000000,Bears,Rams,winning_margin,Winning Margin,G,away,,,,,,False
Los Angeles Rams @ Chicago Bears,1768779000000,Bears,Rams,winning_margin,Winning Margin,G,,,,,,,False
Los Angeles Rams @ Chicago Bears,1768779000000,Bears,Rams,winning_margin,Winning Margin,G,home,,,,,,False
Los Angeles Rams @ Chicago Bears,1768779000000,Bears,Rams,winning_margin,Winning Margin,G,away,,,,,,False
Los Angeles Rams @ Chicago Bears,1768779000000,Bears,Rams,winning_margin,Winning Margin,G,home,,,,,,False
Los Angeles Rams @ Chicago Bears,1768779000000,Bears,Rams,winning_margin,Winning Margin,G,away,,,,,,False
Los Angeles Rams @ Chicago Bears,1768779000000,Bears,Rams,winning_margin,Winning Margin,G,home,,,,,,False
Los Angeles Rams @ Chicago Bears,1768779000000,Bears,Rams,winning_margin,Winning Margin,G,away,,,,,,False
Los Angeles Rams @ Chicago Bears,1768779000000,Bears,Rams,winning_margin,Winning Margin,G,home,,,,,,False
Los Angeles Rams @ Chicago Bears,1768779000000,Bears,Rams,winning_margin,Winning Margin,G,away,,,,,,False
Los Angeles Rams @ Chicago Bears,1768779000000,Bears,Rams,winning_margin,Winning Margin,G,home,,,,,,False
Los Angeles Rams @ Chicago Bears,1768779000000,Bears,Rams,winning_margin,Winning Margin,G,away,,,,,,False
Los Angeles Rams @ Chicago Bears,1768779000000,Bears,Rams,winning_margin,Winning Margin,G,home,,,,,,False
Los Angeles Rams @ Chicago Bears,1768779000000,Bears,Rams,winning_margin,Winning Margin,G,away,,,,,,False
Los Angeles Rams @ Chicago Bears,1768779000000,Bears,Rams,winning_margin,Winning Margin,G,,,,,,,False
Los Angeles Rams @ Chicago Bears,1768779000000,Bears,Rams,winning_margin,Winning Margin,G,home,,,,,,False
Los Angeles Rams @ Chicago Bears,1768779000000,Bears,Rams,winning_margin,Winning Margin,G,away,,,,,,False
Los Angeles Rams @ Chicago Bears,1768779000000,Bears,Rams,winning_margin,Winning Margin,G,home,,,,,,False
Los Angeles Rams @ Chicago Bears,1768779000000,Bears,Rams,winning_margin,Winning Margin,G,away,,,,,,False
Los Angeles Rams @ Chicago Bears,1768779000000,Bears,Rams,winning_margin,Winning Margin,G,home,,,,,,False
Los Angeles Rams @ Chicago Bears,1768779000000,Bears,Rams,winning_margin,Winning Margin,G,away,,,,,,False
Los Angeles Rams @ Chicago Bears,1768779000000,Bears,Rams,winning_margin,Winning Margin,G,home,,,,,,False
Los Angeles Rams @ Chicago Bears,1768779000000,Bears,Rams,winning_margin,Winning Margin,G,away,,,,,,False
Los Angeles Rams @ Chicago Bears,1768779000000,Bears,Rams,winning_margin,Winning Margin,G,home,,,,,,False
Los Angeles Rams @ Chicago Bears,1768779000000,Bears,Rams,winning_margin,Winning Margin,G,away,,,,,,False
Los Angeles Rams @ Chicago Bears,1768779000000,Bears,Rams,winning_margin,Dynamic Winning Margin,G,,,,,,,False
Los Angeles Rams @ Chicago Bears,1768779000000,Bears,Rams,winning_margin,Dynamic Winning Margin,G,home,,,,,,False
Los Angeles Rams @ Chicago Bears,1768779000000,Bears,Rams,winning_margin,Dynamic Winning Margin,G,away,,,,,,False
Los Angeles Rams @ Chicago Bears,1768779000000,Bears,Rams,winning_margin,Dynamic Winning Margin,G,away,,,,,,False
Los Angeles Rams @ Chicago Bears,1768779000000,Bears,Rams,winning_margin,Dynamic Winning Margin,G,home,,,,,,False
Los Angeles Rams @ Chicago Bears,1768779000000,Bears,Rams,winning_margin,Dynamic Winning Margin,G,away,,,,,,False
Los Angeles Rams @ Chicago Bears,1768779000000,Bears,Rams,winning_margin,Dynamic Winning Margin,G,home,,,,,,False
Los Angeles Rams @ Chicago Bears,1768779000000,Bears,Rams,winning_margin,Dynamic Winning Margin,G,away,,,,,,False
Los Angeles Rams @ Chicago Bears,1768779000000,Bears,Rams,winning_margin,Dynamic Winning Margin,G,away,,,,,,False
Los Angeles Rams @ Chicago Bears,1768779000000,Bears,Rams,winning_margin,Dynamic Winning Margin,G,home,,,,,,False
Los Angeles Rams @ Chicago Bears,1768779000000,Bears,Rams,winning_margin,Dynamic Winning Margin,G,away,,,,,,False
Los Angeles Rams @ Chicago Bears,1768779000000,Bears,Rams,winning_margin,Dynamic Winning Margin,G,away,,,,,,False
Los Angeles Rams @ Chicago Bears,1768779000000,Bears,Rams,winning_margin,Dynamic Winning Margin,G,,,,,,,False
Los Angeles Rams @ Chicago Bears,1768779000000,Bears,Rams,winning_margin,Dynamic Winning Margin,G,away,,,,,,False
Los Angeles Rams @ Chicago Bears,1768779000000,Bears,Rams,winning_margin,Dynamic Winning Margin,G,home,,,,,,False
Los Angeles Rams @ Chicago Bears,1768779000000,Bears,Rams,winning_margin,Dynamic Winning Margin,G,away,,,,,,False
Los Angeles Rams @ Chicago Bears,1768779000000,Bears,Rams,winning_margin,Dynamic Winning Margin,G,home,,,,,,False
Los Angeles Rams @ Chicago Bears,1768779000000,Bears,Rams,winning_margin,Dynamic Winning Margin,G,away,,,,,,False
Los Angeles Rams @ Chicago Bears,1768779000000,Bears,Rams,winning_margin,Dynamic Winning Margin,G,home,,,,,,False
Los Angeles Rams @ Chicago Bears,1768779000000,Bears,Rams,winning_margin,Dynamic Winning Margin,G,away,,,,,,False
Los Angeles Rams @ Chicago Bears,1768779000000,Bears,Rams,winning_margin,Dynamic Winning Margin,G,away,,,,,,False
Los Angeles Rams @ Chicago Bears,1768779000000,Bears,Rams,winning_margin,Dynamic Winning Margin,G,,,,,,,False
Los Angeles Rams @ Chicago Bears,1768779000000,Bears,Rams,winning_margin,Dynamic Winning Margin,G,home,,,,,,False
Los Angeles Rams @ Chicago Bears,1768779000000,Bears,Rams,winning_margin,Dynamic Winning Margin,G,away,,,,,,False
Los Angeles Rams @ Chicago Bears,1768779000000,Bears,Rams,winning_margin,Dynamic Winning Margin,G,away,,,,,,False
Los Angeles Rams @ Chicago Bears,1768779000000,Bears,Rams,winning_margin,Dynamic Winning Margin,G,away,,,,,,False
Los Angeles Rams @ Chicago Bears,1768779000000,Bears,Rams,winning_margin,Dynamic Winning Margin,G,home,,,,,,False
Los Angeles Rams @ Chicago Bears,1768779000000,Bears,Rams,total_range,Total Points Range,G,,,,,,,False
Los Angeles Rams @ Chicago Bears,1768779000000,Bears,Rams,total_range,Total Points Range,G,,,,,,,False
Los Angeles Rams @ Chicago Bears,1768779000000,Bears,Rams,total_range,Total Points Range,G,,,,,,,False
Los Angeles Rams @ Chicago Bears,1768779000000,Bears,Rams,total_range,Total Points Range,G,,,,,,,False
Los Angeles Rams @ Chicago Bears,1768779000000,Bears,Rams,total_range,Total Points Range,G,,,,,,,False
Los Angeles Rams @ Chicago Bears,1768779000000,Bears,Rams,total_range,Total Points Range,G,,,,,,,False
Los Angeles Rams @ Chicago Bears,1768779000000,Bears,Rams,total_range,Total Points Range,G,,,,,,,False
Los Angeles Rams @ Chicago Bears,1768779000000,Bears,Rams,total_range,Total Points Range,G,,,,,,,False
Los Angeles Rams @ Chicago Bears,1768779000000,Bears,Rams,total_range,Total Points Range,G,,,,,,,False
Los Angeles Rams @ Chicago Bears,1768779000000,Bears,Rams,total_range,Total Points Range,G,,,,,,,False
Los Angeles Rams @ Chicago Bears,1768779000000,Bears,Rams,total_range,Total Points Range,G,,,,,,,False
Los Angeles Rams @ Chicago Bears,1768779000000,Bears,Rams,total_range,Total Points Range,G,,,,,,,False
Los Angeles Rams @ Chicago Bears,1768779000000,Bears,Rams,total_range,Total Points Range,G,,,,,,,False
Los Angeles Rams @ Chicago Bears,1768779000000,Bears,Rams,total_range,Total Points Range,G,,,,,,,False
Los Angeles Rams @ Chicago Bears,1768779000000,Bears,Rams,total_range,Total Points Range,G,,,,,,,False
Los Angeles Rams @ Chicago Bears,1768779000000,Bears,Rams,total_range,Total Points Range,G,,,,,,,False
Los Angeles Rams @ Chicago Bears,1768779000000,Bears,Rams,total_range,Total Points Range,G,,,,,,,False
Los Angeles Rams @ Chicago Bears,1768779000000,Bears,Rams,total_range,Total Points Range,G,,,,,,,False
Los Angeles Rams @ Chicago Bears,1768779000000,Bears,Rams,ht_ft,Half Time / Full Time,G,,,,,,,False
Los Angeles Rams @ Chicago Bears,1768779000000,Bears,Rams,ht_ft,Half Time / Full Time,G,,,,,,,False
Los Angeles Rams @ Chicago Bears,1768779000000,Bears,Rams,ht_ft,Half Time / Full Time,G,,,,,,,False
Los Angeles Rams @ Chicago Bears,1768779000000,Bears,Rams,ht_ft,Half Time / Full Time,G,,,,,,,False
Los Angeles Rams @ Chicago Bears,1768779000000,Bears,Rams,ht_ft,Half Time / Full Time,G,,,,,,,False
Los Angeles Rams @ Chicago Bears,1768779000000,Bears,Rams,ht_ft,Half Time / Full Time,G,,,,,,,False
Los Angeles Rams @ Chicago Bears,1768779000000,Bears,Rams,ht_ft,Half Time / Full Time,G,,,,,,,False
Los Angeles Rams @ Chicago Bears,1768779000000,Bears,Rams,ht_ft,Half Time / Full Time,G,,,,,,,False
Los Angeles Rams @ Chicago Bears,1768779000000,Bears,Rams,ht_ft,Half Time / Full Time,G,,,,,,,False
Los Angeles Rams @ Chicago Bears,1768779000000,Bears,Rams,double_chance,Double Chance,G,,,,,,,False
Los Angeles Rams @ Chicago Bears,1768779000000,Bears,Rams,double_chance,Double Chance,G,,,,,,,False
Los Angeles Rams @ Chicago Bears,1768779000000,Bears,Rams,double_chance,Double Chance,G,,,,,,,False
Los Angeles Rams @ Chicago Bears,1768779000000,Bears,Rams,double_chance,Double Chance,G,,,,,,,False
Los Angeles Rams @ Chicago Bears,1768779000000,Bears,Rams,double_chance,Double Chance,G,,,,,,,False
Los Angeles Rams @ Chicago Bears,1768779000000,Bears,Rams,double_chance,Double Chance,G,,,,,,,False
Los Angeles Rams @ Chicago Bears,1768779000000,Bears,Rams,win_to_nil,To Win and Allow 0 Points,G,away,,,,,,False
Los Angeles Rams @ Chicago Bears,1768779000000,Bears,Rams,win_to_nil,To Win and Allow 0 Points,G,home,,,,,,False
Los Angeles Rams @ Chicago Bears,1768779000000,Bears,Rams,win_to_nil,To Win and Allow 0 Points,G,away,,,,,,False
Los Angeles Rams @ Chicago Bears,1768779000000,Bears,Rams,win_to_nil,To Win and Allow 0 Points,G,home,,,,,,False
Los Angeles Rams @ Chicago Bears,1768779000000,Bears,Rams,win_to_nil,To Win and Allow 0 Points,G,away,,,,,,False
Los Angeles Rams @ Chicago Bears,1768779000000,Bears,Rams,win_to_nil,To Win and Allow 0 Points,G,home,,,,,,False
Los Angeles Rams @ Chicago Bears,1768779000000,Bears,Rams,odd_even,Odd/Even Total Points,G,,,,,,,False
Los Angeles Rams @ Chicago Bears,1768779000000,Bears,Rams,odd_even,Odd/Even Total Points,G,,,,,,,False
Los Angeles Rams @ Chicago Bears,1768779000000,Bears,Rams,odd_even,Odd/Even Total Points,G,,,,,,,False
Los Angeles Rams @ Chicago Bears,1768779000000,Bears,Rams,odd_even,Odd/Even Total Points,G,,,,,,,False
Los Angeles Rams @ Chicago Bears,1768779000000,Bears,Rams,odd_even,Odd/Even Total Points,G,,,,,,,False
Los Angeles Rams @ Chicago Bears,1768779000000,Bears,Rams,odd_even,Odd/Even Total Points,G,,,,,,,False
Los Angeles Rams @ Chicago Bears,1768779000000,Bears,Rams,overtime,Will the game go to Overtime?,G,,,,,,,False
Los Angeles Rams @ Chicago Bears,1768779000000,Bears,Rams,overtime,Will the game go to Overtime?,G,,,,,,,False
Los Angeles Rams @ Chicago Bears,1768779000000,Bears,Rams,race_to_points,Race To 10,G,away,,,,,,False
Los Angeles Rams @ Chicago Bears,1768779000000,Bears,Rams,race_to_points,Race To 10,G,home,,,,,,False
Los Angeles Rams @ Chicago Bears,1768779000000,Bears,Rams,race_to_points,Race To 15,G,away,,,,,,False
Los Angeles Rams @ Chicago Bears,1768779000000,Bears,Rams,race_to_points,Race To 15,G,home,,,,,,False
Los Angeles Rams @ Chicago Bears,1768779000000,Bears,Rams,race_to_points,Race To 20,G,away,,,,,,False
Los Angeles Rams @ Chicago Bears,1768779000000,Bears,Rams,race_to_points,Race To 20,G,home,,,,,,False
Los Angeles Rams @ Chicago Bears,1768779000000,Bears,Rams,race_to_points,Race To 5,G,away,,,,,,False
Los Angeles Rams @ Chicago Bears,1768779000000,Bears,Rams,race_to_points,Race To 5,G,home,,,,,,False
Los Angeles Rams @ Chicago Bears,1768779000000,Bears,Rams,btts_points,Both teams to score 10 or more points?,G,,,,,,,False
Los Angeles Rams @ Chicago Bears,1768779000000,Bears,Rams,btts_points,Both teams to score 10 or more points?,G,,,,,,,False
Los Angeles Rams @ Chicago Bears,1768779000000,Bears,Rams,btts_points,Both teams to score 13 or more points?,G,,,,,,,False
Los Angeles Rams @ Chicago Bears,1768779000000,Bears,Rams,btts_points,Both teams to score 13 or more points?,G,,,,,,,False
Los Angeles Rams @ Chicago Bears,1768779000000,Bears,Rams,btts_points,Both teams to score 14 or more points?,G,,,,,,,False
Los Angeles Rams @ Chicago Bears,1768779000000,Bears,Rams,btts_points,Both teams to score 14 or more points?,G,,,,,,,False
Los Angeles Rams @ Chicago Bears,1768779000000,Bears,Rams,btts_points,Both teams to score 17 or more points?,G,,,,,,,False
Los Angeles Rams @ Chicago Bears,1768779000000,Bears,Rams,btts_points,Both teams to score 17 or more points?,G,,,,,,,False
Los Angeles Rams @ Chicago Bears,1768779000000,Bears,Rams,btts_points,Both teams to score 21 or more points?,G,,,,,,,False
Los Angeles Rams @ Chicago Bears,1768779000000,Bears,Rams,btts_points,Both teams to score 21 or more points?,G,,,,,,,False
Los Angeles Rams @ Chicago Bears,1768779000000,Bears,Rams,btts_points,Both teams to score 24 or more points?,G,,,,,,,False
Los Angeles Rams @ Chicago Bears,1768779000000,Bears,Rams,btts_points,Both teams to score 24 or more points?,G,,,,,,,False
Los Angeles Rams @ Chicago Bears,1768779000000,Bears,Rams,btts_points,Both teams to score 27 or more points?,G,,,,,,,False
Los Angeles Rams @ Chicago Bears,1768779000000,Bears,Rams,btts_points,Both teams to score 27 or more points?,G,,,,,,,False
Los Angeles Rams @ Chicago Bears,1768779000000,Bears,Rams,btts_points,Both teams to score 30 or more points?,G,,,,,,,False
Los Angeles Rams @ Chicago Bears,1768779000000,Bears,Rams,btts_points,Both teams to score 30 or more points?,G,,,,,,,False
Los Angeles Rams @ Chicago Bears,1768779000000,Bears,Rams,btts_points,Both teams to score 34 or more points?,G,,,,,,,False
Los Angeles Rams @ Chicago Bears,1768779000000,Bears,Rams,btts_points,Both teams to score 34 or more points?,G,,,,,,,False
Los Angeles Rams @ Chicago Bears,1768779000000,Bears,Rams,btts_points,Both teams to score 10 or more points?,G,,,,,,,False
Los Angeles Rams @ Chicago Bears,1768779000000,Bears,Rams,btts_points,Both teams to score 10 or more points?,G,,,,,,,False
Los Angeles Rams @ Chicago Bears,1768779000000,Bears,Rams,btts_points,Both teams to score 14 or more points?,G,,,,,,,False
Los Angeles Rams @ Chicago Bears,1768779000000,Bears,Rams,btts_points,Both teams to score 14 or more points?,G,,,,,,,False
Los Angeles Rams @ Chicago Bears,1768779000000,Bears,Rams,btts_points,Both teams to score 17 or more points?,G,,,,,,,False
Los Angeles Rams @ Chicago Bears,1768779000000,Bears,Rams,btts_points,Both teams to score 17 or more points?,G,,,,,,,False
Los Angeles Rams @ Chicago Bears,1768779000000,Bears,Rams,btts_points,Both teams to score 7 or more points?,G,,,,,,,False
Los Angeles Rams @ Chicago Bears,1768779000000,Bears,Rams,btts_points,Both teams to score 7 or more points?,G,,,,,,,False
Los Angeles Rams @ Chicago Bears,1768779000000,Bears,Rams,btts_points,Both teams to score 10 or more points?,G,,,,,,,False
Los Angeles Rams @ Chicago Bears,1768779000000,Bears,Rams,btts_points,Both teams to score 10 or more points?,G,,,,,,,False
Los Angeles Rams @ Chicago Bears,1768779000000,Bears,Rams,btts_points,Both teams to score 7 or more points?,G,,,,,,,False
Los Angeles Rams @ Chicago Bears,1768779000000,Bears,Rams,btts_points,Both teams to score 7 or more points?,G,,,,,,,False
Los Angeles Rams @ Chicago Bears,1768779000000,Bears,Rams,btts_points,Both Teams to Score 10 or more Points and Winner,G,,,,,,,False
Los Angeles Rams @ Chicago Bears,1768779000000,Bears,Rams,btts_points,Both Teams to Score 10 or more Points and Winner,G,,,,,,,False
Los Angeles Rams @ Chicago Bears,1768779000000,Bears,Rams,btts_points,Both Teams to Score 15 or more Points and Winner,G,,,,,,,False
Los Angeles Rams @ Chicago Bears,1768779000000,Bears,Rams,btts_points,Both Teams to Score 15 or more Points and Winner,G,,,,,,,False
Los Angeles Rams @ Chicago Bears,1768779000000,Bears,Rams,btts_points,Both Teams to Score 20 or more Points and Winner,G,,,,,,,False
Los Angeles Rams @ Chicago Bears,1768779000000,Bears,Rams,btts_points,Both Teams to Score 20 or more Points and Winner,G,,,,,,,False
Los Angeles Rams @ Chicago Bears,1768779000000,Bears,Rams,btts_points,Both Teams to Score 25 or more Points and Winner,G,,,,,,,False
Los Angeles Rams @ Chicago Bears,1768779000000,Bears,Rams,btts_points,Both Teams to Score 25 or more Points and Winner,G,,,,,,,False
Los Angeles Rams @ Chicago Bears,1768779000000,Bears,Rams,btts_points,Both Teams to Score 30 or more Points and Winner,G,,,,,,,False
Los Angeles Rams @ Chicago Bears,1768779000000,Bears,Rams,btts_points,Both Teams to Score 30 or more Points and Winner,G,,,,,,,False
Los Angeles Rams @ Chicago Bears,1768779000000,Bears,Rams,btts_points,Both Teams to Score 10 or more Points and Winner,G,,,,,,,False
Los Angeles Rams @ Chicago Bears,1768779000000,Bears,Rams,btts_points,Both Teams to Score 10 or more Points and Winner,G,,,,,,,False
Los Angeles Rams @ Chicago Bears,1768779000000,Bears,Rams,btts_points,Both Teams to Score 14 or more Points and Winner,G,,,,,,,False
Los Angeles Rams @ Chicago Bears,1768779000000,Bears,Rams,btts_points,Both Teams to Score 14 or more Points and Winner,G,,,,,,,False
Los Angeles Rams @ Chicago Bears,1768779000000,Bears,Rams,btts_points,Both Teams to Score 17 or more Points and Winner,G,,,,,,,False
Los Angeles Rams @ Chicago Bears,1768779000000,Bears,Rams,btts_points,Both Teams to Score 17 or more Points and Winner,G,,,,,,,False
Los Angeles Rams @ Chicago Bears,1768779000000,Bears,Rams,btts_points,Both Teams to Score 7 or more Points and Winner,G,,,,,,,False
Los Angeles Rams @ Chicago Bears,1768779000000,Bears,Rams,btts_points,Both Teams to Score 7 or more Points and Winner,G,,,,,,,False
Los Angeles Rams @ Chicago Bears,1768779000000,Bears,Rams,btts_points,Both Teams to Score 10 or more Points and Winner,G,,,,,,,False
Los Angeles Rams @ Chicago Bears,1768779000000,Bears,Rams,btts_points,Both Teams to Score 10 or more Points and Winner,G,,,,,,,False
Los Angeles Rams @ Chicago Bears,1768779000000,Bears,Rams,btts_points,Both Teams to Score 3 or more Points and Winner,G,,,,,,,False
Los Angeles Rams @ Chicago Bears,1768779000000,Bears,Rams,btts_points,Both Teams to Score 3 or more Points and Winner,G,,,,,,,False
Los Angeles Rams @ Chicago Bears,1768779000000,Bears,Rams,btts_points,Both Teams to Score 7 or more Points and Winner,G,,,,,,,False
Los Angeles Rams @ Chicago Bears,1768779000000,Bears,Rams,btts_points,Both Teams to Score 7 or more Points and Winner,G,,,,,,,False
