event,game_time,home_team,away_team,market_key,market_name,period,team_side,line,price_home,price_away,over_price,under_price,is_alternate,price,threshold,range_low,range_high,range_type,total_line,spread_line,total_side,winner,combo,ht_result,ft_result,tie,side,ev_units,edge_pts
Houston Texans @ New England Patriots,1768767000000,Patriots,Texans,moneyline,Moneyline,G,,,,,,,False,,,,,,,,,,,,,,home,,
Houston Texans @ New England Patriots,1768767000000,Patriots,Texans,moneyline,Moneyline,G,,,,,,,False,,,,,,,,,,,,,,away,,
Houston Texans @ New England Patriots,1768767000000,Patriots,Texans,moneyline,Moneyline,G,,,,,,,False,,,,,,,,,,,,,,home,,
Houston Texans @ New England Patriots,1768767000000,Patriots,Texans,moneyline,Moneyline,G,,,,,,,False,,,,,,,,,,,,,,away,,
Houston Texans @ New England Patriots,1768767000000,Patriots,Texans,moneyline,Moneyline,G,,,,,,,False,,,,,,,,,,,,,,home,,
Houston Texans @ New England Patriots,1768767000000,Patriots,Texans,moneyline,Moneyline,G,,,,,,,False,,,,,,,,,,,,,,away,,
Houston Texans @ New England Patriots,1768767000000,Patriots,Texans,moneyline,Moneyline,G,,,,,,,False,,,,,,,,,,,,,,home,,
Houston Texans @ New England Patriots,1768767000000,Patriots,Texans,moneyline,Moneyline,G,,,,,,,False,,,,,,,,,,,,,,away,,
Houston Texans @ New England Patriots,1768767000000,Patriots,Texans,moneyline,Moneyline,G,,,,,,,False,,,,,,,,,,,,,,home,,
Houston Texans @ New England Patriots,1768767000000,Patriots,Texans,moneyline,Moneyline,G,,,,,,,False,,,,,,,,,,,,,,away,,
Houston Texans @ New England Patriots,1768767000000,Patriots,Texans,alt_total,Total Points,G,,31.5,,,-525.0,340.0,True,,,,,,,,,,,,,,Over,0.11349381590675661,15.167477271093055
Houston Texans @ New England Patriots,1768767000000,Patriots,Texans,alt_total,Total Points,G,,31.5,,,-525.0,340.0,True,,,,,,,,,,,,,,Under,-0.7154731435913725,-15.167477271093055
Houston Texans @ New England Patriots,1768767000000,Patriots,Texans,alt_total,Total Points,G,,32.5,,,-460.0,305.0,True,,,,,,,,,,,,,,Over,0.12209592318144163,14.167477271093055
Houston Texans @ New England Patriots,1768767000000,Patriots,Texans,alt_total,Total Points,G,,32.5,,,-460.0,305.0,True,,,,,,,,,,,,,,Under,-0.6829726872982601,-14.167477271093055
Houston Texans @ New England Patriots,1768767000000,Patriots,Texans,alt_total,Total Points,G,,33.5,,,-370.0,260.0,True,,,,,,,,,,,,,,Over,0.1509136433623677,13.167477271093055
Houston Texans @ New England Patriots,1768767000000,Patriots,Texans,alt_total,Total Points,G,,33.5,,,-370.0,260.0,True,,,,,,,,,,,,,,Under,-0.661738240337604,-13.167477271093055
Houston Texans @ New England Patriots,1768767000000,Patriots,Texans,alt_total,Total Points,G,,34.5,,,-310.0,225.0,True,,,,,,,,,,,,,,Over,0.17464985846977454,12.167477271093055
Houston Texans @ New England Patriots,1768767000000,Patriots,Texans,alt_total,Total Points,G,,34.5,,,-310.0,225.0,True,,,,,,,,,,,,,,Under,-0.6364871522153608,-12.167477271093055
Houston Texans @ New England Patriots,1768767000000,Patriots,Texans,alt_total,Total Points,G,,35.5,,,-280.0,205.0,True,,,,,,,,,,,,,,Over,0.17793064670367081,11.167477271093055
Houston Texans @ New England Patriots,1768767000000,Patriots,Texans,alt_total,Total Points,G,,35.5,,,-280.0,205.0,True,,,,,,,,,,,,,,Under,-0.5972441375919337,-11.167477271093055
Houston Texans @ New England Patriots,1768767000000,Patriots,Texans,alt_total,Total Points,G,,36.5,,,-240.0,175.0,True,,,,,,,,,,,,,,Over,0.1975979694712891,10.167477271093055
Houston Texans @ New England Patriots,1768767000000,Patriots,Texans,alt_total,Total Points,G,,36.5,,,-240.0,175.0,True,,,,,,,,,,,,,,Under,-0.5747489995619139,-10.167477271093055
Houston Texans @ New England Patriots,1768767000000,Patriots,Texans,alt_total,Total Points,G,,37.5,,,-190.0,145.0,True,,,,,,,,,,,,,,Over,0.2521323512589424,9.167477271093055
Houston Texans @ New England Patriots,1768767000000,Patriots,Texans,alt_total,Total Points,G,,37.5,,,-190.0,145.0,True,,,,,,,,,,,,,,Under,-0.5598883086587507,-9.167477271093055
Houston Texans @ New England Patriots,1768767000000,Patriots,Texans,alt_total,Total Points,G,,38.5,,,-170.0,130.0,True,,,,,,,,,,,,,,Over,0.25941292706355834,8.167477271093055
Houston Texans @ New England Patriots,1768767000000,Patriots,Texans,alt_total,Total Points,G,,38.5,,,-170.0,130.0,True,,,,,,,,,,,,,,Under,-0.5238164980809307,-8.167477271093055
Houston Texans @ New England Patriots,1768767000000,Patriots,Texans,alt_total,Total Points,G,,39.5,,,-150.0,115.0,True,,,,,,,,,,,,,,Over,0.27205852420373156,7.167477271093055
Houston Texans @ New England Patriots,1768767000000,Patriots,Texans,alt_total,Total Points,G,,39.5,,,-150.0,115.0,True,,,,,,,,,,,,,,Under,-0.4909554962228139,-7.167477271093055
Houston Texans @ New England Patriots,1768767000000,Patriots,Texans,alt_total,Total Points,G,,40.0,,,-145.0,110.0,True,,,,,,,,,,,,,,Over,0.26307360210881203,6.667477271093055
Houston Texans @ New England Patriots,1768767000000,Patriots,Texans,alt_total,Total Points,G,,40.0,,,-145.0,110.0,True,,,,,,,,,,,,,,Under,-0.4698200483352377,-6.667477271093055
Houston Texans @ New England Patriots,1768767000000,Patriots,Texans,alt_total,Total Points,G,,40.5,,,-130.0,,True,,,,,,,,,,,,,,Over,0.29383745704672326,6.167477271093055
Houston Texans @ New England Patriots,1768767000000,Patriots,Texans,alt_total,Total Points,G,,40.5,,,-130.0,,True,,,,,,,,,,,,,,Under,,-6.167477271093055
Houston Texans @ New England Patriots,1768767000000,Patriots,Texans,alt_total,Total Points,G,,41.0,,,-125.0,-105.0,True,,,,,,,,,,,,,,Over,0.2862029692875272,5.667477271093055
Houston Texans @ New England Patriots,1768767000000,Patriots,Texans,alt_total,Total Points,G,,41.0,,,-125.0,-105.0,True,,,,,,,,,,,,,,Under,-0.44270692435948716,-5.667477271093055
Houston Texans @ New England Patriots,1768767000000,Patriots,Texans,alt_total,Total Points,G,,42.0,,,-110.0,-120.0,True,,,,,,,,,,,,,,Over,0.29753236575446973,4.667477271093055
Houston Texans @ New England Patriots,1768767000000,Patriots,Texans,alt_total,Total Points,G,,42.0,,,-110.0,-120.0,True,,,,,,,,,,,,,,Under,-0.4127096528277049,-4.667477271093055
Houston Texans @ New England Patriots,1768767000000,Patriots,Texans,alt_total,Total Points,G,,42.5,,,-105.0,-125.0,True,,,,,,,,,,,,,,Over,0.29163379599992567,4.167477271093055
Houston Texans @ New England Patriots,1768767000000,Patriots,Texans,alt_total,Total Points,G,,42.5,,,-105.0,-125.0,True,,,,,,,,,,,,,,Under,-0.3908233533852974,-4.167477271093055
Houston Texans @ New England Patriots,1768767000000,Patriots,Texans,alt_total,Total Points,G,,43.0,,,105.0,-135.0,True,,,,,,,,,,,,,,Over,0.31834761763256014,3.6674772710930554
Houston Texans @ New England Patriots,1768767000000,Patriots,Texans,alt_total,Total Points,G,,43.0,,,105.0,-135.0,True,,,,,,,,,,,,,,Under,-0.3787233609526709,-3.6674772710930554
Houston Texans @ New England Patriots,1768767000000,Patriots,Texans,alt_total,Total Points,G,,43.5,,,115.0,-150.0,True,,,,,,,,,,,,,,Over,0.34220734170238987,3.1674772710930554
Houston Texans @ New England Patriots,1768767000000,Patriots,Texans,alt_total,Total Points,G,,43.5,,,115.0,-150.0,True,,,,,,,,,,,,,,Under,-0.37380414085456587,-3.1674772710930554
Houston Texans @ New England Patriots,1768767000000,Patriots,Texans,alt_total,Total Points,G,,44.5,,,130.0,-170.0,True,,,,,,,,,,,,,,Over,0.3473343061521931,2.1674772710930554
Houston Texans @ New England Patriots,1768767000000,Patriots,Texans,alt_total,Total Points,G,,44.5,,,130.0,-170.0,True,,,,,,,,,,,,,,Under,-0.342149009363407,-2.1674772710930554
Houston Texans @ New England Patriots,1768767000000,Patriots,Texans,alt_total,Total Points,G,,45.5,,,145.0,-190.0,True,,,,,,,,,,,,,,Over,0.3388515390946595,1.1674772710930554
Houston Texans @ New England Patriots,1768767000000,Patriots,Texans,alt_total,Total Points,G,,45.5,,,145.0,-190.0,True,,,,,,,,,,,,,,Under,-0.307770024355427,-1.1674772710930554
Houston Texans @ New England Patriots,1768767000000,Patriots,Texans,alt_total,Total Points,G,,46.5,,,160.0,-215.0,True,,,,,,,,,,,,,,Over,0.31737076670811126,0.16747727109305544
Houston Texans @ New England Patriots,1768767000000,Patriots,Texans,alt_total,Total Points,G,,46.5,,,160.0,-215.0,True,,,,,,,,,,,,,,Under,-0.2772303962666459,-0.16747727109305544
Houston Texans @ New England Patriots,1768767000000,Patriots,Texans,alt_total,Total Points,G,,47.5,,,185.0,-250.0,True,,,,,,,,,,,,,,Over,0.33045260261711906,-0.8325227289069446
Houston Texans @ New England Patriots,1768767000000,Patriots,Texans,alt_total,Total Points,G,,47.5,,,185.0,-250.0,True,,,,,,,,,,,,,,Under,-0.2535556644434971,0.8325227289069446
Houston Texans @ New England Patriots,1768767000000,Patriots,Texans,alt_total,Total Points,G,,48.5,,,205.0,-280.0,True,,,,,,,,,,,,,,Over,0.3032651233626824,-1.8325227289069446
Houston Texans @ New England Patriots,1768767000000,Patriots,Texans,alt_total,Total Points,G,,48.5,,,205.0,-280.0,True,,,,,,,,,,,,,,Under,-0.2227643406063458,1.8325227289069446
Houston Texans @ New England Patriots,1768767000000,Patriots,Texans,alt_total,Total Points,G,,49.5,,,230.0,-320.0,True,,,,,,,,,,,,,,Over,0.28202270958244635,-2.8325227289069446
Houston Texans @ New England Patriots,1768767000000,Patriots,Texans,alt_total,Total Points,G,,49.5,,,230.0,-320.0,True,,,,,,,,,,,,,,Under,-0.1973953958566549,2.8325227289069446
Houston Texans @ New England Patriots,1768767000000,Patriots,Texans,alt_total,Total Points,G,,50.5,,,260.0,-370.0,True,,,,,,,,,,,,,,Over,0.262758901746199,-3.8325227289069446
Houston Texans @ New England Patriots,1768767000000,Patriots,Texans,alt_total,Total Points,G,,50.5,,,260.0,-370.0,True,,,,,,,,,,,,,,Under,-0.1752978106762114,3.8325227289069446
Houston Texans @ New England Patriots,1768767000000,Patriots,Texans,alt_total,Total Points,G,,51.5,,,295.0,-440.0,True,,,,,,,,,,,,,,Over,0.24211033166752904,-4.832522728906945
Houston Texans @ New England Patriots,1768767000000,Patriots,Texans,alt_total,Total Points,G,,51.5,,,295.0,-440.0,True,,,,,,,,,,,,,,Under,-0.15865338268151072,4.832522728906945
Houston Texans @ New England Patriots,1768767000000,Patriots,Texans,alt_total,Total Points - Houston Texans,G,,19.5,,,-115.0,-115.0,True,,,,,,,,,,,,,,Over,0.8634024913015265,27.167477271093055
Houston Texans @ New England Patriots,1768767000000,Patriots,Texans,alt_total,Total Points - Houston Texans,G,,19.5,,,-115.0,-115.0,True,,,,,,,,,,,,,,Under,-0.9938372739102223,-27.167477271093055
Houston Texans @ New England Patriots,1768767000000,Patriots,Texans,alt_total,Total Points - New England Patriots,G,,21.5,,,-130.0,,True,,,,,,,,,,,,,,Over,0.7587530659538828,25.167477271093055
Houston Texans @ New England Patriots,1768767000000,Patriots,Texans,alt_total,Total Points - New England Patriots,G,,21.5,,,-130.0,,True,,,,,,,,,,,,,,Under,,-25.167477271093055
Houston Texans @ New England Patriots,1768767000000,Patriots,Texans,alt_total,Total Points,G,,18.5,,,-170.0,130.0,True,,,,,,,,,,,,,,Over,0.5843828218044836,28.167477271093055
Houston Texans @ New England Patriots,1768767000000,Patriots,Texans,alt_total,Total Points,G,,18.5,,,-170.0,130.0,True,,,,,,,,,,,,,,Under,-0.9944210493539002,-28.167477271093055
Houston Texans @ New England Patriots,1768767000000,Patriots,Texans,alt_total,Total Points,G,,19.0,,,-165.0,125.0,True,,,,,,,,,,,,,,Over,0.6015139649476703,27.667477271093055
Houston Texans @ New England Patriots,1768767000000,Patriots,Texans,alt_total,Total Points,G,,19.0,,,-165.0,125.0,True,,,,,,,,,,,,,,Under,-0.9936304131578212,-27.667477271093055
Houston Texans @ New England Patriots,1768767000000,Patriots,Texans,alt_total,Total Points,G,,19.5,,,-160.0,120.0,True,,,,,,,,,,,,,,Over,0.619643444474292,27.167477271093055
Houston Texans @ New England Patriots,1768767000000,Patriots,Texans,alt_total,Total Points,G,,19.5,,,-160.0,120.0,True,,,,,,,,,,,,,,Under,-0.9927480479036569,-27.167477271093055
Houston Texans @ New England Patriots,1768767000000,Patriots,Texans,alt_total,Total Points,G,,20.0,,,-125.0,-105.0,True,,,,,,,,,,,,,,Over,0.7931069775732444,26.667477271093055
Houston Texans @ New England Patriots,1768767000000,Patriots,Texans,alt_total,Total Points,G,,20.0,,,-125.0,-105.0,True,,,,,,,,,,,,,,Under,-0.9925234412831486,-26.667477271093055
Houston Texans @ New England Patriots,1768767000000,Patriots,Texans,alt_total,Total Points,G,,21.0,,,105.0,-135.0,True,,,,,,,,,,,,,,Over,1.039477630036443,25.667477271093055
Houston Texans @ New England Patriots,1768767000000,Patriots,Texans,alt_total,Total Points,G,,21.0,,,105.0,-135.0,True,,,,,,,,,,,,,,Under,-0.9910650155684341,-25.667477271093055
Houston Texans @ New England Patriots,1768767000000,Patriots,Texans,alt_total,Total Points,G,,21.5,,,115.0,-150.0,True,,,,,,,,,,,,,,Over,1.1372673127570012,25.167477271093055
Houston Texans @ New England Patriots,1768767000000,Patriots,Texans,alt_total,Total Points,G,,21.5,,,115.0,-150.0,True,,,,,,,,,,,,,,Under,-0.9901296998116288,-25.167477271093055
Houston Texans @ New England Patriots,1768767000000,Patriots,Texans,alt_total,Total Points,G,,22.0,,,120.0,-160.0,True,,,,,,,,,,,,,,Over,1.185001898304222,24.667477271093055
Houston Texans @ New England Patriots,1768767000000,Patriots,Texans,alt_total,Total Points,G,,22.0,,,120.0,-160.0,True,,,,,,,,,,,,,,Under,-0.9889218567019822,-24.667477271093055
Houston Texans @ New England Patriots,1768767000000,Patriots,Texans,alt_total,Total Points - Houston Texans,G,,8.5,,,-145.0,110.0,True,,,,,,,,,,,,,,Over,0.6895409328823731,38.167477271093055
Houston Texans @ New England Patriots,1768767000000,Patriots,Texans,alt_total,Total Points - Houston Texans,G,,8.5,,,-145.0,110.0,True,,,,,,,,,,,,,,Under,-0.9998580165823778,-38.167477271093055
Houston Texans @ New England Patriots,1768767000000,Patriots,Texans,alt_total,Total Points - New England Patriots,G,,10.5,,,,-130.0,True,,,,,,,,,,,,,,Over,,36.167477271093055
Houston Texans @ New England Patriots,1768767000000,Patriots,Texans,alt_total,Total Points - New England Patriots,G,,10.5,,,,-130.0,True,,,,,,,,,,,,,,Under,-0.9997360946393274,-36.167477271093055
Houston Texans @ New England Patriots,1768767000000,Patriots,Texans,alt_total,Total Points - Houston Texans,G,,0.5,,,-150.0,115.0,True,,,,,,,,,,,,,,Over,0.6666634183279768,46.167477271093055
Houston Texans @ New England Patriots,1768767000000,Patriots,Texans,alt_total,Total Points - Houston Texans,G,,0.5,,,-150.0,115.0,True,,,,,,,,,,,,,,Under,-0.9999958096430903,-46.167477271093055
Houston Texans @ New England Patriots,1768767000000,Patriots,Texans,alt_total,Total Points - New England Patriots,G,,3.5,,,,-130.0,True,,,,,,,,,,,,,,Over,,43.167477271093055
Houston Texans @ New England Patriots,1768767000000,Patriots,Texans,alt_total,Total Points - New England Patriots,G,,3.5,,,,-130.0,True,,,,,,,,,,,,,,Under,-0.999985992561868,-43.167477271093055
Los Angeles Rams @ Chicago Bears,1768779000000,Bears,Rams,moneyline,Moneyline,G,,,,,,,False,,,,,,,,,,,,,,home,,
Los Angeles Rams @ Chicago Bears,1768779000000,Bears,Rams,moneyline,Moneyline,G,,,,,,,False,,,,,,,,,,,,,,away,,
Los Angeles Rams @ Chicago Bears,1768779000000,Bears,Rams,moneyline,Moneyline,G,,,,,,,False,,,,,,,,,,,,,,home,,
Los Angeles Rams @ Chicago Bears,1768779000000,Bears,Rams,moneyline,Moneyline,G,,,,,,,False,,,,,,,,,,,,,,away,,
Los Angeles Rams @ Chicago Bears,1768779000000,Bears,Rams,moneyline,Moneyline,G,,,,,,,False,,,,,,,,,,,,,,home,,
Los Angeles Rams @ Chicago Bears,1768779000000,Bears,Rams,moneyline,Moneyline,G,,,,,,,False,,,,,,,,,,,,,,away,,
Los Angeles Rams @ Chicago Bears,1768779000000,Bears,Rams,moneyline,Moneyline,G,,,,,,,False,,,,,,,,,,,,,,home,,
Los Angeles Rams @ Chicago Bears,1768779000000,Bears,Rams,moneyline,Moneyline,G,,,,,,,False,,,,,,,,,,,,,,away,,
Los Angeles Rams @ Chicago Bears,1768779000000,Bears,Rams,moneyline,Moneyline,G,,,,,,,False,,,,,,,,,,,,,,home,,
Los Angeles Rams @ Chicago Bears,1768779000000,Bears,Rams,moneyline,Moneyline,G,,,,,,,False,,,,,,,,,,,,,,away,,
Los Angeles Rams @ Chicago Bears,1768779000000,Bears,Rams,alt_total,Total Points,G,,39.5,,,-410.0,280.0,True,,,,,,,,,,,,,,Over,0.1445414745490806,14.058898194282818
Los Angeles Rams @ Chicago Bears,1768779000000,Bears,Rams,alt_total,Total Points,G,,39.5,,,-410.0,280.0,True,,,,,,,,,,,,,,Under,-0.696461994798956,-14.058898194282818
Los Angeles Rams @ Chicago Bears,1768779000000,Bears,Rams,alt_total,Total Points,G,,40.5,,,-340.0,240.0,True,,,,,,,,,,,,,,Over,0.17014762818632923,13.058898194282818
Los Angeles Rams @ Chicago Bears,1768779000000,Bears,Rams,alt_total,Total Points,G,,40.5,,,-340.0,240.0,True,,,,,,,,,,,,,,Under,-0.6742969504168103,-13.058898194282818
Los Angeles Rams @ Chicago Bears,1768779000000,Bears,Rams,alt_total,Total Points,G,,41.5,,,-300.0,215.0,True,,,,,,,,,,,,,,Over,0.18142668229330128,12.058898194282818
Los Angeles Rams @ Chicago Bears,1768779000000,Bears,Rams,alt_total,Total Points,G,,41.5,,,-300.0,215.0,True,,,,,,,,,,,,,,Under,-0.6411205369179245,-12.058898194282818
Los Angeles Rams @ Chicago Bears,1768779000000,Bears,Rams,alt_total,Total Points,G,,42.5,,,-275.0,200.0,True,,,,,,,,,,,,,,Over,0.18038121924144346,11.058898194282818
Los Angeles Rams @ Chicago Bears,1768779000000,Bears,Rams,alt_total,Total Points,G,,42.5,,,-275.0,200.0,True,,,,,,,,,,,,,,Under,-0.5968386823311753,-11.058898194282818
Los Angeles Rams @ Chicago Bears,1768779000000,Bears,Rams,alt_total,Total Points,G,,43.5,,,-220.0,165.0,True,,,,,,,,,,,,,,Over,0.22584103707373132,10.058898194282818
Los Angeles Rams @ Chicago Bears,1768779000000,Bears,Rams,alt_total,Total Points,G,,43.5,,,-220.0,165.0,True,,,,,,,,,,,,,,Under,-0.5833291394187041,-10.058898194282818
Los Angeles Rams @ Chicago Bears,1768779000000,Bears,Rams,alt_total,Total Points,G,,44.5,,,-190.0,145.0,True,,,,,,,,,,,,,,Over,0.24776760452856034,9.058898194282818
Los Angeles Rams @ Chicago Bears,1768779000000,Bears,Rams,alt_total,Total Points,G,,44.5,,,-190.0,145.0,True,,,,,,,,,,,,,,Under,-0.5528821376139479,-9.058898194282818
Los Angeles Rams @ Chicago Bears,1768779000000,Bears,Rams,alt_total,Total Points,G,,45.5,,,-170.0,130.0,True,,,,,,,,,,,,,,Over,0.254462579113546,8.058898194282818
Los Angeles Rams @ Chicago Bears,1768779000000,Bears,Rams,alt_total,Total Points,G,,45.5,,,-170.0,130.0,True,,,,,,,,,,,,,,Under,-0.5166476608644313,-8.058898194282818
Los Angeles Rams @ Chicago Bears,1768779000000,Bears,Rams,alt_total,Total Points,G,,46.5,,,-160.0,120.0,True,,,,,,,,,,,,,,Over,0.23479146445956878,7.058898194282818
Los Angeles Rams @ Chicago Bears,1768779000000,Bears,Rams,alt_total,Total Points,G,,46.5,,,-160.0,120.0,True,,,,,,,,,,,,,,Under,-0.4717176749606469,-7.058898194282818
Los Angeles Rams @ Chicago Bears,1768779000000,Bears,Rams,alt_total,Total Points,G,,47.0,,,-145.0,110.0,True,,,,,,,,,,,,,,Over,0.2571921390874544,6.558898194282818
Los Angeles Rams @ Chicago Bears,1768779000000,Bears,Rams,alt_total,Total Points,G,,47.0,,,-145.0,110.0,True,,,,,,,,,,,,,,Under,-0.46251023000869335,-6.558898194282818
Los Angeles Rams @ Chicago Bears,1768779000000,Bears,Rams,alt_total,Total Points,G,,47.5,,,-135.0,105.0,True,,,,,,,,,,,,,,Over,0.2667475509170415,6.058898194282818
Los Angeles Rams @ Chicago Bears,1768779000000,Bears,Rams,alt_total,Total Points,G,,47.5,,,-135.0,105.0,True,,,,,,,,,,,,,,Under,-0.44179738177145217,-6.058898194282818
Los Angeles Rams @ Chicago Bears,1768779000000,Bears,Rams,alt_total,Total Points,G,,48.0,,,-130.0,,True,,,,,,,,,,,,,,Over,0.25766991924150107,5.558898194282818
Los Angeles Rams @ Chicago Bears,1768779000000,Bears,Rams,alt_total,Total Points,G,,48.0,,,-130.0,,True,,,,,,,,,,,,,,Under,,-5.558898194282818
Los Angeles Rams @ Chicago Bears,1768779000000,Bears,Rams,alt_total,Total Points,G,,48.5,,,-120.0,-110.0,True,,,,,,,,,,,,,,Over,0.2714771670775388,5.058898194282818
Los Angeles Rams @ Chicago Bears,1768779000000,Bears,Rams,alt_total,Total Points,G,,48.5,,,-120.0,-110.0,True,,,,,,,,,,,,,,Under,-0.41492663679148656,-5.058898194282818
Los Angeles Rams @ Chicago Bears,1768779000000,Bears,Rams,alt_total,Total Points,G,,49.5,,,-110.0,-120.0,True,,,,,,,,,,,,,,Over,0.2553956940028307,4.058898194282818
Los Angeles Rams @ Chicago Bears,1768779000000,Bears,Rams,alt_total,Total Points,G,,49.5,,,-110.0,-120.0,True,,,,,,,,,,,,,,Under,-0.37224507122494044,-4.058898194282818
Los Angeles Rams @ Chicago Bears,1768779000000,Bears,Rams,alt_total,Total Points,G,,50.0,,,,-130.0,True,,,,,,,,,,,,,,Over,,3.5588981942828184
Los Angeles Rams @ Chicago Bears,1768779000000,Bears,Rams,alt_total,Total Points,G,,50.0,,,,-130.0,True,,,,,,,,,,,,,,Under,-0.3613757367087867,-3.5588981942828184
Los Angeles Rams @ Chicago Bears,1768779000000,Bears,Rams,alt_total,Total Points,G,,50.5,,,105.0,-135.0,True,,,,,,,,,,,,,,Over,0.2713192489650229,3.0588981942828184
Los Angeles Rams @ Chicago Bears,1768779000000,Bears,Rams,alt_total,Total Points,G,,50.5,,,105.0,-135.0,True,,,,,,,,,,,,,,Under,-0.33878960616722825,-3.0588981942828184
Los Angeles Rams @ Chicago Bears,1768779000000,Bears,Rams,alt_total,Total Points,G,,51.0,,,115.0,-150.0,True,,,,,,,,,,,,,,Over,0.2921113904103241,2.5588981942828184
Los Angeles Rams @ Chicago Bears,1768779000000,Bears,Rams,alt_total,Total Points,G,,51.0,,,115.0,-150.0,True,,,,,,,,,,,,,,Under,-0.33497007008552265,-2.5588981942828184
Los Angeles Rams @ Chicago Bears,1768779000000,Bears,Rams,alt_total,Total Points,G,,51.5,,,120.0,-160.0,True,,,,,,,,,,,,,,Over,0.27943532419446393,2.0588981942828184
Los Angeles Rams @ Chicago Bears,1768779000000,Bears,Rams,alt_total,Total Points,G,,51.5,,,120.0,-160.0,True,,,,,,,,,,,,,,Under,-0.3200374553709108,-2.0588981942828184
Los Angeles Rams @ Chicago Bears,1768779000000,Bears,Rams,alt_total,Total Points,G,,52.5,,,135.0,-180.0,True,,,,,,,,,,,,,,Over,0.27408801840148966,1.0588981942828184
Los Angeles Rams @ Chicago Bears,1768779000000,Bears,Rams,alt_total,Total Points,G,,52.5,,,135.0,-180.0,True,,,,,,,,,,,,,,Under,-0.2878123998875109,-1.0588981942828184
Los Angeles Rams @ Chicago Bears,1768779000000,Bears,Rams,alt_total,Total Points,G,,53.5,,,150.0,-200.0,True,,,,,,,,,,,,,,Over,0.2558742110219553,0.058898194282818395
Los Angeles Rams @ Chicago Bears,1768779000000,Bears,Rams,alt_total,Total Points,G,,53.5,,,150.0,-200.0,True,,,,,,,,,,,,,,Under,-0.2535245266131732,-0.058898194282818395
Los Angeles Rams @ Chicago Bears,1768779000000,Bears,Rams,alt_total,Total Points,G,,54.5,,,170.0,-230.0,True,,,,,,,,,,,,,,Over,0.2487792050218275,-0.9411018057171816
Los Angeles Rams @ Chicago Bears,1768779000000,Bears,Rams,alt_total,Total Points,G,,54.5,,,170.0,-230.0,True,,,,,,,,,,,,,,Under,-0.22881986740290353,0.9411018057171816
Los Angeles Rams @ Chicago Bears,1768779000000,Bears,Rams,alt_total,Total Points,G,,55.5,,,190.0,-260.0,True,,,,,,,,,,,,,,Over,0.22682993492964532,-1.9411018057171816
Los Angeles Rams @ Chicago Bears,1768779000000,Bears,Rams,alt_total,Total Points,G,,55.5,,,190.0,-260.0,True,,,,,,,,,,,,,,Under,-0.2011389609743665,1.9411018057171816
Los Angeles Rams @ Chicago Bears,1768779000000,Bears,Rams,alt_total,Total Points,G,,56.5,,,210.0,-290.0,True,,,,,,,,,,,,,,Over,0.19144425326225623,-2.9411018057171816
Los Angeles Rams @ Chicago Bears,1768779000000,Bears,Rams,alt_total,Total Points,G,,56.5,,,210.0,-290.0,True,,,,,,,,,,,,,,Under,-0.17203921999141256,2.9411018057171816
Los Angeles Rams @ Chicago Bears,1768779000000,Bears,Rams,alt_total,Total Points,G,,57.5,,,240.0,-340.0,True,,,,,,,,,,,,,,Over,0.17894948156127455,-3.9411018057171816
Los Angeles Rams @ Chicago Bears,1768779000000,Bears,Rams,alt_total,Total Points,G,,57.5,,,240.0,-340.0,True,,,,,,,,,,,,,,Under,-0.15461744972920485,3.9411018057171816
Los Angeles Rams @ Chicago Bears,1768779000000,Bears,Rams,alt_total,Total Points,G,,58.5,,,275.0,-400.0,True,,,,,,,,,,,,,,Over,0.16480319073448269,-4.941101805717182
Los Angeles Rams @ Chicago Bears,1768779000000,Bears,Rams,alt_total,Total Points,G,,58.5,,,275.0,-400.0,True,,,,,,,,,,,,,,Under,-0.13826773024482758,4.941101805717182
Los Angeles Rams @ Chicago Bears,1768779000000,Bears,Rams,alt_total,Total Points - Chicago Bears,G,,22.5,,,-115.0,-115.0,True,,,,,,,,,,,,,,Over,0.8677918657218155,31.05889819428282
Los Angeles Rams @ Chicago Bears,1768779000000,Bears,Rams,alt_total,Total Points - Chicago Bears,G,,22.5,,,-115.0,-115.0,True,,,,,,,,,,,,,,Under,-0.9982266483305113,-31.05889819428282
Los Angeles Rams @ Chicago Bears,1768779000000,Bears,Rams,alt_total,Total Points - Los Angeles Rams,G,,27.5,,,-110.0,-120.0,True,,,,,,,,,,,,,,Over,0.9003438427004096,26.05889819428282
Los Angeles Rams @ Chicago Bears,1768779000000,Bears,Rams,alt_total,Total Points - Los Angeles Rams,G,,27.5,,,-110.0,-120.0,True,,,,,,,,,,,,,,Under,-0.9916000394186472,-26.05889819428282
Los Angeles Rams @ Chicago Bears,1768779000000,Bears,Rams,alt_total,Total Points,G,,22.5,,,-160.0,120.0,True,,,,,,,,,,,,,,Over,0.6234586274733224,31.05889819428282
Los Angeles Rams @ Chicago Bears,1768779000000,Bears,Rams,alt_total,Total Points,G,,22.5,,,-160.0,120.0,True,,,,,,,,,,,,,,Under,-0.9979132187331133,-31.05889819428282
Los Angeles Rams @ Chicago Bears,1768779000000,Bears,Rams,alt_total,Total Points,G,,23.0,,,-145.0,110.0,True,,,,,,,,,,,,,,Over,0.6877594325487097,30.55889819428282
Los Angeles Rams @ Chicago Bears,1768779000000,Bears,Rams,alt_total,Total Points,G,,23.0,,,-145.0,110.0,True,,,,,,,,,,,,,,Under,-0.9976438661676821,-30.55889819428282
Los Angeles Rams @ Chicago Bears,1768779000000,Bears,Rams,alt_total,Total Points,G,,23.5,,,-130.0,,True,,,,,,,,,,,,,,Over,0.7668882640764267,30.05889819428282
Los Angeles Rams @ Chicago Bears,1768779000000,Bears,Rams,alt_total,Total Points,G,,23.5,,,-130.0,,True,,,,,,,,,,,,,,Under,,-30.05889819428282
Los Angeles Rams @ Chicago Bears,1768779000000,Bears,Rams,alt_total,Total Points,G,,24.5,,,105.0,-135.0,True,,,,,,,,,,,,,,Over,1.0462463436520029,29.05889819428282
Los Angeles Rams @ Chicago Bears,1768779000000,Bears,Rams,alt_total,Total Points,G,,24.5,,,105.0,-135.0,True,,,,,,,,,,,,,,Under,-0.9968126133991716,-29.05889819428282
Los Angeles Rams @ Chicago Bears,1768779000000,Bears,Rams,alt_total,Total Points,G,,25.5,,,105.0,-135.0,True,,,,,,,,,,,,,,Over,1.0448567707171066,28.05889819428282
Los Angeles Rams @ Chicago Bears,1768779000000,Bears,Rams,alt_total,Total Points,G,,25.5,,,105.0,-135.0,True,,,,,,,,,,,,,,Under,-0.9956326689016082,-28.05889819428282
Los Angeles Rams @ Chicago Bears,1768779000000,Bears,Rams,alt_total,Total Points,G,,26.0,,,110.0,-145.0,True,,,,,,,,,,,,,,Over,1.0938540654106501,27.55889819428282
Los Angeles Rams @ Chicago Bears,1768779000000,Bears,Rams,alt_total,Total Points,G,,26.0,,,110.0,-145.0,True,,,,,,,,,,,,,,Under,-0.9950549951579943,-27.55889819428282
Los Angeles Rams @ Chicago Bears,1768779000000,Bears,Rams,alt_total,Total Points - Chicago Bears,G,,10.5,,,-105.0,-125.0,True,,,,,,,,,,,,,,Over,0.9523647167882477,43.05889819428282
Los Angeles Rams @ Chicago Bears,1768779000000,Bears,Rams,alt_total,Total Points - Chicago Bears,G,,10.5,,,-105.0,-125.0,True,,,,,,,,,,,,,,Under,-0.9999850315755066,-43.05889819428282
Los Angeles Rams @ Chicago Bears,1768779000000,Bears,Rams,alt_total,Total Points - Los Angeles Rams,G,,13.5,,,-115.0,-115.0,True,,,,,,,,,,,,,,Over,0.8695074623655251,40.05889819428282
Los Angeles Rams @ Chicago Bears,1768779000000,Bears,Rams,alt_total,Total Points - Los Angeles Rams,G,,13.5,,,-115.0,-115.0,True,,,,,,,,,,,,,,Under,-0.9999422449742209,-40.05889819428282
Los Angeles Rams @ Chicago Bears,1768779000000,Bears,Rams,alt_total,Total Points - Chicago Bears,G,,3.5,,,105.0,-135.0,True,,,,,,,,,,,,,,Over,1.0499994300532778,50.05889819428282
Los Angeles Rams @ Chicago Bears,1768779000000,Bears,Rams,alt_total,Total Points - Chicago Bears,G,,3.5,,,105.0,-135.0,True,,,,,,,,,,,,,,Under,-0.9999995160344004,-50.05889819428282
Los Angeles Rams @ Chicago Bears,1768779000000,Bears,Rams,alt_total,Total Points - Los Angeles Rams,G,,6.5,,,-110.0,-120.0,True,,,,,,,,,,,,,,Over,0.9090884963721486,47.05889819428282
Los Angeles Rams @ Chicago Bears,1768779000000,Bears,Rams,alt_total,Total Points - Los Angeles Rams,G,,6.5,,,-110.0,-120.0,True,,,,,,,,,,,,,,Under,-0.9999976830240475,-47.05889819428282
