player,team,event,market,line,over_price,under_price,game_time,home_team,away_team,is_ladder,proj,edge
C.J. Stroud,HOU,Houston Texans @ New England Patriots,Passing Yards,125.0,-1550.0,,1768767000000,Patriots,Texans,True,263.5,138.5
C.J. Stroud,HOU,Houston Texans @ New England Patriots,Passing Yards,150.0,-660.0,,1768767000000,Patriots,Texans,True,263.5,113.5
C.J. Stroud,HOU,Houston Texans @ New England Patriots,Passing Yards,175.0,-340.0,,1768767000000,Patriots,Texans,True,263.5,88.5
C.J. Stroud,HOU,Houston Texans @ New England Patriots,Passing Yards,200.0,-175.0,,1768767000000,Patriots,Texans,True,263.5,63.5
C.J. Stroud,HOU,Houston Texans @ New England Patriots,Passing Yards,225.0,105.0,,1768767000000,Patriots,Texans,True,263.5,38.5
C.J. Stroud,HOU,Houston Texans @ New England Patriots,Passing Yards,250.0,190.0,,1768767000000,Patriots,Texans,True,263.5,13.5
C.J. Stroud,HOU,Houston Texans @ New England Patriots,Passing Yards,275.0,340.0,,1768767000000,Patriots,Texans,True,263.5,-11.5
C.J. Stroud,HOU,Houston Texans @ New England Patriots,Passing Yards,300.0,585.0,,1768767000000,Patriots,Texans,True,263.5,-36.5
C.J. Stroud,HOU,Houston Texans @ New England Patriots,Passing Yards,325.0,900.0,,1768767000000,Patriots,Texans,True,263.5,-61.5
C.J. Stroud,HOU,Houston Texans @ New England Patriots,Passing Yards,350.0,1350.0,,1768767000000,Patriots,Texans,True,263.5,-86.5
C.J. Stroud,HOU,Houston Texans @ New England Patriots,Passing Yards,375.0,3200.0,,1768767000000,Patriots,Texans,True,263.5,-111.5
Drake Maye,NE,Houston Texans @ New England Patriots,Passing Yards,150.0,-1200.0,,1768767000000,Patriots,Texans,True,285.0,135.0
Drake Maye,NE,Houston Texans @ New England Patriots,Passing Yards,175.0,-480.0,,1768767000000,Patriots,Texans,True,285.0,110.0
Drake Maye,NE,Houston Texans @ New England Patriots,Passing Yards,200.0,-250.0,,1768767000000,Patriots,Texans,True,285.0,85.0
Drake Maye,NE,Houston Texans @ New England Patriots,Passing Yards,225.0,-130.0,,1768767000000,Patriots,Texans,True,285.0,60.0
Drake Maye,NE,Houston Texans @ New England Patriots,Passing Yards,250.0,145.0,,1768767000000,Patriots,Texans,True,285.0,35.0
Drake Maye,NE,Houston Texans @ New England Patriots,Passing Yards,275.0,250.0,,1768767000000,Patriots,Texans,True,285.0,10.0
Drake Maye,NE,Houston Texans @ New England Patriots,Passing Yards,300.0,420.0,,1768767000000,Patriots,Texans,True,285.0,-15.0
Drake Maye,NE,Houston Texans @ New England Patriots,Passing Yards,325.0,730.0,,1768767000000,Patriots,Texans,True,285.0,-40.0
Drake Maye,NE,Houston Texans @ New England Patriots,Passing Yards,350.0,1150.0,,1768767000000,Patriots,Texans,True,285.0,-65.0
Drake Maye,NE,Houston Texans @ New England Patriots,Passing Yards,375.0,2000.0,,1768767000000,Patriots,Texans,True,285.0,-90.0
Christian Kirk,HOU,Houston Texans @ New England Patriots,Receiving Yards,10.0,-1600.0,,1768767000000,Patriots,Texans,True,38.4,28.4
Christian Kirk,HOU,Houston Texans @ New England Patriots,Receiving Yards,15.0,-750.0,,1768767000000,Patriots,Texans,True,38.4,23.4
Christian Kirk,HOU,Houston Texans @ New England Patriots,Receiving Yards,20.0,-450.0,,1768767000000,Patriots,Texans,True,38.4,18.4
Christian Kirk,HOU,Houston Texans @ New England Patriots,Receiving Yards,25.0,-300.0,,1768767000000,Patriots,Texans,True,38.4,13.399999999999999
Christian Kirk,HOU,Houston Texans @ New England Patriots,Receiving Yards,30.0,-210.0,,1768767000000,Patriots,Texans,True,38.4,8.399999999999999
Christian Kirk,HOU,Houston Texans @ New England Patriots,Receiving Yards,40.0,-110.0,,1768767000000,Patriots,Texans,True,38.4,-1.6000000000000014
Christian Kirk,HOU,Houston Texans @ New England Patriots,Receiving Yards,50.0,150.0,,1768767000000,Patriots,Texans,True,38.4,-11.600000000000001
Christian Kirk,HOU,Houston Texans @ New England Patriots,Receiving Yards,60.0,250.0,,1768767000000,Patriots,Texans,True,38.4,-21.6
Christian Kirk,HOU,Houston Texans @ New England Patriots,Receiving Yards,70.0,375.0,,1768767000000,Patriots,Texans,True,38.4,-31.6
Christian Kirk,HOU,Houston Texans @ New England Patriots,Receiving Yards,80.0,575.0,,1768767000000,Patriots,Texans,True,38.4,-41.6
Christian Kirk,HOU,Houston Texans @ New England Patriots,Receiving Yards,90.0,800.0,,1768767000000,Patriots,Texans,True,38.4,-51.6
Christian Kirk,HOU,Houston Texans @ New England Patriots,Receiving Yards,100.0,1100.0,,1768767000000,Patriots,Texans,True,38.4,-61.6
Christian Kirk,HOU,Houston Texans @ New England Patriots,Receiving Yards,110.0,1500.0,,1768767000000,Patriots,Texans,True,38.4,-71.6
Christian Kirk,HOU,Houston Texans @ New England Patriots,Receiving Yards,125.0,2800.0,,1768767000000,Patriots,Texans,True,38.4,-86.6
Dalton Schultz,HOU,Houston Texans @ New England Patriots,Receiving Yards,15.0,-1200.0,,1768767000000,Patriots,Texans,True,,
Dalton Schultz,HOU,Houston Texans @ New England Patriots,Receiving Yards,20.0,-600.0,,1768767000000,Patriots,Texans,True,,
Dalton Schultz,HOU,Houston Texans @ New England Patriots,Receiving Yards,25.0,-350.0,,1768767000000,Patriots,Texans,True,,
Dalton Schultz,HOU,Houston Texans @ New England Patriots,Receiving Yards,30.0,-250.0,,1768767000000,Patriots,Texans,True,,
Dalton Schultz,HOU,Houston Texans @ New England Patriots,Receiving Yards,40.0,-115.0,,1768767000000,Patriots,Texans,True,,
Dalton Schultz,HOU,Houston Texans @ New England Patriots,Receiving Yards,50.0,150.0,,1768767000000,Patriots,Texans,True,,
Dalton Schultz,HOU,Houston Texans @ New England Patriots,Receiving Yards,60.0,275.0,,1768767000000,Patriots,Texans,True,,
Dalton Schultz,HOU,Houston Texans @ New England Patriots,Receiving Yards,70.0,420.0,,1768767000000,Patriots,Texans,True,,
Dalton Schultz,HOU,Houston Texans @ New England Patriots,Receiving Yards,80.0,650.0,,1768767000000,Patriots,Texans,True,,
Dalton Schultz,HOU,Houston Texans @ New England Patriots,Receiving Yards,90.0,900.0,,1768767000000,Patriots,Texans,True,,
Dalton Schultz,HOU,Houston Texans @ New England Patriots,Receiving Yards,100.0,1200.0,,1768767000000,Patriots,Texans,True,,
Dalton Schultz,HOU,Houston Texans @ New England Patriots,Receiving Yards,110.0,2200.0,,1768767000000,Patriots,Texans,True,,
DeMario Douglas,NE,Houston Texans @ New England Patriots,Receiving Yards,10.0,-245.0,,1768767000000,Patriots,Texans,True,0.0,-10.0
DeMario Douglas,NE,Houston Texans @ New England Patriots,Receiving Yards,15.0,-150.0,,1768767000000,Patriots,Texans,True,0.0,-15.0
DeMario Douglas,NE,Houston Texans @ New England Patriots,Receiving Yards,20.0,,,1768767000000,Patriots,Texans,True,0.0,-20.0
DeMario Douglas,NE,Houston Texans @ New England Patriots,Receiving Yards,25.0,140.0,,1768767000000,Patriots,Texans,True,0.0,-25.0
DeMario Douglas,NE,Houston Texans @ New England Patriots,Receiving Yards,30.0,180.0,,1768767000000,Patriots,Texans,True,0.0,-30.0
DeMario Douglas,NE,Houston Texans @ New England Patriots,Receiving Yards,40.0,330.0,,1768767000000,Patriots,Texans,True,0.0,-40.0
DeMario Douglas,NE,Houston Texans @ New England Patriots,Receiving Yards,50.0,530.0,,1768767000000,Patriots,Texans,True,0.0,-50.0
DeMario Douglas,NE,Houston Texans @ New England Patriots,Receiving Yards,60.0,775.0,,1768767000000,Patriots,Texans,True,0.0,-60.0
DeMario Douglas,NE,Houston Texans @ New England Patriots,Receiving Yards,70.0,1100.0,,1768767000000,Patriots,Texans,True,0.0,-70.0
DeMario Douglas,NE,Houston Texans @ New England Patriots,Receiving Yards,80.0,1350.0,,1768767000000,Patriots,Texans,True,0.0,-80.0
DeMario Douglas,NE,Houston Texans @ New England Patriots,Receiving Yards,90.0,2550.0,,1768767000000,Patriots,Texans,True,0.0,-90.0
Hunter Henry,NE,Houston Texans @ New England Patriots,Receiving Yards,15.0,-880.0,,1768767000000,Patriots,Texans,True,36.8,21.799999999999997
Hunter Henry,NE,Houston Texans @ New England Patriots,Receiving Yards,20.0,-510.0,,1768767000000,Patriots,Texans,True,36.8,16.799999999999997
Hunter Henry,NE,Houston Texans @ New England Patriots,Receiving Yards,25.0,-340.0,,1768767000000,Patriots,Texans,True,36.8,11.799999999999997
Hunter Henry,NE,Houston Texans @ New England Patriots,Receiving Yards,30.0,-240.0,,1768767000000,Patriots,Texans,True,36.8,6.799999999999997
Hunter Henry,NE,Houston Texans @ New England Patriots,Receiving Yards,40.0,-125.0,,1768767000000,Patriots,Texans,True,36.8,-3.200000000000003
Hunter Henry,NE,Houston Texans @ New England Patriots,Receiving Yards,50.0,135.0,,1768767000000,Patriots,Texans,True,36.8,-13.200000000000003
Hunter Henry,NE,Houston Texans @ New England Patriots,Receiving Yards,60.0,210.0,,1768767000000,Patriots,Texans,True,36.8,-23.200000000000003
Hunter Henry,NE,Houston Texans @ New England Patriots,Receiving Yards,70.0,330.0,,1768767000000,Patriots,Texans,True,36.8,-33.2
Hunter Henry,NE,Houston Texans @ New England Patriots,Receiving Yards,80.0,500.0,,1768767000000,Patriots,Texans,True,36.8,-43.2
Hunter Henry,NE,Houston Texans @ New England Patriots,Receiving Yards,90.0,725.0,,1768767000000,Patriots,Texans,True,36.8,-53.2
Hunter Henry,NE,Houston Texans @ New England Patriots,Receiving Yards,100.0,1000.0,,1768767000000,Patriots,Texans,True,36.8,-63.2
Hunter Henry,NE,Houston Texans @ New England Patriots,Receiving Yards,110.0,1250.0,,1768767000000,Patriots,Texans,True,36.8,-73.2
Hunter Henry,NE,Houston Texans @ New England Patriots,Receiving Yards,125.0,2550.0,,1768767000000,Patriots,Texans,True,36.8,-88.2
Jayden Higgins,HOU,Houston Texans @ New England Patriots,Receiving Yards,10.0,-1200.0,,1768767000000,Patriots,Texans,True,63.0,53.0
Jayden Higgins,HOU,Houston Texans @ New England Patriots,Receiving Yards,15.0,-650.0,,1768767000000,Patriots,Texans,True,63.0,48.0
Jayden Higgins,HOU,Houston Texans @ New England Patriots,Receiving Yards,20.0,-400.0,,1768767000000,Patriots,Texans,True,63.0,43.0
Jayden Higgins,HOU,Houston Texans @ New England Patriots,Receiving Yards,25.0,-250.0,,1768767000000,Patriots,Texans,True,63.0,38.0
Jayden Higgins,HOU,Houston Texans @ New England Patriots,Receiving Yards,30.0,-190.0,,1768767000000,Patriots,Texans,True,63.0,33.0
Jayden Higgins,HOU,Houston Texans @ New England Patriots,Receiving Yards,40.0,-110.0,,1768767000000,Patriots,Texans,True,63.0,23.0
Jayden Higgins,HOU,Houston Texans @ New England Patriots,Receiving Yards,50.0,140.0,,1768767000000,Patriots,Texans,True,63.0,13.0
Jayden Higgins,HOU,Houston Texans @ New England Patriots,Receiving Yards,60.0,225.0,,1768767000000,Patriots,Texans,True,63.0,3.0
Jayden Higgins,HOU,Houston Texans @ New England Patriots,Receiving Yards,70.0,325.0,,1768767000000,Patriots,Texans,True,63.0,-7.0
Jayden Higgins,HOU,Houston Texans @ New England Patriots,Receiving Yards,80.0,450.0,,1768767000000,Patriots,Texans,True,63.0,-17.0
Jayden Higgins,HOU,Houston Texans @ New England Patriots,Receiving Yards,90.0,650.0,,1768767000000,Patriots,Texans,True,63.0,-27.0
Jayden Higgins,HOU,Houston Texans @ New England Patriots,Receiving Yards,100.0,875.0,,1768767000000,Patriots,Texans,True,63.0,-37.0
Jayden Higgins,HOU,Houston Texans @ New England Patriots,Receiving Yards,110.0,1200.0,,1768767000000,Patriots,Texans,True,63.0,-47.0
Jayden Higgins,HOU,Houston Texans @ New England Patriots,Receiving Yards,125.0,1600.0,,1768767000000,Patriots,Texans,True,63.0,-62.0
Jaylin Noel,HOU,Houston Texans @ New England Patriots,Receiving Yards,10.0,-110.0,,1768767000000,Patriots,Texans,True,0.0,-10.0
Jaylin Noel,HOU,Houston Texans @ New England Patriots,Receiving Yards,15.0,150.0,,1768767000000,Patriots,Texans,True,0.0,-15.0
Jaylin Noel,HOU,Houston Texans @ New England Patriots,Receiving Yards,20.0,200.0,,1768767000000,Patriots,Texans,True,0.0,-20.0
Jaylin Noel,HOU,Houston Texans @ New England Patriots,Receiving Yards,25.0,275.0,,1768767000000,Patriots,Texans,True,0.0,-25.0
Jaylin Noel,HOU,Houston Texans @ New England Patriots,Receiving Yards,30.0,400.0,,1768767000000,Patriots,Texans,True,0.0,-30.0
Jaylin Noel,HOU,Houston Texans @ New England Patriots,Receiving Yards,40.0,600.0,,1768767000000,Patriots,Texans,True,0.0,-40.0
Jaylin Noel,HOU,Houston Texans @ New England Patriots,Receiving Yards,50.0,900.0,,1768767000000,Patriots,Texans,True,0.0,-50.0
Jaylin Noel,HOU,Houston Texans @ New England Patriots,Receiving Yards,60.0,1200.0,,1768767000000,Patriots,Texans,True,0.0,-60.0
Jaylin Noel,HOU,Houston Texans @ New England Patriots,Receiving Yards,70.0,2000.0,,1768767000000,Patriots,Texans,True,0.0,-70.0
Jaylin Noel,HOU,Houston Texans @ New England Patriots,Receiving Yards,80.0,2800.0,,1768767000000,Patriots,Texans,True,0.0,-80.0
Kayshon Boutte,NE,Houston Texans @ New England Patriots,Receiving Yards,10.0,-660.0,,1768767000000,Patriots,Texans,True,52.5,42.5
Kayshon Boutte,NE,Houston Texans @ New England Patriots,Receiving Yards,15.0,-390.0,,1768767000000,Patriots,Texans,True,52.5,37.5
Kayshon Boutte,NE,Houston Texans @ New England Patriots,Receiving Yards,20.0,-265.0,,1768767000000,Patriots,Texans,True,52.5,32.5
Kayshon Boutte,NE,Houston Texans @ New England Patriots,Receiving Yards,25.0,-195.0,,1768767000000,Patriots,Texans,True,52.5,27.5
Kayshon Boutte,NE,Houston Texans @ New England Patriots,Receiving Yards,30.0,-140.0,,1768767000000,Patriots,Texans,True,52.5,22.5
Kayshon Boutte,NE,Houston Texans @ New England Patriots,Receiving Yards,40.0,120.0,,1768767000000,Patriots,Texans,True,52.5,12.5
Kayshon Boutte,NE,Houston Texans @ New England Patriots,Receiving Yards,50.0,185.0,,1768767000000,Patriots,Texans,True,52.5,2.5
Kayshon Boutte,NE,Houston Texans @ New England Patriots,Receiving Yards,60.0,280.0,,1768767000000,Patriots,Texans,True,52.5,-7.5
Kayshon Boutte,NE,Houston Texans @ New England Patriots,Receiving Yards,70.0,390.0,,1768767000000,Patriots,Texans,True,52.5,-17.5
Kayshon Boutte,NE,Houston Texans @ New England Patriots,Receiving Yards,80.0,575.0,,1768767000000,Patriots,Texans,True,52.5,-27.5
Kayshon Boutte,NE,Houston Texans @ New England Patriots,Receiving Yards,90.0,800.0,,1768767000000,Patriots,Texans,True,52.5,-37.5
Kayshon Boutte,NE,Houston Texans @ New England Patriots,Receiving Yards,100.0,1100.0,,1768767000000,Patriots,Texans,True,52.5,-47.5
Kayshon Boutte,NE,Houston Texans @ New England Patriots,Receiving Yards,110.0,1350.0,,1768767000000,Patriots,Texans,True,52.5,-57.5
Kayshon Boutte,NE,Houston Texans @ New England Patriots,Receiving Yards,125.0,2250.0,,1768767000000,Patriots,Texans,True,52.5,-72.5
Rhamondre Stevenson,NE,Houston Texans @ New England Patriots,Receiving Yards,10.0,-375.0,,1768767000000,Patriots,Texans,True,23.8,13.8
Rhamondre Stevenson,NE,Houston Texans @ New England Patriots,Receiving Yards,15.0,-225.0,,1768767000000,Patriots,Texans,True,23.8,8.8
Rhamondre Stevenson,NE,Houston Texans @ New England Patriots,Receiving Yards,20.0,-125.0,,1768767000000,Patriots,Texans,True,23.8,3.8000000000000007
Rhamondre Stevenson,NE,Houston Texans @ New England Patriots,Receiving Yards,25.0,115.0,,1768767000000,Patriots,Texans,True,23.8,-1.1999999999999993
Rhamondre Stevenson,NE,Houston Texans @ New England Patriots,Receiving Yards,30.0,165.0,,1768767000000,Patriots,Texans,True,23.8,-6.199999999999999
Rhamondre Stevenson,NE,Houston Texans @ New England Patriots,Receiving Yards,40.0,300.0,,1768767000000,Patriots,Texans,True,23.8,-16.2
Rhamondre Stevenson,NE,Houston Texans @ New England Patriots,Receiving Yards,50.0,525.0,,1768767000000,Patriots,Texans,True,23.8,-26.2
Rhamondre Stevenson,NE,Houston Texans @ New England Patriots,Receiving Yards,60.0,850.0,,1768767000000,Patriots,Texans,True,23.8,-36.2
Rhamondre Stevenson,NE,Houston Texans @ New England Patriots,Receiving Yards,70.0,1200.0,,1768767000000,Patriots,Texans,True,23.8,-46.2
Rhamondre Stevenson,NE,Houston Texans @ New England Patriots,Receiving Yards,80.0,2200.0,,1768767000000,Patriots,Texans,True,23.8,-56.2
Stefon Diggs,NE,Houston Texans @ New England Patriots,Receiving Yards,20.0,-990.0,,1768767000000,Patriots,Texans,True,67.4,47.400000000000006
Stefon Diggs,NE,Houston Texans @ New England Patriots,Receiving Yards,25.0,-600.0,,1768767000000,Patriots,Texans,True,67.4,42.400000000000006
Stefon Diggs,NE,Houston Texans @ New England Patriots,Receiving Yards,30.0,-390.0,,1768767000000,Patriots,Texans,True,67.4,37.400000000000006
Stefon Diggs,NE,Houston Texans @ New England Patriots,Receiving Yards,40.0,-205.0,,1768767000000,Patriots,Texans,True,67.4,27.400000000000006
Stefon Diggs,NE,Houston Texans @ New England Patriots,Receiving Yards,50.0,-120.0,,1768767000000,Patriots,Texans,True,67.4,17.400000000000006
Stefon Diggs,NE,Houston Texans @ New England Patriots,Receiving Yards,60.0,135.0,,1768767000000,Patriots,Texans,True,67.4,7.400000000000006
Stefon Diggs,NE,Houston Texans @ New England Patriots,Receiving Yards,70.0,205.0,,1768767000000,Patriots,Texans,True,67.4,-2.5999999999999943
Stefon Diggs,NE,Houston Texans @ New England Patriots,Receiving Yards,80.0,320.0,,1768767000000,Patriots,Texans,True,67.4,-12.599999999999994
Stefon Diggs,NE,Houston Texans @ New England Patriots,Receiving Yards,90.0,475.0,,1768767000000,Patriots,Texans,True,67.4,-22.599999999999994
Stefon Diggs,NE,Houston Texans @ New England Patriots,Receiving Yards,100.0,630.0,,1768767000000,Patriots,Texans,True,67.4,-32.599999999999994
Stefon Diggs,NE,Houston Texans @ New England Patriots,Receiving Yards,110.0,850.0,,1768767000000,Patriots,Texans,True,67.4,-42.599999999999994
Stefon Diggs,NE,Houston Texans @ New England Patriots,Receiving Yards,125.0,1350.0,,1768767000000,Patriots,Texans,True,67.4,-57.599999999999994
TreVeyon Henderson,NE,Houston Texans @ New England Patriots,Receiving Yards,10.0,-110.0,,1768767000000,Patriots,Texans,True,16.8,6.800000000000001
TreVeyon Henderson,NE,Houston Texans @ New England Patriots,Receiving Yards,15.0,165.0,,1768767000000,Patriots,Texans,True,16.8,1.8000000000000007
TreVeyon Henderson,NE,Houston Texans @ New England Patriots,Receiving Yards,20.0,260.0,,1768767000000,Patriots,Texans,True,16.8,-3.1999999999999993
TreVeyon Henderson,NE,Houston Texans @ New England Patriots,Receiving Yards,25.0,360.0,,1768767000000,Patriots,Texans,True,16.8,-8.2
TreVeyon Henderson,NE,Houston Texans @ New England Patriots,Receiving Yards,30.0,530.0,,1768767000000,Patriots,Texans,True,16.8,-13.2
TreVeyon Henderson,NE,Houston Texans @ New England Patriots,Receiving Yards,40.0,900.0,,1768767000000,Patriots,Texans,True,16.8,-23.2
TreVeyon Henderson,NE,Houston Texans @ New England Patriots,Receiving Yards,50.0,1350.0,,1768767000000,Patriots,Texans,True,16.8,-33.2
TreVeyon Henderson,NE,Houston Texans @ New England Patriots,Receiving Yards,60.0,3200.0,,1768767000000,Patriots,Texans,True,16.8,-43.2
Woody Marks,HOU,Houston Texans @ New England Patriots,Receiving Yards,10.0,-105.0,,1768767000000,Patriots,Texans,True,21.7,11.7
Woody Marks,HOU,Houston Texans @ New England Patriots,Receiving Yards,15.0,170.0,,1768767000000,Patriots,Texans,True,21.7,6.699999999999999
Woody Marks,HOU,Houston Texans @ New England Patriots,Receiving Yards,20.0,275.0,,1768767000000,Patriots,Texans,True,21.7,1.6999999999999993
Woody Marks,HOU,Houston Texans @ New England Patriots,Receiving Yards,25.0,400.0,,1768767000000,Patriots,Texans,True,21.7,-3.3000000000000007
Woody Marks,HOU,Houston Texans @ New England Patriots,Receiving Yards,30.0,625.0,,1768767000000,Patriots,Texans,True,21.7,-8.3
Xavier Hutchinson,HOU,Houston Texans @ New England Patriots,Receiving Yards,10.0,-650.0,,1768767000000,Patriots,Texans,True,27.4,17.4
Xavier Hutchinson,HOU,Houston Texans @ New England Patriots,Receiving Yards,15.0,-350.0,,1768767000000,Patriots,Texans,True,27.4,12.399999999999999
Xavier Hutchinson,HOU,Houston Texans @ New England Patriots,Receiving Yards,20.0,-250.0,,1768767000000,Patriots,Texans,True,27.4,7.399999999999999
Xavier Hutchinson,HOU,Houston Texans @ New England Patriots,Receiving Yards,25.0,-160.0,,1768767000000,Patriots,Texans,True,27.4,2.3999999999999986
Xavier Hutchinson,HOU,Houston Texans @ New England Patriots,Receiving Yards,30.0,-115.0,,1768767000000,Patriots,Texans,True,27.4,-2.6000000000000014
Xavier Hutchinson,HOU,Houston Texans @ New England Patriots,Receiving Yards,40.0,150.0,,1768767000000,Patriots,Texans,True,27.4,-12.600000000000001
Xavier Hutchinson,HOU,Houston Texans @ New England Patriots,Receiving Yards,50.0,225.0,,1768767000000,Patriots,Texans,True,27.4,-22.6
Xavier Hutchinson,HOU,Houston Texans @ New England Patriots,Receiving Yards,60.0,375.0,,1768767000000,Patriots,Texans,True,27.4,-32.6
Xavier Hutchinson,HOU,Houston Texans @ New England Patriots,Receiving Yards,70.0,575.0,,1768767000000,Patriots,Texans,True,27.4,-42.6
Xavier Hutchinson,HOU,Houston Texans @ New England Patriots,Receiving Yards,80.0,850.0,,1768767000000,Patriots,Texans,True,27.4,-52.6
Xavier Hutchinson,HOU,Houston Texans @ New England Patriots,Receiving Yards,90.0,1200.0,,1768767000000,Patriots,Texans,True,27.4,-62.6
Xavier Hutchinson,HOU,Houston Texans @ New England Patriots,Receiving Yards,100.0,1400.0,,1768767000000,Patriots,Texans,True,27.4,-72.6
Xavier Hutchinson,HOU,Houston Texans @ New England Patriots,Receiving Yards,110.0,2200.0,,1768767000000,Patriots,Texans,True,27.4,-82.6
Christian Kirk,HOU,Houston Texans @ New England Patriots,Receptions,2.0,-1400.0,,1768767000000,Patriots,Texans,True,3.85,1.85
Christian Kirk,HOU,Houston Texans @ New England Patriots,Receptions,3.0,-350.0,,1768767000000,Patriots,Texans,True,3.85,0.8500000000000001
Christian Kirk,HOU,Houston Texans @ New England Patriots,Receptions,4.0,-150.0,,1768767000000,Patriots,Texans,True,3.85,-0.1499999999999999
Christian Kirk,HOU,Houston Texans @ New England Patriots,Receptions,5.0,150.0,,1768767000000,Patriots,Texans,True,3.85,-1.15
Christian Kirk,HOU,Houston Texans @ New England Patriots,Receptions,6.0,275.0,,1768767000000,Patriots,Texans,True,3.85,-2.15
Christian Kirk,HOU,Houston Texans @ New England Patriots,Receptions,7.0,550.0,,1768767000000,Patriots,Texans,True,3.85,-3.15
Dalton Schultz,HOU,Houston Texans @ New England Patriots,Receptions,3.0,-700.0,,1768767000000,Patriots,Texans,True,,
Dalton Schultz,HOU,Houston Texans @ New England Patriots,Receptions,4.0,-250.0,,1768767000000,Patriots,Texans,True,,
Dalton Schultz,HOU,Houston Texans @ New England Patriots,Receptions,5.0,-120.0,,1768767000000,Patriots,Texans,True,,
Dalton Schultz,HOU,Houston Texans @ New England Patriots,Receptions,6.0,165.0,,1768767000000,Patriots,Texans,True,,
Dalton Schultz,HOU,Houston Texans @ New England Patriots,Receptions,7.0,325.0,,1768767000000,Patriots,Texans,True,,
Dalton Schultz,HOU,Houston Texans @ New England Patriots,Receptions,8.0,575.0,,1768767000000,Patriots,Texans,True,,
DeMario Douglas,NE,Houston Texans @ New England Patriots,Receptions,1.0,-710.0,,1768767000000,Patriots,Texans,True,0.0,-1.0
DeMario Douglas,NE,Houston Texans @ New England Patriots,Receptions,2.0,-140.0,,1768767000000,Patriots,Texans,True,0.0,-2.0
DeMario Douglas,NE,Houston Texans @ New England Patriots,Receptions,3.0,220.0,,1768767000000,Patriots,Texans,True,0.0,-3.0
DeMario Douglas,NE,Houston Texans @ New England Patriots,Receptions,4.0,575.0,,1768767000000,Patriots,Texans,True,0.0,-4.0
Hunter Henry,NE,Houston Texans @ New England Patriots,Receptions,2.0,-1200.0,,1768767000000,Patriots,Texans,True,4.29,2.29
Hunter Henry,NE,Houston Texans @ New England Patriots,Receptions,3.0,-300.0,,1768767000000,Patriots,Texans,True,4.29,1.29
Hunter Henry,NE,Houston Texans @ New England Patriots,Receptions,4.0,-125.0,,1768767000000,Patriots,Texans,True,4.29,0.29000000000000004
Hunter Henry,NE,Houston Texans @ New England Patriots,Receptions,5.0,175.0,,1768767000000,Patriots,Texans,True,4.29,-0.71
Hunter Henry,NE,Houston Texans @ New England Patriots,Receptions,6.0,340.0,,1768767000000,Patriots,Texans,True,4.29,-1.71
Hunter Henry,NE,Houston Texans @ New England Patriots,Receptions,7.0,630.0,,1768767000000,Patriots,Texans,True,4.29,-2.71
Jayden Higgins,HOU,Houston Texans @ New England Patriots,Receptions,2.0,-700.0,,1768767000000,Patriots,Texans,True,5.02,3.0199999999999996
Jayden Higgins,HOU,Houston Texans @ New England Patriots,Receptions,3.0,-225.0,,1768767000000,Patriots,Texans,True,5.02,2.0199999999999996
Jayden Higgins,HOU,Houston Texans @ New England Patriots,Receptions,4.0,,,1768767000000,Patriots,Texans,True,5.02,1.0199999999999996
Jayden Higgins,HOU,Houston Texans @ New England Patriots,Receptions,5.0,220.0,,1768767000000,Patriots,Texans,True,5.02,0.019999999999999574
Jayden Higgins,HOU,Houston Texans @ New England Patriots,Receptions,6.0,400.0,,1768767000000,Patriots,Texans,True,5.02,-0.9800000000000004
Jayden Higgins,HOU,Houston Texans @ New England Patriots,Receptions,7.0,700.0,,1768767000000,Patriots,Texans,True,5.02,-1.9800000000000004
Kayshon Boutte,NE,Houston Texans @ New England Patriots,Receptions,1.0,-1800.0,,1768767000000,Patriots,Texans,True,4.87,3.87
Kayshon Boutte,NE,Houston Texans @ New England Patriots,Receptions,2.0,-280.0,,1768767000000,Patriots,Texans,True,4.87,2.87
Kayshon Boutte,NE,Houston Texans @ New England Patriots,Receptions,3.0,110.0,,1768767000000,Patriots,Texans,True,4.87,1.87
Kayshon Boutte,NE,Houston Texans @ New England Patriots,Receptions,4.0,280.0,,1768767000000,Patriots,Texans,True,4.87,0.8700000000000001
Kayshon Boutte,NE,Houston Texans @ New England Patriots,Receptions,5.0,675.0,,1768767000000,Patriots,Texans,True,4.87,-0.1299999999999999
Rhamondre Stevenson,NE,Houston Texans @ New England Patriots,Receptions,2.0,-370.0,,1768767000000,Patriots,Texans,True,3.11,1.1099999999999999
Rhamondre Stevenson,NE,Houston Texans @ New England Patriots,Receptions,3.0,-125.0,,1768767000000,Patriots,Texans,True,3.11,0.10999999999999988
Rhamondre Stevenson,NE,Houston Texans @ New England Patriots,Receptions,4.0,185.0,,1768767000000,Patriots,Texans,True,3.11,-0.8900000000000001
Rhamondre Stevenson,NE,Houston Texans @ New England Patriots,Receptions,5.0,380.0,,1768767000000,Patriots,Texans,True,3.11,-1.8900000000000001
Rhamondre Stevenson,NE,Houston Texans @ New England Patriots,Receptions,6.0,775.0,,1768767000000,Patriots,Texans,True,3.11,-2.89
Stefon Diggs,NE,Houston Texans @ New England Patriots,Receptions,3.0,-725.0,,1768767000000,Patriots,Texans,True,7.54,4.54
Stefon Diggs,NE,Houston Texans @ New England Patriots,Receptions,4.0,-265.0,,1768767000000,Patriots,Texans,True,7.54,3.54
Stefon Diggs,NE,Houston Texans @ New England Patriots,Receptions,5.0,-120.0,,1768767000000,Patriots,Texans,True,7.54,2.54
Stefon Diggs,NE,Houston Texans @ New England Patriots,Receptions,6.0,165.0,,1768767000000,Patriots,Texans,True,7.54,1.54
Stefon Diggs,NE,Houston Texans @ New England Patriots,Receptions,7.0,290.0,,1768767000000,Patriots,Texans,True,7.54,0.54
Stefon Diggs,NE,Houston Texans @ New England Patriots,Receptions,8.0,575.0,,1768767000000,Patriots,Texans,True,7.54,-0.45999999999999996
TreVeyon Henderson,NE,Houston Texans @ New England Patriots,Receptions,1.0,-250.0,,1768767000000,Patriots,Texans,True,2.08,1.08
TreVeyon Henderson,NE,Houston Texans @ New England Patriots,Receptions,2.0,175.0,,1768767000000,Patriots,Texans,True,2.08,0.08000000000000007
TreVeyon Henderson,NE,Houston Texans @ New England Patriots,Receptions,3.0,400.0,,1768767000000,Patriots,Texans,True,2.08,-0.9199999999999999
Woody Marks,HOU,Houston Texans @ New England Patriots,Receptions,1.0,-500.0,,1768767000000,Patriots,Texans,True,2.27,1.27
Woody Marks,HOU,Houston Texans @ New England Patriots,Receptions,2.0,-115.0,,1768767000000,Patriots,Texans,True,2.27,0.27
Woody Marks,HOU,Houston Texans @ New England Patriots,Receptions,3.0,275.0,,1768767000000,Patriots,Texans,True,2.27,-0.73
Woody Marks,HOU,Houston Texans @ New England Patriots,Receptions,4.0,650.0,,1768767000000,Patriots,Texans,True,2.27,-1.73
Xavier Hutchinson,HOU,Houston Texans @ New England Patriots,Receptions,2.0,-450.0,,1768767000000,Patriots,Texans,True,2.26,0.2599999999999998
Xavier Hutchinson,HOU,Houston Texans @ New England Patriots,Receptions,3.0,-135.0,,1768767000000,Patriots,Texans,True,2.26,-0.7400000000000002
Xavier Hutchinson,HOU,Houston Texans @ New England Patriots,Receptions,4.0,180.0,,1768767000000,Patriots,Texans,True,2.26,-1.7400000000000002
Xavier Hutchinson,HOU,Houston Texans @ New England Patriots,Receptions,5.0,400.0,,1768767000000,Patriots,Texans,True,2.26,-2.74
Xavier Hutchinson,HOU,Houston Texans @ New England Patriots,Receptions,6.0,800.0,,1768767000000,Patriots,Texans,True,2.26,-3.74
C.J. Stroud,HOU,Houston Texans @ New England Patriots,Rushing Yards,10.0,-150.0,,1768767000000,Patriots,Texans,True,24.0,14.0
C.J. Stroud,HOU,Houston Texans @ New England Patriots,Rushing Yards,15.0,135.0,,1768767000000,Patriots,Texans,True,24.0,9.0
C.J. Stroud,HOU,Houston Texans @ New England Patriots,Rushing Yards,20.0,230.0,,1768767000000,Patriots,Texans,True,24.0,4.0
C.J. Stroud,HOU,Houston Texans @ New England Patriots,Rushing Yards,25.0,360.0,,1768767000000,Patriots,Texans,True,24.0,-1.0
C.J. Stroud,HOU,Houston Texans @ New England Patriots,Rushing Yards,30.0,585.0,,1768767000000,Patriots,Texans,True,24.0,-6.0
C.J. Stroud,HOU,Houston Texans @ New England Patriots,Rushing Yards,40.0,1150.0,,1768767000000,Patriots,Texans,True,24.0,-16.0
C.J. Stroud,HOU,Houston Texans @ New England Patriots,Rushing Yards,50.0,2550.0,,1768767000000,Patriots,Texans,True,24.0,-26.0
Drake Maye,NE,Houston Texans @ New England Patriots,Rushing Yards,15.0,-1200.0,,1768767000000,Patriots,Texans,True,20.7,5.699999999999999
Drake Maye,NE,Houston Texans @ New England Patriots,Rushing Yards,20.0,-530.0,,1768767000000,Patriots,Texans,True,20.7,0.6999999999999993
Drake Maye,NE,Houston Texans @ New England Patriots,Rushing Yards,25.0,-320.0,,1768767000000,Patriots,Texans,True,20.7,-4.300000000000001
Drake Maye,NE,Houston Texans @ New England Patriots,Rushing Yards,30.0,-210.0,,1768767000000,Patriots,Texans,True,20.7,-9.3
Drake Maye,NE,Houston Texans @ New England Patriots,Rushing Yards,40.0,105.0,,1768767000000,Patriots,Texans,True,20.7,-19.3
Drake Maye,NE,Houston Texans @ New England Patriots,Rushing Yards,50.0,200.0,,1768767000000,Patriots,Texans,True,20.7,-29.3
Drake Maye,NE,Houston Texans @ New England Patriots,Rushing Yards,60.0,340.0,,1768767000000,Patriots,Texans,True,20.7,-39.3
Drake Maye,NE,Houston Texans @ New England Patriots,Rushing Yards,70.0,585.0,,1768767000000,Patriots,Texans,True,20.7,-49.3
Drake Maye,NE,Houston Texans @ New England Patriots,Rushing Yards,80.0,800.0,,1768767000000,Patriots,Texans,True,20.7,-59.3
Drake Maye,NE,Houston Texans @ New England Patriots,Rushing Yards,90.0,1150.0,,1768767000000,Patriots,Texans,True,20.7,-69.3
Drake Maye,NE,Houston Texans @ New England Patriots,Rushing Yards,100.0,1550.0,,1768767000000,Patriots,Texans,True,20.7,-79.3
Drake Maye,NE,Houston Texans @ New England Patriots,Rushing Yards,110.0,2550.0,,1768767000000,Patriots,Texans,True,20.7,-89.3
Rhamondre Stevenson,NE,Houston Texans @ New England Patriots,Rushing Yards,15.0,-1550.0,,1768767000000,Patriots,Texans,True,51.5,36.5
Rhamondre Stevenson,NE,Houston Texans @ New England Patriots,Rushing Yards,20.0,-660.0,,1768767000000,Patriots,Texans,True,51.5,31.5
Rhamondre Stevenson,NE,Houston Texans @ New England Patriots,Rushing Yards,25.0,-350.0,,1768767000000,Patriots,Texans,True,51.5,26.5
Rhamondre Stevenson,NE,Houston Texans @ New England Patriots,Rushing Yards,30.0,-225.0,,1768767000000,Patriots,Texans,True,51.5,21.5
Rhamondre Stevenson,NE,Houston Texans @ New England Patriots,Rushing Yards,40.0,-105.0,,1768767000000,Patriots,Texans,True,51.5,11.5
Rhamondre Stevenson,NE,Houston Texans @ New England Patriots,Rushing Yards,50.0,180.0,,1768767000000,Patriots,Texans,True,51.5,1.5
Rhamondre Stevenson,NE,Houston Texans @ New England Patriots,Rushing Yards,60.0,330.0,,1768767000000,Patriots,Texans,True,51.5,-8.5
Rhamondre Stevenson,NE,Houston Texans @ New England Patriots,Rushing Yards,70.0,530.0,,1768767000000,Patriots,Texans,True,51.5,-18.5
Rhamondre Stevenson,NE,Houston Texans @ New England Patriots,Rushing Yards,80.0,800.0,,1768767000000,Patriots,Texans,True,51.5,-28.5
Rhamondre Stevenson,NE,Houston Texans @ New England Patriots,Rushing Yards,90.0,1100.0,,1768767000000,Patriots,Texans,True,51.5,-38.5
Rhamondre Stevenson,NE,Houston Texans @ New England Patriots,Rushing Yards,100.0,1800.0,,1768767000000,Patriots,Texans,True,51.5,-48.5
Rhamondre Stevenson,NE,Houston Texans @ New England Patriots,Rushing Yards,110.0,2550.0,,1768767000000,Patriots,Texans,True,51.5,-58.5
TreVeyon Henderson,NE,Houston Texans @ New England Patriots,Rushing Yards,15.0,-1600.0,,1768767000000,Patriots,Texans,True,29.6,14.600000000000001
TreVeyon Henderson,NE,Houston Texans @ New England Patriots,Rushing Yards,20.0,-710.0,,1768767000000,Patriots,Texans,True,29.6,9.600000000000001
TreVeyon Henderson,NE,Houston Texans @ New England Patriots,Rushing Yards,25.0,-390.0,,1768767000000,Patriots,Texans,True,29.6,4.600000000000001
TreVeyon Henderson,NE,Houston Texans @ New England Patriots,Rushing Yards,30.0,-260.0,,1768767000000,Patriots,Texans,True,29.6,-0.3999999999999986
TreVeyon Henderson,NE,Houston Texans @ New England Patriots,Rushing Yards,40.0,-120.0,,1768767000000,Patriots,Texans,True,29.6,-10.399999999999999
TreVeyon Henderson,NE,Houston Texans @ New England Patriots,Rushing Yards,50.0,165.0,,1768767000000,Patriots,Texans,True,29.6,-20.4
TreVeyon Henderson,NE,Houston Texans @ New England Patriots,Rushing Yards,60.0,270.0,,1768767000000,Patriots,Texans,True,29.6,-30.4
TreVeyon Henderson,NE,Houston Texans @ New England Patriots,Rushing Yards,70.0,450.0,,1768767000000,Patriots,Texans,True,29.6,-40.4
TreVeyon Henderson,NE,Houston Texans @ New England Patriots,Rushing Yards,80.0,675.0,,1768767000000,Patriots,Texans,True,29.6,-50.4
TreVeyon Henderson,NE,Houston Texans @ New England Patriots,Rushing Yards,90.0,1000.0,,1768767000000,Patriots,Texans,True,29.6,-60.4
TreVeyon Henderson,NE,Houston Texans @ New England Patriots,Rushing Yards,100.0,1350.0,,1768767000000,Patriots,Texans,True,29.6,-70.4
TreVeyon Henderson,NE,Houston Texans @ New England Patriots,Rushing Yards,110.0,2250.0,,1768767000000,Patriots,Texans,True,29.6,-80.4
Woody Marks,HOU,Houston Texans @ New England Patriots,Rushing Yards,30.0,-1100.0,,1768767000000,Patriots,Texans,True,77.6,47.599999999999994
Woody Marks,HOU,Houston Texans @ New England Patriots,Rushing Yards,40.0,-390.0,,1768767000000,Patriots,Texans,True,77.6,37.599999999999994
Woody Marks,HOU,Houston Texans @ New England Patriots,Rushing Yards,50.0,-210.0,,1768767000000,Patriots,Texans,True,77.6,27.599999999999994
Woody Marks,HOU,Houston Texans @ New England Patriots,Rushing Yards,60.0,-115.0,,1768767000000,Patriots,Texans,True,77.6,17.599999999999994
Woody Marks,HOU,Houston Texans @ New England Patriots,Rushing Yards,70.0,150.0,,1768767000000,Patriots,Texans,True,77.6,7.599999999999994
Woody Marks,HOU,Houston Texans @ New England Patriots,Rushing Yards,80.0,235.0,,1768767000000,Patriots,Texans,True,77.6,-2.4000000000000057
Woody Marks,HOU,Houston Texans @ New England Patriots,Rushing Yards,90.0,360.0,,1768767000000,Patriots,Texans,True,77.6,-12.400000000000006
Woody Marks,HOU,Houston Texans @ New England Patriots,Rushing Yards,100.0,530.0,,1768767000000,Patriots,Texans,True,77.6,-22.400000000000006
Woody Marks,HOU,Houston Texans @ New England Patriots,Rushing Yards,110.0,775.0,,1768767000000,Patriots,Texans,True,77.6,-32.400000000000006
Woody Marks,HOU,Houston Texans @ New England Patriots,Rushing Yards,125.0,1150.0,,1768767000000,Patriots,Texans,True,77.6,-47.400000000000006
Caleb Williams,CHI,Los Angeles Rams @ Chicago Bears,Passing Yards,150.0,-990.0,,1768779000000,Bears,Rams,True,288.7,138.7
Caleb Williams,CHI,Los Angeles Rams @ Chicago Bears,Passing Yards,175.0,-500.0,,1768779000000,Bears,Rams,True,288.7,113.69999999999999
Caleb Williams,CHI,Los Angeles Rams @ Chicago Bears,Passing Yards,200.0,-260.0,,1768779000000,Bears,Rams,True,288.7,88.69999999999999
Caleb Williams,CHI,Los Angeles Rams @ Chicago Bears,Passing Yards,225.0,-140.0,,1768779000000,Bears,Rams,True,288.7,63.69999999999999
Caleb Williams,CHI,Los Angeles Rams @ Chicago Bears,Passing Yards,250.0,130.0,,1768779000000,Bears,Rams,True,288.7,38.69999999999999
Caleb Williams,CHI,Los Angeles Rams @ Chicago Bears,Passing Yards,275.0,220.0,,1768779000000,Bears,Rams,True,288.7,13.699999999999989
Caleb Williams,CHI,Los Angeles Rams @ Chicago Bears,Passing Yards,300.0,370.0,,1768779000000,Bears,Rams,True,288.7,-11.300000000000011
Caleb Williams,CHI,Los Angeles Rams @ Chicago Bears,Passing Yards,325.0,630.0,,1768779000000,Bears,Rams,True,288.7,-36.30000000000001
Caleb Williams,CHI,Los Angeles Rams @ Chicago Bears,Passing Yards,350.0,1100.0,,1768779000000,Bears,Rams,True,288.7,-61.30000000000001
Caleb Williams,CHI,Los Angeles Rams @ Chicago Bears,Passing Yards,375.0,1800.0,,1768779000000,Bears,Rams,True,288.7,-86.30000000000001
Matthew Stafford,LAR,Los Angeles Rams @ Chicago Bears,Passing Yards,175.0,-1600.0,,1768779000000,Bears,Rams,True,290.4,115.39999999999998
Matthew Stafford,LAR,Los Angeles Rams @ Chicago Bears,Passing Yards,200.0,-730.0,,1768779000000,Bears,Rams,True,290.4,90.39999999999998
Matthew Stafford,LAR,Los Angeles Rams @ Chicago Bears,Passing Yards,225.0,-370.0,,1768779000000,Bears,Rams,True,290.4,65.39999999999998
Matthew Stafford,LAR,Los Angeles Rams @ Chicago Bears,Passing Yards,250.0,-200.0,,1768779000000,Bears,Rams,True,290.4,40.39999999999998
Matthew Stafford,LAR,Los Angeles Rams @ Chicago Bears,Passing Yards,275.0,-115.0,,1768779000000,Bears,Rams,True,290.4,15.399999999999977
Matthew Stafford,LAR,Los Angeles Rams @ Chicago Bears,Passing Yards,300.0,130.0,,1768779000000,Bears,Rams,True,290.4,-9.600000000000023
Matthew Stafford,LAR,Los Angeles Rams @ Chicago Bears,Passing Yards,325.0,270.0,,1768779000000,Bears,Rams,True,290.4,-34.60000000000002
Matthew Stafford,LAR,Los Angeles Rams @ Chicago Bears,Passing Yards,350.0,475.0,,1768779000000,Bears,Rams,True,290.4,-59.60000000000002
Matthew Stafford,LAR,Los Angeles Rams @ Chicago Bears,Passing Yards,375.0,800.0,,1768779000000,Bears,Rams,True,290.4,-84.60000000000002
Matthew Stafford,LAR,Los Angeles Rams @ Chicago Bears,Passing Yards,400.0,1150.0,,1768779000000,Bears,Rams,True,290.4,-109.60000000000002
Colby Parkinson,LAR,Los Angeles Rams @ Chicago Bears,Receiving Yards,10.0,-370.0,,1768779000000,Bears,Rams,True,33.3,23.299999999999997
Colby Parkinson,LAR,Los Angeles Rams @ Chicago Bears,Receiving Yards,15.0,-215.0,,1768779000000,Bears,Rams,True,33.3,18.299999999999997
Colby Parkinson,LAR,Los Angeles Rams @ Chicago Bears,Receiving Yards,20.0,-125.0,,1768779000000,Bears,Rams,True,33.3,13.299999999999997
Colby Parkinson,LAR,Los Angeles Rams @ Chicago Bears,Receiving Yards,25.0,125.0,,1768779000000,Bears,Rams,True,33.3,8.299999999999997
Colby Parkinson,LAR,Los Angeles Rams @ Chicago Bears,Receiving Yards,30.0,180.0,,1768779000000,Bears,Rams,True,33.3,3.299999999999997
Colby Parkinson,LAR,Los Angeles Rams @ Chicago Bears,Receiving Yards,40.0,360.0,,1768779000000,Bears,Rams,True,33.3,-6.700000000000003
Colby Parkinson,LAR,Los Angeles Rams @ Chicago Bears,Receiving Yards,50.0,685.0,,1768779000000,Bears,Rams,True,33.3,-16.700000000000003
Colby Parkinson,LAR,Los Angeles Rams @ Chicago Bears,Receiving Yards,60.0,1100.0,,1768779000000,Bears,Rams,True,33.3,-26.700000000000003
Colby Parkinson,LAR,Los Angeles Rams @ Chicago Bears,Receiving Yards,70.0,1550.0,,1768779000000,Bears,Rams,True,33.3,-36.7
Cole Kmet,CHI,Los Angeles Rams @ Chicago Bears,Receiving Yards,10.0,-140.0,,1768779000000,Bears,Rams,True,16.4,6.399999999999999
Cole Kmet,CHI,Los Angeles Rams @ Chicago Bears,Receiving Yards,15.0,120.0,,1768779000000,Bears,Rams,True,16.4,1.3999999999999986
Cole Kmet,CHI,Los Angeles Rams @ Chicago Bears,Receiving Yards,20.0,190.0,,1768779000000,Bears,Rams,True,16.4,-3.6000000000000014
Cole Kmet,CHI,Los Angeles Rams @ Chicago Bears,Receiving Yards,25.0,290.0,,1768779000000,Bears,Rams,True,16.4,-8.600000000000001
Cole Kmet,CHI,Los Angeles Rams @ Chicago Bears,Receiving Yards,30.0,420.0,,1768779000000,Bears,Rams,True,16.4,-13.600000000000001
Cole Kmet,CHI,Los Angeles Rams @ Chicago Bears,Receiving Yards,40.0,800.0,,1768779000000,Bears,Rams,True,16.4,-23.6
Cole Kmet,CHI,Los Angeles Rams @ Chicago Bears,Receiving Yards,50.0,1250.0,,1768779000000,Bears,Rams,True,16.4,-33.6
Cole Kmet,CHI,Los Angeles Rams @ Chicago Bears,Receiving Yards,60.0,2250.0,,1768779000000,Bears,Rams,True,16.4,-43.6
Colston Loveland,CHI,Los Angeles Rams @ Chicago Bears,Receiving Yards,20.0,-1600.0,,1768779000000,Bears,Rams,True,37.4,17.4
Colston Loveland,CHI,Los Angeles Rams @ Chicago Bears,Receiving Yards,25.0,-1200.0,,1768779000000,Bears,Rams,True,37.4,12.399999999999999
Colston Loveland,CHI,Los Angeles Rams @ Chicago Bears,Receiving Yards,30.0,-675.0,,1768779000000,Bears,Rams,True,37.4,7.399999999999999
Colston Loveland,CHI,Los Angeles Rams @ Chicago Bears,Receiving Yards,40.0,-330.0,,1768779000000,Bears,Rams,True,37.4,-2.6000000000000014
Colston Loveland,CHI,Los Angeles Rams @ Chicago Bears,Receiving Yards,50.0,-180.0,,1768779000000,Bears,Rams,True,37.4,-12.600000000000001
Colston Loveland,CHI,Los Angeles Rams @ Chicago Bears,Receiving Yards,60.0,-110.0,,1768779000000,Bears,Rams,True,37.4,-22.6
Colston Loveland,CHI,Los Angeles Rams @ Chicago Bears,Receiving Yards,70.0,150.0,,1768779000000,Bears,Rams,True,37.4,-32.6
Colston Loveland,CHI,Los Angeles Rams @ Chicago Bears,Receiving Yards,80.0,225.0,,1768779000000,Bears,Rams,True,37.4,-42.6
Colston Loveland,CHI,Los Angeles Rams @ Chicago Bears,Receiving Yards,90.0,330.0,,1768779000000,Bears,Rams,True,37.4,-52.6
Colston Loveland,CHI,Los Angeles Rams @ Chicago Bears,Receiving Yards,100.0,475.0,,1768779000000,Bears,Rams,True,37.4,-62.6
Colston Loveland,CHI,Los Angeles Rams @ Chicago Bears,Receiving Yards,110.0,700.0,,1768779000000,Bears,Rams,True,37.4,-72.6
Colston Loveland,CHI,Los Angeles Rams @ Chicago Bears,Receiving Yards,125.0,1000.0,,1768779000000,Bears,Rams,True,37.4,-87.6
Colston Loveland,CHI,Los Angeles Rams @ Chicago Bears,Receiving Yards,150.0,2400.0,,1768779000000,Bears,Rams,True,37.4,-112.6
D'Andre Swift,CHI,Los Angeles Rams @ Chicago Bears,Receiving Yards,10.0,-225.0,,1768779000000,Bears,Rams,True,23.2,13.2
D'Andre Swift,CHI,Los Angeles Rams @ Chicago Bears,Receiving Yards,15.0,-125.0,,1768779000000,Bears,Rams,True,23.2,8.2
D'Andre Swift,CHI,Los Angeles Rams @ Chicago Bears,Receiving Yards,20.0,130.0,,1768779000000,Bears,Rams,True,23.2,3.1999999999999993
D'Andre Swift,CHI,Los Angeles Rams @ Chicago Bears,Receiving Yards,25.0,185.0,,1768779000000,Bears,Rams,True,23.2,-1.8000000000000007
D'Andre Swift,CHI,Los Angeles Rams @ Chicago Bears,Receiving Yards,30.0,270.0,,1768779000000,Bears,Rams,True,23.2,-6.800000000000001
D'Andre Swift,CHI,Los Angeles Rams @ Chicago Bears,Receiving Yards,40.0,500.0,,1768779000000,Bears,Rams,True,23.2,-16.8
D'Andre Swift,CHI,Los Angeles Rams @ Chicago Bears,Receiving Yards,50.0,800.0,,1768779000000,Bears,Rams,True,23.2,-26.8
D'Andre Swift,CHI,Los Angeles Rams @ Chicago Bears,Receiving Yards,60.0,1250.0,,1768779000000,Bears,Rams,True,23.2,-36.8
D'Andre Swift,CHI,Los Angeles Rams @ Chicago Bears,Receiving Yards,70.0,2250.0,,1768779000000,Bears,Rams,True,23.2,-46.8
DJ Moore,CHI,Los Angeles Rams @ Chicago Bears,Receiving Yards,10.0,-660.0,,1768779000000,Bears,Rams,True,44.4,34.4
DJ Moore,CHI,Los Angeles Rams @ Chicago Bears,Receiving Yards,15.0,-380.0,,1768779000000,Bears,Rams,True,44.4,29.4
DJ Moore,CHI,Los Angeles Rams @ Chicago Bears,Receiving Yards,20.0,-250.0,,1768779000000,Bears,Rams,True,44.4,24.4
DJ Moore,CHI,Los Angeles Rams @ Chicago Bears,Receiving Yards,25.0,-175.0,,1768779000000,Bears,Rams,True,44.4,19.4
DJ Moore,CHI,Los Angeles Rams @ Chicago Bears,Receiving Yards,30.0,-125.0,,1768779000000,Bears,Rams,True,44.4,14.399999999999999
DJ Moore,CHI,Los Angeles Rams @ Chicago Bears,Receiving Yards,40.0,145.0,,1768779000000,Bears,Rams,True,44.4,4.399999999999999
DJ Moore,CHI,Los Angeles Rams @ Chicago Bears,Receiving Yards,50.0,230.0,,1768779000000,Bears,Rams,True,44.4,-5.600000000000001
DJ Moore,CHI,Los Angeles Rams @ Chicago Bears,Receiving Yards,60.0,360.0,,1768779000000,Bears,Rams,True,44.4,-15.600000000000001
DJ Moore,CHI,Los Angeles Rams @ Chicago Bears,Receiving Yards,70.0,530.0,,1768779000000,Bears,Rams,True,44.4,-25.6
DJ Moore,CHI,Los Angeles Rams @ Chicago Bears,Receiving Yards,80.0,775.0,,1768779000000,Bears,Rams,True,44.4,-35.6
DJ Moore,CHI,Los Angeles Rams @ Chicago Bears,Receiving Yards,90.0,1000.0,,1768779000000,Bears,Rams,True,44.4,-45.6
DJ Moore,CHI,Los Angeles Rams @ Chicago Bears,Receiving Yards,100.0,1350.0,,1768779000000,Bears,Rams,True,44.4,-55.6
DJ Moore,CHI,Los Angeles Rams @ Chicago Bears,Receiving Yards,110.0,2000.0,,1768779000000,Bears,Rams,True,44.4,-65.6
Davante Adams,LAR,Los Angeles Rams @ Chicago Bears,Receiving Yards,20.0,-1300.0,,1768779000000,Bears,Rams,True,44.8,24.799999999999997
Davante Adams,LAR,Los Angeles Rams @ Chicago Bears,Receiving Yards,25.0,-770.0,,1768779000000,Bears,Rams,True,44.8,19.799999999999997
Davante Adams,LAR,Los Angeles Rams @ Chicago Bears,Receiving Yards,30.0,-490.0,,1768779000000,Bears,Rams,True,44.8,14.799999999999997
Davante Adams,LAR,Los Angeles Rams @ Chicago Bears,Receiving Yards,40.0,-265.0,,1768779000000,Bears,Rams,True,44.8,4.799999999999997
Davante Adams,LAR,Los Angeles Rams @ Chicago Bears,Receiving Yards,50.0,-150.0,,1768779000000,Bears,Rams,True,44.8,-5.200000000000003
Davante Adams,LAR,Los Angeles Rams @ Chicago Bears,Receiving Yards,60.0,105.0,,1768779000000,Bears,Rams,True,44.8,-15.200000000000003
Davante Adams,LAR,Los Angeles Rams @ Chicago Bears,Receiving Yards,70.0,165.0,,1768779000000,Bears,Rams,True,44.8,-25.200000000000003
Davante Adams,LAR,Los Angeles Rams @ Chicago Bears,Receiving Yards,80.0,240.0,,1768779000000,Bears,Rams,True,44.8,-35.2
Davante Adams,LAR,Los Angeles Rams @ Chicago Bears,Receiving Yards,90.0,340.0,,1768779000000,Bears,Rams,True,44.8,-45.2
Davante Adams,LAR,Los Angeles Rams @ Chicago Bears,Receiving Yards,100.0,475.0,,1768779000000,Bears,Rams,True,44.8,-55.2
Davante Adams,LAR,Los Angeles Rams @ Chicago Bears,Receiving Yards,110.0,630.0,,1768779000000,Bears,Rams,True,44.8,-65.2
Davante Adams,LAR,Los Angeles Rams @ Chicago Bears,Receiving Yards,125.0,1000.0,,1768779000000,Bears,Rams,True,44.8,-80.2
Davante Adams,LAR,Los Angeles Rams @ Chicago Bears,Receiving Yards,150.0,2250.0,,1768779000000,Bears,Rams,True,44.8,-105.2
Kyle Monangai,CHI,Los Angeles Rams @ Chicago Bears,Receiving Yards,10.0,105.0,,1768779000000,Bears,Rams,True,16.2,6.199999999999999
Kyle Monangai,CHI,Los Angeles Rams @ Chicago Bears,Receiving Yards,15.0,180.0,,1768779000000,Bears,Rams,True,16.2,1.1999999999999993
Kyle Monangai,CHI,Los Angeles Rams @ Chicago Bears,Receiving Yards,20.0,280.0,,1768779000000,Bears,Rams,True,16.2,-3.8000000000000007
Kyle Monangai,CHI,Los Angeles Rams @ Chicago Bears,Receiving Yards,25.0,420.0,,1768779000000,Bears,Rams,True,16.2,-8.8
Kyle Monangai,CHI,Los Angeles Rams @ Chicago Bears,Receiving Yards,30.0,575.0,,1768779000000,Bears,Rams,True,16.2,-13.8
Kyle Monangai,CHI,Los Angeles Rams @ Chicago Bears,Receiving Yards,40.0,1000.0,,1768779000000,Bears,Rams,True,16.2,-23.8
Kyle Monangai,CHI,Los Angeles Rams @ Chicago Bears,Receiving Yards,50.0,1800.0,,1768779000000,Bears,Rams,True,16.2,-33.8
Kyren Williams,LAR,Los Angeles Rams @ Chicago Bears,Receiving Yards,10.0,-150.0,,1768779000000,Bears,Rams,True,22.3,12.3
Kyren Williams,LAR,Los Angeles Rams @ Chicago Bears,Receiving Yards,15.0,120.0,,1768779000000,Bears,Rams,True,22.3,7.300000000000001
Kyren Williams,LAR,Los Angeles Rams @ Chicago Bears,Receiving Yards,20.0,200.0,,1768779000000,Bears,Rams,True,22.3,2.3000000000000007
Kyren Williams,LAR,Los Angeles Rams @ Chicago Bears,Receiving Yards,25.0,290.0,,1768779000000,Bears,Rams,True,22.3,-2.6999999999999993
Kyren Williams,LAR,Los Angeles Rams @ Chicago Bears,Receiving Yards,30.0,430.0,,1768779000000,Bears,Rams,True,22.3,-7.699999999999999
Kyren Williams,LAR,Los Angeles Rams @ Chicago Bears,Receiving Yards,40.0,800.0,,1768779000000,Bears,Rams,True,22.3,-17.7
Kyren Williams,LAR,Los Angeles Rams @ Chicago Bears,Receiving Yards,50.0,1150.0,,1768779000000,Bears,Rams,True,22.3,-27.7
Kyren Williams,LAR,Los Angeles Rams @ Chicago Bears,Receiving Yards,60.0,2250.0,,1768779000000,Bears,Rams,True,22.3,-37.7
Luther Burden III,CHI,Los Angeles Rams @ Chicago Bears,Receiving Yards,10.0,-1200.0,,1768779000000,Bears,Rams,True,35.1,25.1
Luther Burden III,CHI,Los Angeles Rams @ Chicago Bears,Receiving Yards,15.0,-630.0,,1768779000000,Bears,Rams,True,35.1,20.1
Luther Burden III,CHI,Los Angeles Rams @ Chicago Bears,Receiving Yards,20.0,-390.0,,1768779000000,Bears,Rams,True,35.1,15.100000000000001
Luther Burden III,CHI,Los Angeles Rams @ Chicago Bears,Receiving Yards,25.0,-280.0,,1768779000000,Bears,Rams,True,35.1,10.100000000000001
Luther Burden III,CHI,Los Angeles Rams @ Chicago Bears,Receiving Yards,30.0,-210.0,,1768779000000,Bears,Rams,True,35.1,5.100000000000001
Luther Burden III,CHI,Los Angeles Rams @ Chicago Bears,Receiving Yards,40.0,-120.0,,1768779000000,Bears,Rams,True,35.1,-4.899999999999999
Luther Burden III,CHI,Los Angeles Rams @ Chicago Bears,Receiving Yards,50.0,140.0,,1768779000000,Bears,Rams,True,35.1,-14.899999999999999
Luther Burden III,CHI,Los Angeles Rams @ Chicago Bears,Receiving Yards,60.0,210.0,,1768779000000,Bears,Rams,True,35.1,-24.9
Luther Burden III,CHI,Los Angeles Rams @ Chicago Bears,Receiving Yards,70.0,320.0,,1768779000000,Bears,Rams,True,35.1,-34.9
Luther Burden III,CHI,Los Angeles Rams @ Chicago Bears,Receiving Yards,80.0,450.0,,1768779000000,Bears,Rams,True,35.1,-44.9
Luther Burden III,CHI,Los Angeles Rams @ Chicago Bears,Receiving Yards,90.0,630.0,,1768779000000,Bears,Rams,True,35.1,-54.9
Luther Burden III,CHI,Los Angeles Rams @ Chicago Bears,Receiving Yards,100.0,850.0,,1768779000000,Bears,Rams,True,35.1,-64.9
Luther Burden III,CHI,Los Angeles Rams @ Chicago Bears,Receiving Yards,110.0,1150.0,,1768779000000,Bears,Rams,True,35.1,-74.9
Luther Burden III,CHI,Los Angeles Rams @ Chicago Bears,Receiving Yards,125.0,1800.0,,1768779000000,Bears,Rams,True,35.1,-89.9
Puka Nacua,LAR,Los Angeles Rams @ Chicago Bears,Receiving Yards,50.0,-1300.0,,1768779000000,Bears,Rams,True,64.7,14.700000000000003
Puka Nacua,LAR,Los Angeles Rams @ Chicago Bears,Receiving Yards,60.0,-710.0,,1768779000000,Bears,Rams,True,64.7,4.700000000000003
Puka Nacua,LAR,Los Angeles Rams @ Chicago Bears,Receiving Yards,70.0,-390.0,,1768779000000,Bears,Rams,True,64.7,-5.299999999999997
Puka Nacua,LAR,Los Angeles Rams @ Chicago Bears,Receiving Yards,80.0,-260.0,,1768779000000,Bears,Rams,True,64.7,-15.299999999999997
Puka Nacua,LAR,Los Angeles Rams @ Chicago Bears,Receiving Yards,90.0,-175.0,,1768779000000,Bears,Rams,True,64.7,-25.299999999999997
Puka Nacua,LAR,Los Angeles Rams @ Chicago Bears,Receiving Yards,100.0,-125.0,,1768779000000,Bears,Rams,True,64.7,-35.3
Puka Nacua,LAR,Los Angeles Rams @ Chicago Bears,Receiving Yards,110.0,120.0,,1768779000000,Bears,Rams,True,64.7,-45.3
Puka Nacua,LAR,Los Angeles Rams @ Chicago Bears,Receiving Yards,125.0,185.0,,1768779000000,Bears,Rams,True,64.7,-60.3
Puka Nacua,LAR,Los Angeles Rams @ Chicago Bears,Receiving Yards,150.0,390.0,,1768779000000,Bears,Rams,True,64.7,-85.3
Puka Nacua,LAR,Los Angeles Rams @ Chicago Bears,Receiving Yards,175.0,800.0,,1768779000000,Bears,Rams,True,64.7,-110.3
Rome Odunze,CHI,Los Angeles Rams @ Chicago Bears,Receiving Yards,10.0,-1200.0,,1768779000000,Bears,Rams,True,68.0,58.0
Rome Odunze,CHI,Los Angeles Rams @ Chicago Bears,Receiving Yards,15.0,-600.0,,1768779000000,Bears,Rams,True,68.0,53.0
Rome Odunze,CHI,Los Angeles Rams @ Chicago Bears,Receiving Yards,20.0,-360.0,,1768779000000,Bears,Rams,True,68.0,48.0
Rome Odunze,CHI,Los Angeles Rams @ Chicago Bears,Receiving Yards,25.0,-260.0,,1768779000000,Bears,Rams,True,68.0,43.0
Rome Odunze,CHI,Los Angeles Rams @ Chicago Bears,Receiving Yards,30.0,-185.0,,1768779000000,Bears,Rams,True,68.0,38.0
Rome Odunze,CHI,Los Angeles Rams @ Chicago Bears,Receiving Yards,40.0,-110.0,,1768779000000,Bears,Rams,True,68.0,28.0
Rome Odunze,CHI,Los Angeles Rams @ Chicago Bears,Receiving Yards,50.0,155.0,,1768779000000,Bears,Rams,True,68.0,18.0
Rome Odunze,CHI,Los Angeles Rams @ Chicago Bears,Receiving Yards,60.0,240.0,,1768779000000,Bears,Rams,True,68.0,8.0
Rome Odunze,CHI,Los Angeles Rams @ Chicago Bears,Receiving Yards,70.0,360.0,,1768779000000,Bears,Rams,True,68.0,-2.0
Rome Odunze,CHI,Los Angeles Rams @ Chicago Bears,Receiving Yards,80.0,530.0,,1768779000000,Bears,Rams,True,68.0,-12.0
Rome Odunze,CHI,Los Angeles Rams @ Chicago Bears,Receiving Yards,90.0,685.0,,1768779000000,Bears,Rams,True,68.0,-22.0
Rome Odunze,CHI,Los Angeles Rams @ Chicago Bears,Receiving Yards,100.0,900.0,,1768779000000,Bears,Rams,True,68.0,-32.0
Rome Odunze,CHI,Los Angeles Rams @ Chicago Bears,Receiving Yards,110.0,1150.0,,1768779000000,Bears,Rams,True,68.0,-42.0
Rome Odunze,CHI,Los Angeles Rams @ Chicago Bears,Receiving Yards,125.0,2250.0,,1768779000000,Bears,Rams,True,68.0,-57.0
Tyler Higbee,LAR,Los Angeles Rams @ Chicago Bears,Receiving Yards,10.0,-600.0,,1768779000000,Bears,Rams,True,16.3,6.300000000000001
Tyler Higbee,LAR,Los Angeles Rams @ Chicago Bears,Receiving Yards,15.0,-330.0,,1768779000000,Bears,Rams,True,16.3,1.3000000000000007
Tyler Higbee,LAR,Los Angeles Rams @ Chicago Bears,Receiving Yards,20.0,-210.0,,1768779000000,Bears,Rams,True,16.3,-3.6999999999999993
Tyler Higbee,LAR,Los Angeles Rams @ Chicago Bears,Receiving Yards,25.0,-135.0,,1768779000000,Bears,Rams,True,16.3,-8.7
Tyler Higbee,LAR,Los Angeles Rams @ Chicago Bears,Receiving Yards,30.0,105.0,,1768779000000,Bears,Rams,True,16.3,-13.7
Tyler Higbee,LAR,Los Angeles Rams @ Chicago Bears,Receiving Yards,40.0,200.0,,1768779000000,Bears,Rams,True,16.3,-23.7
Tyler Higbee,LAR,Los Angeles Rams @ Chicago Bears,Receiving Yards,50.0,340.0,,1768779000000,Bears,Rams,True,16.3,-33.7
Tyler Higbee,LAR,Los Angeles Rams @ Chicago Bears,Receiving Yards,60.0,575.0,,1768779000000,Bears,Rams,True,16.3,-43.7
Tyler Higbee,LAR,Los Angeles Rams @ Chicago Bears,Receiving Yards,70.0,850.0,,1768779000000,Bears,Rams,True,16.3,-53.7
Tyler Higbee,LAR,Los Angeles Rams @ Chicago Bears,Receiving Yards,80.0,1150.0,,1768779000000,Bears,Rams,True,16.3,-63.7
Tyler Higbee,LAR,Los Angeles Rams @ Chicago Bears,Receiving Yards,90.0,2000.0,,1768779000000,Bears,Rams,True,16.3,-73.7
Tyler Higbee,LAR,Los Angeles Rams @ Chicago Bears,Receiving Yards,100.0,3200.0,,1768779000000,Bears,Rams,True,16.3,-83.7
Colby Parkinson,LAR,Los Angeles Rams @ Chicago Bears,Receptions,2.0,-350.0,,1768779000000,Bears,Rams,True,4.03,2.0300000000000002
Colby Parkinson,LAR,Los Angeles Rams @ Chicago Bears,Receptions,3.0,-110.0,,1768779000000,Bears,Rams,True,4.03,1.0300000000000002
Colby Parkinson,LAR,Los Angeles Rams @ Chicago Bears,Receptions,4.0,220.0,,1768779000000,Bears,Rams,True,4.03,0.03000000000000025
Colby Parkinson,LAR,Los Angeles Rams @ Chicago Bears,Receptions,5.0,500.0,,1768779000000,Bears,Rams,True,4.03,-0.9699999999999998
Cole Kmet,CHI,Los Angeles Rams @ Chicago Bears,Receptions,1.0,-440.0,,1768779000000,Bears,Rams,True,2.24,1.2400000000000002
Cole Kmet,CHI,Los Angeles Rams @ Chicago Bears,Receptions,2.0,110.0,,1768779000000,Bears,Rams,True,2.24,0.2400000000000002
Cole Kmet,CHI,Los Angeles Rams @ Chicago Bears,Receptions,3.0,340.0,,1768779000000,Bears,Rams,True,2.24,-0.7599999999999998
Cole Kmet,CHI,Los Angeles Rams @ Chicago Bears,Receptions,4.0,800.0,,1768779000000,Bears,Rams,True,2.24,-1.7599999999999998
Colston Loveland,CHI,Los Angeles Rams @ Chicago Bears,Receptions,3.0,-1400.0,,1768779000000,Bears,Rams,True,4.0,1.0
Colston Loveland,CHI,Los Angeles Rams @ Chicago Bears,Receptions,4.0,-425.0,,1768779000000,Bears,Rams,True,4.0,0.0
Colston Loveland,CHI,Los Angeles Rams @ Chicago Bears,Receptions,5.0,-190.0,,1768779000000,Bears,Rams,True,4.0,-1.0
Colston Loveland,CHI,Los Angeles Rams @ Chicago Bears,Receptions,6.0,110.0,,1768779000000,Bears,Rams,True,4.0,-2.0
Colston Loveland,CHI,Los Angeles Rams @ Chicago Bears,Receptions,7.0,200.0,,1768779000000,Bears,Rams,True,4.0,-3.0
Colston Loveland,CHI,Los Angeles Rams @ Chicago Bears,Receptions,8.0,350.0,,1768779000000,Bears,Rams,True,4.0,-4.0
D'Andre Swift,CHI,Los Angeles Rams @ Chicago Bears,Receptions,1.0,-1200.0,,1768779000000,Bears,Rams,True,2.9,1.9
D'Andre Swift,CHI,Los Angeles Rams @ Chicago Bears,Receptions,2.0,-230.0,,1768779000000,Bears,Rams,True,2.9,0.8999999999999999
D'Andre Swift,CHI,Los Angeles Rams @ Chicago Bears,Receptions,3.0,130.0,,1768779000000,Bears,Rams,True,2.9,-0.10000000000000009
D'Andre Swift,CHI,Los Angeles Rams @ Chicago Bears,Receptions,4.0,320.0,,1768779000000,Bears,Rams,True,2.9,-1.1
D'Andre Swift,CHI,Los Angeles Rams @ Chicago Bears,Receptions,5.0,680.0,,1768779000000,Bears,Rams,True,2.9,-2.1
DJ Moore,CHI,Los Angeles Rams @ Chicago Bears,Receptions,2.0,-360.0,,1768779000000,Bears,Rams,True,4.6,2.5999999999999996
DJ Moore,CHI,Los Angeles Rams @ Chicago Bears,Receptions,3.0,-120.0,,1768779000000,Bears,Rams,True,4.6,1.5999999999999996
DJ Moore,CHI,Los Angeles Rams @ Chicago Bears,Receptions,4.0,205.0,,1768779000000,Bears,Rams,True,4.6,0.5999999999999996
DJ Moore,CHI,Los Angeles Rams @ Chicago Bears,Receptions,5.0,450.0,,1768779000000,Bears,Rams,True,4.6,-0.40000000000000036
Davante Adams,LAR,Los Angeles Rams @ Chicago Bears,Receptions,3.0,-660.0,,1768779000000,Bears,Rams,True,4.19,1.1900000000000004
Davante Adams,LAR,Los Angeles Rams @ Chicago Bears,Receptions,4.0,-255.0,,1768779000000,Bears,Rams,True,4.19,0.1900000000000004
Davante Adams,LAR,Los Angeles Rams @ Chicago Bears,Receptions,5.0,-115.0,,1768779000000,Bears,Rams,True,4.19,-0.8099999999999996
Davante Adams,LAR,Los Angeles Rams @ Chicago Bears,Receptions,6.0,180.0,,1768779000000,Bears,Rams,True,4.19,-1.8099999999999996
Davante Adams,LAR,Los Angeles Rams @ Chicago Bears,Receptions,7.0,340.0,,1768779000000,Bears,Rams,True,4.19,-2.8099999999999996
Davante Adams,LAR,Los Angeles Rams @ Chicago Bears,Receptions,8.0,580.0,,1768779000000,Bears,Rams,True,4.19,-3.8099999999999996
Kyle Monangai,CHI,Los Angeles Rams @ Chicago Bears,Receptions,1.0,-370.0,,1768779000000,Bears,Rams,True,1.53,0.53
Kyle Monangai,CHI,Los Angeles Rams @ Chicago Bears,Receptions,2.0,120.0,,1768779000000,Bears,Rams,True,1.53,-0.47
Kyle Monangai,CHI,Los Angeles Rams @ Chicago Bears,Receptions,3.0,360.0,,1768779000000,Bears,Rams,True,1.53,-1.47
Kyren Williams,LAR,Los Angeles Rams @ Chicago Bears,Receptions,1.0,-880.0,,1768779000000,Bears,Rams,True,2.96,1.96
Kyren Williams,LAR,Los Angeles Rams @ Chicago Bears,Receptions,2.0,-180.0,,1768779000000,Bears,Rams,True,2.96,0.96
Kyren Williams,LAR,Los Angeles Rams @ Chicago Bears,Receptions,3.0,165.0,,1768779000000,Bears,Rams,True,2.96,-0.040000000000000036
Kyren Williams,LAR,Los Angeles Rams @ Chicago Bears,Receptions,4.0,370.0,,1768779000000,Bears,Rams,True,2.96,-1.04
Kyren Williams,LAR,Los Angeles Rams @ Chicago Bears,Receptions,5.0,800.0,,1768779000000,Bears,Rams,True,2.96,-2.04
Luther Burden III,CHI,Los Angeles Rams @ Chicago Bears,Receptions,2.0,-510.0,,1768779000000,Bears,Rams,True,3.45,1.4500000000000002
Luther Burden III,CHI,Los Angeles Rams @ Chicago Bears,Receptions,3.0,-170.0,,1768779000000,Bears,Rams,True,3.45,0.4500000000000002
Luther Burden III,CHI,Los Angeles Rams @ Chicago Bears,Receptions,4.0,155.0,,1768779000000,Bears,Rams,True,3.45,-0.5499999999999998
Luther Burden III,CHI,Los Angeles Rams @ Chicago Bears,Receptions,5.0,340.0,,1768779000000,Bears,Rams,True,3.45,-1.5499999999999998
Luther Burden III,CHI,Los Angeles Rams @ Chicago Bears,Receptions,6.0,685.0,,1768779000000,Bears,Rams,True,3.45,-2.55
Puka Nacua,LAR,Los Angeles Rams @ Chicago Bears,Receptions,5.0,-1200.0,,1768779000000,Bears,Rams,True,7.12,2.12
Puka Nacua,LAR,Los Angeles Rams @ Chicago Bears,Receptions,6.0,-480.0,,1768779000000,Bears,Rams,True,7.12,1.12
Puka Nacua,LAR,Los Angeles Rams @ Chicago Bears,Receptions,7.0,-240.0,,1768779000000,Bears,Rams,True,7.12,0.1200000000000001
Puka Nacua,LAR,Los Angeles Rams @ Chicago Bears,Receptions,8.0,-125.0,,1768779000000,Bears,Rams,True,7.12,-0.8799999999999999
Puka Nacua,LAR,Los Angeles Rams @ Chicago Bears,Receptions,9.0,130.0,,1768779000000,Bears,Rams,True,7.12,-1.88
Puka Nacua,LAR,Los Angeles Rams @ Chicago Bears,Receptions,10.0,245.0,,1768779000000,Bears,Rams,True,7.12,-2.88
Puka Nacua,LAR,Los Angeles Rams @ Chicago Bears,Receptions,11.0,370.0,,1768779000000,Bears,Rams,True,7.12,-3.88
Rome Odunze,CHI,Los Angeles Rams @ Chicago Bears,Receptions,2.0,-535.0,,1768779000000,Bears,Rams,True,5.14,3.1399999999999997
Rome Odunze,CHI,Los Angeles Rams @ Chicago Bears,Receptions,3.0,-175.0,,1768779000000,Bears,Rams,True,5.14,2.1399999999999997
Rome Odunze,CHI,Los Angeles Rams @ Chicago Bears,Receptions,4.0,145.0,,1768779000000,Bears,Rams,True,5.14,1.1399999999999997
Rome Odunze,CHI,Los Angeles Rams @ Chicago Bears,Receptions,5.0,320.0,,1768779000000,Bears,Rams,True,5.14,0.13999999999999968
Rome Odunze,CHI,Los Angeles Rams @ Chicago Bears,Receptions,6.0,630.0,,1768779000000,Bears,Rams,True,5.14,-0.8600000000000003
Tyler Higbee,LAR,Los Angeles Rams @ Chicago Bears,Receptions,2.0,-380.0,,1768779000000,Bears,Rams,True,2.1,0.10000000000000009
Tyler Higbee,LAR,Los Angeles Rams @ Chicago Bears,Receptions,3.0,-125.0,,1768779000000,Bears,Rams,True,2.1,-0.8999999999999999
Tyler Higbee,LAR,Los Angeles Rams @ Chicago Bears,Receptions,4.0,200.0,,1768779000000,Bears,Rams,True,2.1,-1.9
Tyler Higbee,LAR,Los Angeles Rams @ Chicago Bears,Receptions,5.0,430.0,,1768779000000,Bears,Rams,True,2.1,-2.9
Tyler Higbee,LAR,Los Angeles Rams @ Chicago Bears,Receptions,6.0,800.0,,1768779000000,Bears,Rams,True,2.1,-3.9
Blake Corum,LAR,Los Angeles Rams @ Chicago Bears,Rushing Yards,20.0,-1550.0,,1768779000000,Bears,Rams,True,34.0,14.0
Blake Corum,LAR,Los Angeles Rams @ Chicago Bears,Rushing Yards,25.0,-710.0,,1768779000000,Bears,Rams,True,34.0,9.0
Blake Corum,LAR,Los Angeles Rams @ Chicago Bears,Rushing Yards,30.0,-440.0,,1768779000000,Bears,Rams,True,34.0,4.0
Blake Corum,LAR,Los Angeles Rams @ Chicago Bears,Rushing Yards,40.0,-200.0,,1768779000000,Bears,Rams,True,34.0,-6.0
Blake Corum,LAR,Los Angeles Rams @ Chicago Bears,Rushing Yards,50.0,-105.0,,1768779000000,Bears,Rams,True,34.0,-16.0
Blake Corum,LAR,Los Angeles Rams @ Chicago Bears,Rushing Yards,60.0,180.0,,1768779000000,Bears,Rams,True,34.0,-26.0
Blake Corum,LAR,Los Angeles Rams @ Chicago Bears,Rushing Yards,70.0,280.0,,1768779000000,Bears,Rams,True,34.0,-36.0
Blake Corum,LAR,Los Angeles Rams @ Chicago Bears,Rushing Yards,80.0,450.0,,1768779000000,Bears,Rams,True,34.0,-46.0
Blake Corum,LAR,Los Angeles Rams @ Chicago Bears,Rushing Yards,90.0,685.0,,1768779000000,Bears,Rams,True,34.0,-56.0
Blake Corum,LAR,Los Angeles Rams @ Chicago Bears,Rushing Yards,100.0,900.0,,1768779000000,Bears,Rams,True,34.0,-66.0
Blake Corum,LAR,Los Angeles Rams @ Chicago Bears,Rushing Yards,110.0,1250.0,,1768779000000,Bears,Rams,True,34.0,-76.0
Blake Corum,LAR,Los Angeles Rams @ Chicago Bears,Rushing Yards,125.0,2550.0,,1768779000000,Bears,Rams,True,34.0,-91.0
Caleb Williams,CHI,Los Angeles Rams @ Chicago Bears,Rushing Yards,10.0,-460.0,,1768779000000,Bears,Rams,True,18.2,8.2
Caleb Williams,CHI,Los Angeles Rams @ Chicago Bears,Rushing Yards,15.0,-230.0,,1768779000000,Bears,Rams,True,18.2,3.1999999999999993
Caleb Williams,CHI,Los Angeles Rams @ Chicago Bears,Rushing Yards,20.0,-125.0,,1768779000000,Bears,Rams,True,18.2,-1.8000000000000007
Caleb Williams,CHI,Los Angeles Rams @ Chicago Bears,Rushing Yards,25.0,130.0,,1768779000000,Bears,Rams,True,18.2,-6.800000000000001
Caleb Williams,CHI,Los Angeles Rams @ Chicago Bears,Rushing Yards,30.0,200.0,,1768779000000,Bears,Rams,True,18.2,-11.8
Caleb Williams,CHI,Los Angeles Rams @ Chicago Bears,Rushing Yards,40.0,420.0,,1768779000000,Bears,Rams,True,18.2,-21.8
Caleb Williams,CHI,Los Angeles Rams @ Chicago Bears,Rushing Yards,50.0,800.0,,1768779000000,Bears,Rams,True,18.2,-31.8
Caleb Williams,CHI,Los Angeles Rams @ Chicago Bears,Rushing Yards,60.0,1250.0,,1768779000000,Bears,Rams,True,18.2,-41.8
Caleb Williams,CHI,Los Angeles Rams @ Chicago Bears,Rushing Yards,70.0,2550.0,,1768779000000,Bears,Rams,True,18.2,-51.8
D'Andre Swift,CHI,Los Angeles Rams @ Chicago Bears,Rushing Yards,25.0,-1550.0,,1768779000000,Bears,Rams,True,39.2,14.200000000000003
D'Andre Swift,CHI,Los Angeles Rams @ Chicago Bears,Rushing Yards,30.0,-770.0,,1768779000000,Bears,Rams,True,39.2,9.200000000000003
D'Andre Swift,CHI,Los Angeles Rams @ Chicago Bears,Rushing Yards,40.0,-330.0,,1768779000000,Bears,Rams,True,39.2,-0.7999999999999972
D'Andre Swift,CHI,Los Angeles Rams @ Chicago Bears,Rushing Yards,50.0,-170.0,,1768779000000,Bears,Rams,True,39.2,-10.799999999999997
D'Andre Swift,CHI,Los Angeles Rams @ Chicago Bears,Rushing Yards,60.0,105.0,,1768779000000,Bears,Rams,True,39.2,-20.799999999999997
D'Andre Swift,CHI,Los Angeles Rams @ Chicago Bears,Rushing Yards,70.0,165.0,,1768779000000,Bears,Rams,True,39.2,-30.799999999999997
D'Andre Swift,CHI,Los Angeles Rams @ Chicago Bears,Rushing Yards,80.0,270.0,,1768779000000,Bears,Rams,True,39.2,-40.8
D'Andre Swift,CHI,Los Angeles Rams @ Chicago Bears,Rushing Yards,90.0,375.0,,1768779000000,Bears,Rams,True,39.2,-50.8
D'Andre Swift,CHI,Los Angeles Rams @ Chicago Bears,Rushing Yards,100.0,585.0,,1768779000000,Bears,Rams,True,39.2,-60.8
D'Andre Swift,CHI,Los Angeles Rams @ Chicago Bears,Rushing Yards,110.0,800.0,,1768779000000,Bears,Rams,True,39.2,-70.8
D'Andre Swift,CHI,Los Angeles Rams @ Chicago Bears,Rushing Yards,125.0,1250.0,,1768779000000,Bears,Rams,True,39.2,-85.8
D'Andre Swift,CHI,Los Angeles Rams @ Chicago Bears,Rushing Yards,150.0,3200.0,,1768779000000,Bears,Rams,True,39.2,-110.8
Kyle Monangai,CHI,Los Angeles Rams @ Chicago Bears,Rushing Yards,15.0,-1200.0,,1768779000000,Bears,Rams,True,21.3,6.300000000000001
Kyle Monangai,CHI,Los Angeles Rams @ Chicago Bears,Rushing Yards,20.0,-530.0,,1768779000000,Bears,Rams,True,21.3,1.3000000000000007
Kyle Monangai,CHI,Los Angeles Rams @ Chicago Bears,Rushing Yards,25.0,-330.0,,1768779000000,Bears,Rams,True,21.3,-3.6999999999999993
Kyle Monangai,CHI,Los Angeles Rams @ Chicago Bears,Rushing Yards,30.0,-220.0,,1768779000000,Bears,Rams,True,21.3,-8.7
Kyle Monangai,CHI,Los Angeles Rams @ Chicago Bears,Rushing Yards,40.0,-105.0,,1768779000000,Bears,Rams,True,21.3,-18.7
Kyle Monangai,CHI,Los Angeles Rams @ Chicago Bears,Rushing Yards,50.0,180.0,,1768779000000,Bears,Rams,True,21.3,-28.7
Kyle Monangai,CHI,Los Angeles Rams @ Chicago Bears,Rushing Yards,60.0,280.0,,1768779000000,Bears,Rams,True,21.3,-38.7
Kyle Monangai,CHI,Los Angeles Rams @ Chicago Bears,Rushing Yards,70.0,475.0,,1768779000000,Bears,Rams,True,21.3,-48.7
Kyle Monangai,CHI,Los Angeles Rams @ Chicago Bears,Rushing Yards,80.0,685.0,,1768779000000,Bears,Rams,True,21.3,-58.7
Kyle Monangai,CHI,Los Angeles Rams @ Chicago Bears,Rushing Yards,90.0,900.0,,1768779000000,Bears,Rams,True,21.3,-68.7
Kyle Monangai,CHI,Los Angeles Rams @ Chicago Bears,Rushing Yards,100.0,1250.0,,1768779000000,Bears,Rams,True,21.3,-78.7
Kyle Monangai,CHI,Los Angeles Rams @ Chicago Bears,Rushing Yards,110.0,1800.0,,1768779000000,Bears,Rams,True,21.3,-88.7
Kyren Williams,LAR,Los Angeles Rams @ Chicago Bears,Rushing Yards,30.0,-1600.0,,1768779000000,Bears,Rams,True,61.1,31.1
Kyren Williams,LAR,Los Angeles Rams @ Chicago Bears,Rushing Yards,40.0,-535.0,,1768779000000,Bears,Rams,True,61.1,21.1
Kyren Williams,LAR,Los Angeles Rams @ Chicago Bears,Rushing Yards,50.0,-255.0,,1768779000000,Bears,Rams,True,61.1,11.100000000000001
Kyren Williams,LAR,Los Angeles Rams @ Chicago Bears,Rushing Yards,60.0,-140.0,,1768779000000,Bears,Rams,True,61.1,1.1000000000000014
Kyren Williams,LAR,Los Angeles Rams @ Chicago Bears,Rushing Yards,70.0,125.0,,1768779000000,Bears,Rams,True,61.1,-8.899999999999999
Kyren Williams,LAR,Los Angeles Rams @ Chicago Bears,Rushing Yards,80.0,200.0,,1768779000000,Bears,Rams,True,61.1,-18.9
Kyren Williams,LAR,Los Angeles Rams @ Chicago Bears,Rushing Yards,90.0,290.0,,1768779000000,Bears,Rams,True,61.1,-28.9
Kyren Williams,LAR,Los Angeles Rams @ Chicago Bears,Rushing Yards,100.0,475.0,,1768779000000,Bears,Rams,True,61.1,-38.9
Kyren Williams,LAR,Los Angeles Rams @ Chicago Bears,Rushing Yards,110.0,635.0,,1768779000000,Bears,Rams,True,61.1,-48.9
Kyren Williams,LAR,Los Angeles Rams @ Chicago Bears,Rushing Yards,125.0,1100.0,,1768779000000,Bears,Rams,True,61.1,-63.9
Kyren Williams,LAR,Los Angeles Rams @ Chicago Bears,Rushing Yards,150.0,3200.0,,1768779000000,Bears,Rams,True,61.1,-88.9
Matthew Stafford,LAR,Los Angeles Rams @ Chicago Bears,Rushing Yards,10.0,350.0,,1768779000000,Bears,Rams,True,12.1,2.0999999999999996
Matthew Stafford,LAR,Los Angeles Rams @ Chicago Bears,Rushing Yards,15.0,690.0,,1768779000000,Bears,Rams,True,12.1,-2.9000000000000004
Matthew Stafford,LAR,Los Angeles Rams @ Chicago Bears,Rushing Yards,20.0,1000.0,,1768779000000,Bears,Rams,True,12.1,-7.9
Matthew Stafford,LAR,Los Angeles Rams @ Chicago Bears,Rushing Yards,25.0,1350.0,,1768779000000,Bears,Rams,True,12.1,-12.9
Matthew Stafford,LAR,Los Angeles Rams @ Chicago Bears,Rushing Yards,30.0,1700.0,,1768779000000,Bears,Rams,True,12.1,-17.9
Matthew Stafford,LAR,Los Angeles Rams @ Chicago Bears,Rushing Yards,40.0,3300.0,,1768779000000,Bears,Rams,True,12.1,-27.9
