season,week,game_id,team,player,position,player_id,is_active,pass_attempts,pass_yards,pass_tds,interceptions,rush_attempts,rush_yards,rush_tds,targets,receptions,rec_yards,rec_tds,any_td_prob,team_plays,team_pass_attempts,team_rush_attempts,team_pass_yards,team_rush_yards,team_exp_pass_tds,team_exp_rush_tds,team_exp_int,is_active_pid,is_active_nm
2025,15,2025_15_ARI_HOU,Arizona Cardinals,Jacoby Brissett,QB,00-0033119,1.0,30.2,182.1,1.11,0.9,3.69,12.2,0.09,0.0,0.0,0.0,0.0,0.0849,64.0,32.95,28.8,217.5,123.8,1.6958833151581243,0.6612595419847328,0.8236800000000001,1.0,1.0
2025,15,2025_15_ARI_HOU,Arizona Cardinals,Bam Knight,RB,00-0037157,1.0,0.0,0.0,0.0,0.0,16.14,60.7,0.44,4.46,3.11,21.4,0.21,0.4772,64.0,32.95,28.8,217.5,123.8,1.6958833151581243,0.6612595419847328,0.8236800000000001,1.0,1.0
2025,15,2025_15_ARI_HOU,Arizona Cardinals,Emari Demercado,RB,00-0038705,1.0,0.0,0.0,0.0,0.0,8.97,34.2,0.15,2.78,1.82,12.5,0.13,0.2403,64.0,32.95,28.8,217.5,123.8,1.6958833151581243,0.6612595419847328,0.8236800000000001,1.0,1.0
2025,15,2025_15_ARI_HOU,Arizona Cardinals,Corey Kiner,RB,00-0040556,1.0,0.0,0.0,0.0,0.0,0.0,0.0,0.0,0.0,0.0,0.0,0.0,0.0,64.0,32.95,28.8,217.5,123.8,1.6958833151581243,0.6612595419847328,0.8236800000000001,1.0,1.0
2025,15,2025_15_ARI_HOU,Arizona Cardinals,Michael Carter,RB,00-0036924,1.0,0.0,0.0,0.0,0.0,0.0,0.0,0.0,0.0,0.0,0.0,0.0,0.0,64.0,32.95,28.8,217.5,123.8,1.6958833151581243,0.6612595419847328,0.8236800000000001,1.0,1.0
2025,15,2025_15_ARI_HOU,Arizona Cardinals,Trey McBride,TE,00-0037744,1.0,0.0,0.0,0.0,0.0,0.0,0.0,0.0,6.75,4.51,28.8,0.28,0.2421,64.0,32.95,28.8,217.5,123.8,1.6958833151581243,0.6612595419847328,0.8236800000000001,1.0,1.0
2025,15,2025_15_ARI_HOU,Arizona Cardinals,Elijah Higgins,TE,00-0039041,1.0,0.0,0.0,0.0,0.0,0.0,0.0,0.0,3.49,2.4,16.9,0.15,0.137,64.0,32.95,28.8,217.5,123.8,1.6958833151581243,0.6612595419847328,0.8236800000000001,1.0,1.0
2025,15,2025_15_ARI_HOU,Arizona Cardinals,Josiah Deguara,TE,00-0036332,1.0,0.0,0.0,0.0,0.0,0.0,0.0,0.0,0.0,0.0,0.0,0.0,0.0,64.0,32.95,28.8,217.5,123.8,1.6958833151581243,0.6612595419847328,0.8236800000000001,1.0,1.0
2025,15,2025_15_ARI_HOU,Arizona Cardinals,Pharaoh Brown,TE,00-0033439,1.0,0.0,0.0,0.0,0.0,0.0,0.0,0.0,0.0,0.0,0.0,0.0,0.0,64.0,32.95,28.8,217.5,123.8,1.6958833151581243,0.6612595419847328,0.8236800000000001,1.0,1.0
2025,15,2025_15_ARI_HOU,Arizona Cardinals,Michael Wilson,WR,00-0038559,1.0,0.0,0.0,0.0,0.0,0.0,0.0,0.0,8.82,5.52,62.1,0.4,0.3306,64.0,32.95,28.8,217.5,123.8,1.6958833151581243,0.6612595419847328,0.8236800000000001,1.0,1.0
2025,15,2025_15_ARI_HOU,Arizona Cardinals,Andre Baccellia,WR,00-0035876,1.0,0.0,0.0,0.0,0.0,0.0,0.0,0.0,6.65,4.33,52.0,0.3,0.261,64.0,32.95,28.8,217.5,123.8,1.6958833151581243,0.6612595419847328,0.8236800000000001,1.0,1.0
2025,15,2025_15_ARI_HOU,Houston Texans,C.J. Stroud,QB,00-0039163,1.0,34.6,217.3,1.82,0.9,5.0,17.1,0.19,0.0,0.0,0.0,0.0,0.1726,64.0,32.95,28.8,217.5,123.8,2.672300981461287,1.0419847328244276,0.8236800000000001,1.0,1.0
2025,15,2025_15_ARI_HOU,Houston Texans,Woody Marks,RB,00-0040583,1.0,0.0,0.0,0.0,0.0,15.3,57.7,0.68,3.92,2.45,19.9,0.33,0.6349,64.0,32.95,28.8,217.5,123.8,2.672300981461287,1.0419847328244276,0.8236800000000001,1.0,1.0
2025,15,2025_15_ARI_HOU,Houston Texans,Nick Chubb,RB,00-0034791,1.0,0.0,0.0,0.0,0.0,8.5,30.6,0.23,2.44,1.51,10.8,0.19,0.3453,64.0,32.95,28.8,217.5,123.8,2.672300981461287,1.0419847328244276,0.8236800000000001,1.0,1.0
2025,15,2025_15_ARI_HOU,Houston Texans,British Brooks,RB,00-0039603,1.0,0.0,0.0,0.0,0.0,0.0,0.0,0.0,0.0,0.0,0.0,0.0,0.0,64.0,32.95,28.8,217.5,123.8,2.672300981461287,1.0419847328244276,0.8236800000000001,1.0,1.0
2025,15,2025_15_ARI_HOU,Houston Texans,Cody Schrader,RB,00-0039703,1.0,0.0,0.0,0.0,0.0,0.0,0.0,0.0,0.0,0.0,0.0,0.0,0.0,64.0,32.95,28.8,217.5,123.8,2.672300981461287,1.0419847328244276,0.8236800000000001,1.0,1.0
2025,15,2025_15_ARI_HOU,Houston Texans,Dare Ogunbowale,RB,00-0033854,1.0,0.0,0.0,0.0,0.0,0.0,0.0,0.0,0.0,0.0,0.0,0.0,0.0,64.0,32.95,28.8,217.5,123.8,2.672300981461287,1.0419847328244276,0.8236800000000001,1.0,1.0
2025,15,2025_15_ARI_HOU,Houston Texans,Dalton Schultz,TE,00-0034383,1.0,0.0,0.0,0.0,0.0,0.0,0.0,0.0,6.14,3.72,27.9,0.45,0.3615,64.0,32.95,28.8,217.5,123.8,2.672300981461287,1.0419847328244276,0.8236800000000001,1.0,1.0
2025,15,2025_15_ARI_HOU,Houston Texans,Cade Stover,TE,00-0039359,1.0,0.0,0.0,0.0,0.0,0.0,0.0,0.0,3.17,2.06,17.8,0.24,0.2163,64.0,32.95,28.8,217.5,123.8,2.672300981461287,1.0419847328244276,0.8236800000000001,1.0,1.0
2025,15,2025_15_ARI_HOU,Houston Texans,Dalton Keene,TE,00-0036225,1.0,0.0,0.0,0.0,0.0,0.0,0.0,0.0,0.0,0.0,0.0,0.0,0.0,64.0,32.95,28.8,217.5,123.8,2.672300981461287,1.0419847328244276,0.8236800000000001,0.0,0.0
2025,15,2025_15_ARI_HOU,Houston Texans,Nico Collins,WR,00-0036554,1.0,0.0,0.0,0.0,0.0,0.0,0.0,0.0,7.66,4.91,39.6,0.59,0.4463,64.0,32.95,28.8,217.5,123.8,2.672300981461287,1.0419847328244276,0.8236800000000001,1.0,1.0
2025,15,2025_15_ARI_HOU,Houston Texans,Jayden Higgins,WR,00-0040130,1.0,0.0,0.0,0.0,0.0,0.0,0.0,0.0,5.77,3.67,36.9,0.45,0.3642,64.0,32.95,28.8,217.5,123.8,2.672300981461287,1.0419847328244276,0.8236800000000001,1.0,1.0
2025,15,2025_15_ARI_HOU,Houston Texans,Xavier Hutchinson,WR,00-0038618,1.0,0.0,0.0,0.0,0.0,0.0,0.0,0.0,3.85,2.1,21.3,0.29,0.252,64.0,32.95,28.8,217.5,123.8,2.672300981461287,1.0419847328244276,0.8236800000000001,1.0,1.0
2025,15,2025_15_ARI_HOU,Houston Texans,Braxton Berrios,WR,00-0034419,1.0,0.0,0.0,0.0,0.0,0.0,0.0,0.0,0.0,0.0,0.0,0.0,0.0,64.0,32.95,28.8,217.5,123.8,2.672300981461287,1.0419847328244276,0.8236800000000001,1.0,1.0
2025,15,2025_15_ARI_HOU,Houston Texans,Christian Kirk,WR,00-0034775,1.0,0.0,0.0,0.0,0.0,0.0,0.0,0.0,0.0,0.0,0.0,0.0,0.0,64.0,32.95,28.8,217.5,123.8,2.672300981461287,1.0419847328244276,0.8236800000000001,1.0,1.0
2025,15,2025_15_ARI_HOU,Houston Texans,Daniel Jackson,WR,00-0040412,1.0,0.0,0.0,0.0,0.0,0.0,0.0,0.0,0.0,0.0,0.0,0.0,0.0,64.0,32.95,28.8,217.5,123.8,2.672300981461287,1.0419847328244276,0.8236800000000001,0.0,0.0
2025,15,2025_15_ARI_HOU,Houston Texans,Jaylin Noel,WR,00-0040138,1.0,0.0,0.0,0.0,0.0,0.0,0.0,0.0,0.0,0.0,0.0,0.0,0.0,64.0,32.95,28.8,217.5,123.8,2.672300981461287,1.0419847328244276,0.8236800000000001,1.0,1.0
2025,15,2025_15_ATL_TB,Atlanta Falcons,Kirk Cousins,QB,00-0029604,1.0,35.35,224.2,1.58,0.9,2.92,9.9,0.08,0.0,0.0,0.0,0.0,0.0784,64.0,32.95,28.8,217.5,123.8,2.055616139585605,0.8015267175572519,0.8236800000000001,1.0,1.0
2025,15,2025_15_ATL_TB,Atlanta Falcons,Bijan Robinson,RB,00-0038542,1.0,0.0,0.0,0.0,0.0,16.64,59.7,0.55,3.9,2.63,17.6,0.25,0.5494,64.0,32.95,28.8,217.5,123.8,2.055616139585605,0.8015267175572519,0.8236800000000001,1.0,1.0
2025,15,2025_15_ATL_TB,Atlanta Falcons,Tyler Allgeier,RB,00-0037263,1.0,0.0,0.0,0.0,0.0,9.24,33.2,0.21,2.43,1.76,11.5,0.15,0.2973,64.0,32.95,28.8,217.5,123.8,2.055616139585605,0.8015267175572519,0.8236800000000001,1.0,1.0
2025,15,2025_15_ATL_TB,Atlanta Falcons,Nate Carter,RB,00-0040547,1.0,0.0,0.0,0.0,0.0,0.0,0.0,0.0,0.0,0.0,0.0,0.0,0.0,64.0,32.95,28.8,217.5,123.8,2.055616139585605,0.8015267175572519,0.8236800000000001,1.0,1.0
2025,15,2025_15_ATL_TB,Atlanta Falcons,Kyle Pitts Sr.,TE,None,1.0,0.0,0.0,0.0,0.0,0.0,0.0,0.0,5.99,3.67,46.8,0.37,0.3119,64.0,32.95,28.8,217.5,123.8,2.055616139585605,0.8015267175572519,0.8236800000000001,0.0,0.0
2025,15,2025_15_ATL_TB,Atlanta Falcons,Charlie Woerner,TE,00-0036429,1.0,0.0,0.0,0.0,0.0,0.0,0.0,0.0,3.1,1.95,18.1,0.18,0.1667,64.0,32.95,28.8,217.5,123.8,2.055616139585605,0.8015267175572519,0.8236800000000001,1.0,1.0
2025,15,2025_15_ATL_TB,Atlanta Falcons,Feleipe Franks,TE,00-0036825,1.0,0.0,0.0,0.0,0.0,0.0,0.0,0.0,0.0,0.0,0.0,0.0,0.0,64.0,32.95,28.8,217.5,123.8,2.055616139585605,0.8015267175572519,0.8236800000000001,1.0,1.0
2025,15,2025_15_ATL_TB,Atlanta Falcons,Teagan Quitoriano,TE,00-0037277,1.0,0.0,0.0,0.0,0.0,0.0,0.0,0.0,0.0,0.0,0.0,0.0,0.0,64.0,32.95,28.8,217.5,123.8,2.055616139585605,0.8015267175572519,0.8236800000000001,1.0,1.0
2025,15,2025_15_ATL_TB,Atlanta Falcons,Darnell Mooney,WR,00-0036309,1.0,0.0,0.0,0.0,0.0,0.0,0.0,0.0,7.77,4.27,41.3,0.44,0.3555,64.0,32.95,28.8,217.5,123.8,2.055616139585605,0.8015267175572519,0.8236800000000001,1.0,1.0
2025,15,2025_15_ATL_TB,Atlanta Falcons,David Sills V,WR,None,1.0,0.0,0.0,0.0,0.0,0.0,0.0,0.0,5.85,3.77,56.5,0.37,0.306,64.0,32.95,28.8,217.5,123.8,2.055616139585605,0.8015267175572519,0.8236800000000001,0.0,0.0
2025,15,2025_15_ATL_TB,Atlanta Falcons,Dylan Drummond,WR,00-0038953,1.0,0.0,0.0,0.0,0.0,0.0,0.0,0.0,3.9,2.47,30.8,0.25,0.221,64.0,32.95,28.8,217.5,123.8,2.055616139585605,0.8015267175572519,0.8236800000000001,1.0,1.0
2025,15,2025_15_ATL_TB,Atlanta Falcons,Chris Blair,WR,00-0036463,1.0,0.0,0.0,0.0,0.0,0.0,0.0,0.0,0.0,0.0,0.0,0.0,0.0,64.0,32.95,28.8,217.5,123.8,2.055616139585605,0.8015267175572519,0.8236800000000001,1.0,1.0
2025,15,2025_15_ATL_TB,Atlanta Falcons,Deven Thompkins,WR,00-0037487,1.0,0.0,0.0,0.0,0.0,0.0,0.0,0.0,0.0,0.0,0.0,0.0,0.0,64.0,32.95,28.8,217.5,123.8,2.055616139585605,0.8015267175572519,0.8236800000000001,1.0,1.0
2025,15,2025_15_ATL_TB,Atlanta Falcons,KhaDarel Hodge,WR,00-0034854,1.0,0.0,0.0,0.0,0.0,0.0,0.0,0.0,0.0,0.0,0.0,0.0,0.0,64.0,32.95,28.8,217.5,123.8,2.055616139585605,0.8015267175572519,0.8236800000000001,1.0,1.0
2025,15,2025_15_ATL_TB,Tampa Bay Buccaneers,Baker Mayfield,QB,00-0034855,1.0,35.01,220.5,1.96,0.9,5.62,18.7,0.19,0.0,0.0,0.0,0.0,0.177,64.0,32.95,28.8,217.5,123.8,2.518129770992366,0.9818702290076335,0.8236800000000001,1.0,1.0
2025,15,2025_15_ATL_TB,Tampa Bay Buccaneers,Bucky Irving,RB,00-0039361,1.0,0.0,0.0,0.0,0.0,14.9,55.3,0.61,4.0,3.05,18.0,0.31,0.6027,64.0,32.95,28.8,217.5,123.8,2.518129770992366,0.9818702290076335,0.8236800000000001,1.0,1.0
2025,15,2025_15_ATL_TB,Tampa Bay Buccaneers,Rachaad White,RB,00-0037256,1.0,0.0,0.0,0.0,0.0,8.28,30.0,0.21,2.49,1.91,9.9,0.2,0.3346,64.0,32.95,28.8,217.5,123.8,2.518129770992366,0.9818702290076335,0.8236800000000001,1.0,1.0
2025,15,2025_15_ATL_TB,Tampa Bay Buccaneers,Sean Tucker,RB,00-0038951,1.0,0.0,0.0,0.0,0.0,0.0,0.0,0.0,0.0,0.0,0.0,0.0,0.0,64.0,32.95,28.8,217.5,123.8,2.518129770992366,0.9818702290076335,0.8236800000000001,1.0,1.0
2025,15,2025_15_ATL_TB,Tampa Bay Buccaneers,Payne Durham,TE,00-0039050,1.0,0.0,0.0,0.0,0.0,0.0,0.0,0.0,5.91,3.8,36.8,0.43,0.3511,64.0,32.95,28.8,217.5,123.8,2.518129770992366,0.9818702290076335,0.8236800000000001,1.0,1.0
2025,15,2025_15_ATL_TB,Tampa Bay Buccaneers,Devin Culp,TE,00-0039754,1.0,0.0,0.0,0.0,0.0,0.0,0.0,0.0,3.06,1.98,20.6,0.24,0.2124,64.0,32.95,28.8,217.5,123.8,2.518129770992366,0.9818702290076335,0.8236800000000001,1.0,1.0
2025,15,2025_15_ATL_TB,Tampa Bay Buccaneers,Mike Evans,WR,00-0031408,1.0,0.0,0.0,0.0,0.0,0.0,0.0,0.0,7.76,4.46,40.2,0.56,0.4276,64.0,32.95,28.8,217.5,123.8,2.518129770992366,0.9818702290076335,0.8236800000000001,1.0,1.0
2025,15,2025_15_ATL_TB,Tampa Bay Buccaneers,Emeka Egbuka,WR,00-0040129,1.0,0.0,0.0,0.0,0.0,0.0,0.0,0.0,5.84,2.99,33.3,0.42,0.3452,64.0,32.95,28.8,217.5,123.8,2.518129770992366,0.9818702290076335,0.8236800000000001,1.0,1.0
2025,15,2025_15_ATL_TB,Tampa Bay Buccaneers,Chris Godwin Jr.,WR,00-0033921,1.0,0.0,0.0,0.0,0.0,0.0,0.0,0.0,3.89,2.62,18.9,0.28,0.244,64.0,32.95,28.8,217.5,123.8,2.518129770992366,0.9818702290076335,0.8236800000000001,1.0,1.0
2025,15,2025_15_ATL_TB,Tampa Bay Buccaneers,Jalen McMillan,WR,00-0039855,1.0,0.0,0.0,0.0,0.0,0.0,0.0,0.0,0.0,0.0,0.0,0.0,0.0,64.0,32.95,28.8,217.5,123.8,2.518129770992366,0.9818702290076335,0.8236800000000001,1.0,1.0
2025,15,2025_15_ATL_TB,Tampa Bay Buccaneers,Kameron Johnson,WR,00-0039589,1.0,0.0,0.0,0.0,0.0,0.0,0.0,0.0,0.0,0.0,0.0,0.0,0.0,64.0,32.95,28.8,217.5,123.8,2.518129770992366,0.9818702290076335,0.8236800000000001,1.0,1.0
2025,15,2025_15_ATL_TB,Tampa Bay Buccaneers,Sterling Shepard,WR,00-0032385,1.0,0.0,0.0,0.0,0.0,0.0,0.0,0.0,0.0,0.0,0.0,0.0,0.0,64.0,32.95,28.8,217.5,123.8,2.518129770992366,0.9818702290076335,0.8236800000000001,1.0,1.0
2025,15,2025_15_ATL_TB,Tampa Bay Buccaneers,Tez Johnson,WR,00-0040237,1.0,0.0,0.0,0.0,0.0,0.0,0.0,0.0,0.0,0.0,0.0,0.0,0.0,64.0,32.95,28.8,217.5,123.8,2.518129770992366,0.9818702290076335,0.8236800000000001,1.0,1.0
2025,15,2025_15_BAL_CIN,Baltimore Ravens,Lamar Jackson,QB,00-0034796,1.0,32.9,214.1,2.06,0.9,9.6,28.7,0.31,0.0,0.0,0.0,0.0,0.2671,64.0,32.95,28.8,217.5,123.8,2.7750817884405667,1.08206106870229,0.8236800000000001,1.0,1.0
2025,15,2025_15_BAL_CIN,Baltimore Ravens,Derrick Henry,RB,00-0032764,1.0,0.0,0.0,0.0,0.0,12.34,44.2,0.61,4.04,2.72,18.9,0.34,0.6124,64.0,32.95,28.8,217.5,123.8,2.7750817884405667,1.08206106870229,0.8236800000000001,1.0,1.0
2025,15,2025_15_BAL_CIN,Baltimore Ravens,Keaton Mitchell,RB,00-0038454,1.0,0.0,0.0,0.0,0.0,6.86,26.1,0.21,2.51,1.73,13.8,0.21,0.3423,64.0,32.95,28.8,217.5,123.8,2.7750817884405667,1.08206106870229,0.8236800000000001,1.0,1.0
2025,15,2025_15_BAL_CIN,Baltimore Ravens,Rasheen Ali,RB,00-0039796,1.0,0.0,0.0,0.0,0.0,0.0,0.0,0.0,0.0,0.0,0.0,0.0,0.0,64.0,32.95,28.8,217.5,123.8,2.7750817884405667,1.08206106870229,0.8236800000000001,1.0,1.0
2025,15,2025_15_BAL_CIN,Baltimore Ravens,Mark Andrews,TE,00-0034753,1.0,0.0,0.0,0.0,0.0,0.0,0.0,0.0,6.51,3.98,30.4,0.52,0.406,64.0,32.95,28.8,217.5,123.8,2.7750817884405667,1.08206106870229,0.8236800000000001,1.0,1.0
2025,15,2025_15_BAL_CIN,Baltimore Ravens,Isaiah Likely,TE,00-0037838,1.0,0.0,0.0,0.0,0.0,0.0,0.0,0.0,3.37,2.05,15.5,0.27,0.2334,64.0,32.95,28.8,217.5,123.8,2.7750817884405667,1.08206106870229,0.8236800000000001,1.0,1.0
2025,15,2025_15_BAL_CIN,Baltimore Ravens,Baylor Cupp,TE,00-0039316,1.0,0.0,0.0,0.0,0.0,0.0,0.0,0.0,0.0,0.0,0.0,0.0,0.0,64.0,32.95,28.8,217.5,123.8,2.7750817884405667,1.08206106870229,0.8236800000000001,0.0,0.0
2025,15,2025_15_BAL_CIN,Baltimore Ravens,Charlie Kolar,TE,00-0038046,1.0,0.0,0.0,0.0,0.0,0.0,0.0,0.0,0.0,0.0,0.0,0.0,0.0,64.0,32.95,28.8,217.5,123.8,2.7750817884405667,1.08206106870229,0.8236800000000001,1.0,1.0
2025,15,2025_15_BAL_CIN,Baltimore Ravens,Zay Flowers,WR,00-0039064,1.0,0.0,0.0,0.0,0.0,0.0,0.0,0.0,7.32,4.95,39.4,0.56,0.4261,64.0,32.95,28.8,217.5,123.8,2.7750817884405667,1.08206106870229,0.8236800000000001,1.0,1.0
2025,15,2025_15_BAL_CIN,Baltimore Ravens,Rashod Bateman,WR,00-0036550,1.0,0.0,0.0,0.0,0.0,0.0,0.0,0.0,5.52,3.3,29.8,0.43,0.3486,64.0,32.95,28.8,217.5,123.8,2.7750817884405667,1.08206106870229,0.8236800000000001,1.0,1.0
2025,15,2025_15_BAL_CIN,Baltimore Ravens,DeAndre Hopkins,WR,00-0030564,1.0,0.0,0.0,0.0,0.0,0.0,0.0,0.0,3.68,2.19,18.2,0.28,0.2459,64.0,32.95,28.8,217.5,123.8,2.7750817884405667,1.08206106870229,0.8236800000000001,1.0,1.0
2025,15,2025_15_BAL_CIN,Baltimore Ravens,Anthony Miller,WR,00-0034353,1.0,0.0,0.0,0.0,0.0,0.0,0.0,0.0,0.0,0.0,0.0,0.0,0.0,64.0,32.95,28.8,217.5,123.8,2.7750817884405667,1.08206106870229,0.8236800000000001,0.0,0.0
2025,15,2025_15_BAL_CIN,Baltimore Ravens,Colton Dowell,WR,00-0038632,1.0,0.0,0.0,0.0,0.0,0.0,0.0,0.0,0.0,0.0,0.0,0.0,0.0,64.0,32.95,28.8,217.5,123.8,2.7750817884405667,1.08206106870229,0.8236800000000001,0.0,0.0
2025,15,2025_15_BAL_CIN,Baltimore Ravens,Devontez Walker,WR,00-0039792,1.0,0.0,0.0,0.0,0.0,0.0,0.0,0.0,0.0,0.0,0.0,0.0,0.0,64.0,32.95,28.8,217.5,123.8,2.7750817884405667,1.08206106870229,0.8236800000000001,1.0,1.0
2025,15,2025_15_BAL_CIN,Baltimore Ravens,LaJohntay Wester,WR,00-0040075,1.0,0.0,0.0,0.0,0.0,0.0,0.0,0.0,0.0,0.0,0.0,0.0,0.0,64.0,32.95,28.8,217.5,123.8,2.7750817884405667,1.08206106870229,0.8236800000000001,1.0,1.0
2025,15,2025_15_BAL_CIN,Baltimore Ravens,Tylan Wallace,WR,00-0036630,1.0,0.0,0.0,0.0,0.0,0.0,0.0,0.0,0.0,0.0,0.0,0.0,0.0,64.0,32.95,28.8,217.5,123.8,2.7750817884405667,1.08206106870229,0.8236800000000001,1.0,1.0
2025,15,2025_15_BAL_CIN,Cincinnati Bengals,Joe Burrow,QB,00-0036442,1.0,36.64,224.9,1.98,0.9,4.18,13.7,0.16,0.0,0.0,0.0,0.0,0.1477,64.0,32.95,28.8,217.5,123.8,2.518129770992366,0.9818702290076335,0.8236800000000001,1.0,1.0
2025,15,2025_15_BAL_CIN,Cincinnati Bengals,Chase Brown,RB,00-0038597,1.0,0.0,0.0,0.0,0.0,15.83,57.4,0.66,3.96,2.75,17.9,0.31,0.6197,64.0,32.95,28.8,217.5,123.8,2.518129770992366,0.9818702290076335,0.8236800000000001,1.0,1.0
2025,15,2025_15_BAL_CIN,Cincinnati Bengals,Samaje Perine,RB,00-0033526,1.0,0.0,0.0,0.0,0.0,8.79,32.5,0.23,2.46,1.76,10.6,0.19,0.3429,64.0,32.95,28.8,217.5,123.8,2.518129770992366,0.9818702290076335,0.8236800000000001,1.0,1.0
2025,15,2025_15_BAL_CIN,Cincinnati Bengals,Tahj Brooks,RB,00-0040208,1.0,0.0,0.0,0.0,0.0,0.0,0.0,0.0,0.0,0.0,0.0,0.0,0.0,64.0,32.95,28.8,217.5,123.8,2.518129770992366,0.9818702290076335,0.8236800000000001,1.0,1.0
2025,15,2025_15_BAL_CIN,Cincinnati Bengals,Mike Gesicki,TE,00-0034829,1.0,0.0,0.0,0.0,0.0,0.0,0.0,0.0,5.93,3.58,27.5,0.43,0.3482,64.0,32.95,28.8,217.5,123.8,2.518129770992366,0.9818702290076335,0.8236800000000001,1.0,1.0
2025,15,2025_15_BAL_CIN,Cincinnati Bengals,Noah Fant,TE,00-0035644,1.0,0.0,0.0,0.0,0.0,0.0,0.0,0.0,3.06,2.08,13.4,0.21,0.1856,64.0,32.95,28.8,217.5,123.8,2.518129770992366,0.9818702290076335,0.8236800000000001,1.0,1.0
2025,15,2025_15_BAL_CIN,Cincinnati Bengals,Cam Grandy,TE,00-0039631,1.0,0.0,0.0,0.0,0.0,0.0,0.0,0.0,0.0,0.0,0.0,0.0,0.0,64.0,32.95,28.8,217.5,123.8,2.518129770992366,0.9818702290076335,0.8236800000000001,1.0,1.0
2025,15,2025_15_BAL_CIN,Cincinnati Bengals,Drew Sample,TE,00-0035631,1.0,0.0,0.0,0.0,0.0,0.0,0.0,0.0,0.0,0.0,0.0,0.0,0.0,64.0,32.95,28.8,217.5,123.8,2.518129770992366,0.9818702290076335,0.8236800000000001,1.0,1.0
2025,15,2025_15_BAL_CIN,Cincinnati Bengals,Tanner Hudson,TE,00-0034613,1.0,0.0,0.0,0.0,0.0,0.0,0.0,0.0,0.0,0.0,0.0,0.0,0.0,64.0,32.95,28.8,217.5,123.8,2.518129770992366,0.9818702290076335,0.8236800000000001,1.0,1.0
2025,15,2025_15_BAL_CIN,Cincinnati Bengals,Ja'Marr Chase,WR,00-0036900,1.0,0.0,0.0,0.0,0.0,0.0,0.0,0.0,7.77,5.19,38.9,0.58,0.4379,64.0,32.95,28.8,217.5,123.8,2.518129770992366,0.9818702290076335,0.8236800000000001,1.0,1.0
2025,15,2025_15_BAL_CIN,Cincinnati Bengals,Andrei Iosivas,WR,00-0038619,1.0,0.0,0.0,0.0,0.0,0.0,0.0,0.0,5.85,3.33,31.8,0.44,0.3538,64.0,32.95,28.8,217.5,123.8,2.518129770992366,0.9818702290076335,0.8236800000000001,1.0,1.0
2025,15,2025_15_BAL_CIN,Cincinnati Bengals,Mitchell Tinsley,WR,00-0038839,1.0,0.0,0.0,0.0,0.0,0.0,0.0,0.0,3.9,2.03,27.8,0.3,0.2567,64.0,32.95,28.8,217.5,123.8,2.518129770992366,0.9818702290076335,0.8236800000000001,1.0,1.0
2025,15,2025_15_BAL_CIN,Cincinnati Bengals,Charlie Jones,WR,00-0038576,1.0,0.0,0.0,0.0,0.0,0.0,0.0,0.0,0.0,0.0,0.0,0.0,0.0,64.0,32.95,28.8,217.5,123.8,2.518129770992366,0.9818702290076335,0.8236800000000001,1.0,1.0
2025,15,2025_15_BAL_CIN,Cincinnati Bengals,Cole Burgess,WR,00-0039626,1.0,0.0,0.0,0.0,0.0,0.0,0.0,0.0,0.0,0.0,0.0,0.0,0.0,64.0,32.95,28.8,217.5,123.8,2.518129770992366,0.9818702290076335,0.8236800000000001,0.0,0.0
2025,15,2025_15_BUF_NE,Buffalo Bills,Josh Allen,QB,00-0034857,1.0,34.07,215.2,1.91,0.9,8.77,26.5,0.34,0.0,0.0,0.0,0.0,0.2876,64.0,32.95,28.8,217.5,123.8,2.6209105779716464,1.0219465648854962,0.8236800000000001,1.0,1.0
2025,15,2025_15_BUF_NE,Buffalo Bills,James Cook III,RB,None,1.0,0.0,0.0,0.0,0.0,12.88,60.2,0.56,4.04,2.66,24.7,0.32,0.5834,64.0,32.95,28.8,217.5,123.8,2.6209105779716464,1.0219465648854962,0.8236800000000001,0.0,0.0
2025,15,2025_15_BUF_NE,Buffalo Bills,Ray Davis,RB,00-0039875,1.0,0.0,0.0,0.0,0.0,7.15,26.8,0.2,2.51,1.7,12.2,0.2,0.3337,64.0,32.95,28.8,217.5,123.8,2.6209105779716464,1.0219465648854962,0.8236800000000001,1.0,1.0
2025,15,2025_15_BUF_NE,Buffalo Bills,Ty Johnson,RB,00-0035537,1.0,0.0,0.0,0.0,0.0,0.0,0.0,0.0,0.0,0.0,0.0,0.0,0.0,64.0,32.95,28.8,217.5,123.8,2.6209105779716464,1.0219465648854962,0.8236800000000001,1.0,1.0
2025,15,2025_15_BUF_NE,Buffalo Bills,Dalton Kincaid,TE,00-0038933,1.0,0.0,0.0,0.0,0.0,0.0,0.0,0.0,6.26,3.99,28.5,0.44,0.3566,64.0,32.95,28.8,217.5,123.8,2.6209105779716464,1.0219465648854962,0.8236800000000001,1.0,1.0
2025,15,2025_15_BUF_NE,Buffalo Bills,Dawson Knox,TE,00-0035689,1.0,0.0,0.0,0.0,0.0,0.0,0.0,0.0,3.23,1.98,14.2,0.25,0.2193,64.0,32.95,28.8,217.5,123.8,2.6209105779716464,1.0219465648854962,0.8236800000000001,1.0,1.0
2025,15,2025_15_BUF_NE,Buffalo Bills,Jackson Hawes,TE,00-0040194,1.0,0.0,0.0,0.0,0.0,0.0,0.0,0.0,0.0,0.0,0.0,0.0,0.0,64.0,32.95,28.8,217.5,123.8,2.6209105779716464,1.0219465648854962,0.8236800000000001,1.0,1.0
2025,15,2025_15_BUF_NE,Buffalo Bills,Khalil Shakir,WR,00-0037261,1.0,0.0,0.0,0.0,0.0,0.0,0.0,0.0,7.5,5.5,39.7,0.55,0.4205,64.0,32.95,28.8,217.5,123.8,2.6209105779716464,1.0219465648854962,0.8236800000000001,1.0,1.0
2025,15,2025_15_BUF_NE,Buffalo Bills,Joshua Palmer,WR,None,1.0,0.0,0.0,0.0,0.0,0.0,0.0,0.0,5.65,3.64,54.8,0.44,0.3591,64.0,32.95,28.8,217.5,123.8,2.6209105779716464,1.0219465648854962,0.8236800000000001,0.0,0.0
2025,15,2025_15_BUF_NE,Buffalo Bills,Gabe Davis,WR,00-0036196,1.0,0.0,0.0,0.0,0.0,0.0,0.0,0.0,3.76,1.99,18.7,0.29,0.2536,64.0,32.95,28.8,217.5,123.8,2.6209105779716464,1.0219465648854962,0.8236800000000001,1.0,1.0
2025,15,2025_15_BUF_NE,Buffalo Bills,Brandin Cooks,WR,00-0031236,1.0,0.0,0.0,0.0,0.0,0.0,0.0,0.0,0.0,0.0,0.0,0.0,0.0,64.0,32.95,28.8,217.5,123.8,2.6209105779716464,1.0219465648854962,0.8236800000000001,1.0,1.0
2025,15,2025_15_BUF_NE,Buffalo Bills,David White,WR,00-0039562,1.0,0.0,0.0,0.0,0.0,0.0,0.0,0.0,0.0,0.0,0.0,0.0,0.0,64.0,32.95,28.8,217.5,123.8,2.6209105779716464,1.0219465648854962,0.8236800000000001,1.0,1.0
2025,15,2025_15_BUF_NE,Buffalo Bills,Keon Coleman,WR,00-0039901,1.0,0.0,0.0,0.0,0.0,0.0,0.0,0.0,0.0,0.0,0.0,0.0,0.0,64.0,32.95,28.8,217.5,123.8,2.6209105779716464,1.0219465648854962,0.8236800000000001,1.0,1.0
2025,15,2025_15_BUF_NE,Buffalo Bills,Tyrell Shavers,WR,00-0038679,1.0,0.0,0.0,0.0,0.0,0.0,0.0,0.0,0.0,0.0,0.0,0.0,0.0,64.0,32.95,28.8,217.5,123.8,2.6209105779716464,1.0219465648854962,0.8236800000000001,1.0,1.0
2025,15,2025_15_BUF_NE,New England Patriots,Drake Maye,QB,00-0039851,1.0,32.47,195.2,1.66,0.9,6.39,21.7,0.21,0.0,0.0,0.0,0.0,0.1924,64.0,32.95,28.8,217.5,123.8,2.466739367502726,0.9618320610687022,0.8236800000000001,1.0,1.0
2025,15,2025_15_BUF_NE,New England Patriots,Rhamondre Stevenson,RB,00-0036875,1.0,0.0,0.0,0.0,0.0,14.4,52.4,0.59,3.96,2.68,16.2,0.3,0.5889,64.0,32.95,28.8,217.5,123.8,2.466739367502726,0.9618320610687022,0.8236800000000001,1.0,1.0
2025,15,2025_15_BUF_NE,New England Patriots,TreVeyon Henderson,RB,00-0040734,1.0,0.0,0.0,0.0,0.0,8.0,30.4,0.21,2.47,1.79,11.4,0.18,0.3239,64.0,32.95,28.8,217.5,123.8,2.466739367502726,0.9618320610687022,0.8236800000000001,1.0,1.0
2025,15,2025_15_BUF_NE,New England Patriots,Hunter Henry,TE,00-0033090,1.0,0.0,0.0,0.0,0.0,0.0,0.0,0.0,5.9,3.62,27.0,0.41,0.3381,64.0,32.95,28.8,217.5,123.8,2.466739367502726,0.9618320610687022,0.8236800000000001,1.0,1.0
2025,15,2025_15_BUF_NE,New England Patriots,Austin Hooper,TE,00-0032392,1.0,0.0,0.0,0.0,0.0,0.0,0.0,0.0,3.05,1.99,13.5,0.21,0.189,64.0,32.95,28.8,217.5,123.8,2.466739367502726,0.9618320610687022,0.8236800000000001,1.0,1.0
2025,15,2025_15_BUF_NE,New England Patriots,CJ Dippre,TE,00-0040566,1.0,0.0,0.0,0.0,0.0,0.0,0.0,0.0,0.0,0.0,0.0,0.0,0.0,64.0,32.95,28.8,217.5,123.8,2.466739367502726,0.9618320610687022,0.8236800000000001,1.0,1.0
2025,15,2025_15_BUF_NE,New England Patriots,Cole Fotheringham,TE,00-0037506,1.0,0.0,0.0,0.0,0.0,0.0,0.0,0.0,0.0,0.0,0.0,0.0,0.0,64.0,32.95,28.8,217.5,123.8,2.466739367502726,0.9618320610687022,0.8236800000000001,0.0,0.0
2025,15,2025_15_BUF_NE,New England Patriots,Stefon Diggs,WR,00-0031588,1.0,0.0,0.0,0.0,0.0,0.0,0.0,0.0,7.79,5.39,40.5,0.54,0.4185,64.0,32.95,28.8,217.5,123.8,2.466739367502726,0.9618320610687022,0.8236800000000001,1.0,1.0
2025,15,2025_15_BUF_NE,New England Patriots,Kayshon Boutte,WR,00-0038608,1.0,0.0,0.0,0.0,0.0,0.0,0.0,0.0,5.87,3.63,33.0,0.41,0.3344,64.0,32.95,28.8,217.5,123.8,2.466739367502726,0.9618320610687022,0.8236800000000001,1.0,1.0
2025,15,2025_15_BUF_NE,New England Patriots,Mack Hollins,WR,00-0033555,1.0,0.0,0.0,0.0,0.0,0.0,0.0,0.0,3.91,2.45,19.6,0.27,0.2392,64.0,32.95,28.8,217.5,123.8,2.466739367502726,0.9618320610687022,0.8236800000000001,1.0,1.0
2025,15,2025_15_BUF_NE,New England Patriots,DeMario Douglas,WR,00-0038621,1.0,0.0,0.0,0.0,0.0,0.0,0.0,0.0,0.0,0.0,0.0,0.0,0.0,64.0,32.95,28.8,217.5,123.8,2.466739367502726,0.9618320610687022,0.8236800000000001,1.0,1.0
2025,15,2025_15_BUF_NE,New England Patriots,Efton Chism III,WR,00-0040563,1.0,0.0,0.0,0.0,0.0,0.0,0.0,0.0,0.0,0.0,0.0,0.0,0.0,64.0,32.95,28.8,217.5,123.8,2.466739367502726,0.9618320610687022,0.8236800000000001,1.0,1.0
2025,15,2025_15_BUF_NE,New England Patriots,Kyle Williams,WR,00-0040131,1.0,0.0,0.0,0.0,0.0,0.0,0.0,0.0,0.0,0.0,0.0,0.0,0.0,64.0,32.95,28.8,217.5,123.8,2.466739367502726,0.9618320610687022,0.8236800000000001,1.0,1.0
2025,15,2025_15_CAR_NO,Carolina Panthers,Bryce Young,QB,00-0039150,1.0,34.14,204.8,1.47,0.9,5.02,17.8,0.15,0.0,0.0,0.0,0.0,0.1387,64.0,32.95,28.8,217.5,123.8,2.1898992639040347,0.8538864503816794,0.8236800000000001,1.0,1.0
2025,15,2025_15_CAR_NO,Carolina Panthers,Rico Dowdle,RB,00-0036139,1.0,0.0,0.0,0.0,0.0,15.29,55.3,0.53,3.87,2.69,17.7,0.27,0.5514,64.0,32.95,28.8,217.5,123.8,2.1898992639040347,0.8538864503816794,0.8236800000000001,1.0,1.0
2025,15,2025_15_CAR_NO,Carolina Panthers,Chuba Hubbard,RB,00-0036555,1.0,0.0,0.0,0.0,0.0,8.49,30.9,0.19,2.41,1.66,10.2,0.16,0.2995,64.0,32.95,28.8,217.5,123.8,2.1898992639040347,0.8538864503816794,0.8236800000000001,1.0,1.0
2025,15,2025_15_CAR_NO,Carolina Panthers,Trevor Etienne,RB,00-0040644,1.0,0.0,0.0,0.0,0.0,0.0,0.0,0.0,0.0,0.0,0.0,0.0,0.0,64.0,32.95,28.8,217.5,123.8,2.1898992639040347,0.8538864503816794,0.8236800000000001,1.0,1.0
2025,15,2025_15_CAR_NO,Carolina Panthers,Tommy Tremble,TE,00-0037005,1.0,0.0,0.0,0.0,0.0,0.0,0.0,0.0,6.15,3.74,30.5,0.38,0.3175,64.0,32.95,28.8,217.5,123.8,2.1898992639040347,0.8538864503816794,0.8236800000000001,1.0,1.0
2025,15,2025_15_CAR_NO,Carolina Panthers,Ja'Tavion Sanders,TE,00-0039356,1.0,0.0,0.0,0.0,0.0,0.0,0.0,0.0,3.18,2.12,15.8,0.2,0.1842,64.0,32.95,28.8,217.5,123.8,2.1898992639040347,0.8538864503816794,0.8236800000000001,1.0,1.0
2025,15,2025_15_CAR_NO,Carolina Panthers,Dominique Dafney,TE,00-0036456,1.0,0.0,0.0,0.0,0.0,0.0,0.0,0.0,0.0,0.0,0.0,0.0,0.0,64.0,32.95,28.8,217.5,123.8,2.1898992639040347,0.8538864503816794,0.8236800000000001,0.0,0.0
2025,15,2025_15_CAR_NO,Carolina Panthers,James Mitchell,TE,00-0037282,1.0,0.0,0.0,0.0,0.0,0.0,0.0,0.0,0.0,0.0,0.0,0.0,0.0,64.0,32.95,28.8,217.5,123.8,2.1898992639040347,0.8538864503816794,0.8236800000000001,1.0,1.0
2025,15,2025_15_CAR_NO,Carolina Panthers,Mitchell Evans,TE,00-0040187,1.0,0.0,0.0,0.0,0.0,0.0,0.0,0.0,0.0,0.0,0.0,0.0,0.0,64.0,32.95,28.8,217.5,123.8,2.1898992639040347,0.8538864503816794,0.8236800000000001,1.0,1.0
2025,15,2025_15_CAR_NO,Carolina Panthers,Tetairoa McMillan,WR,00-0040124,1.0,0.0,0.0,0.0,0.0,0.0,0.0,0.0,7.69,4.43,45.9,0.49,0.3897,64.0,32.95,28.8,217.5,123.8,2.1898992639040347,0.8538864503816794,0.8236800000000001,1.0,1.0
2025,15,2025_15_CAR_NO,Carolina Panthers,Xavier Legette,WR,00-0039342,1.0,0.0,0.0,0.0,0.0,0.0,0.0,0.0,5.79,3.23,31.7,0.38,0.3161,64.0,32.95,28.8,217.5,123.8,2.1898992639040347,0.8538864503816794,0.8236800000000001,1.0,1.0
2025,15,2025_15_CAR_NO,Carolina Panthers,Jalen Coker,WR,00-0039491,1.0,0.0,0.0,0.0,0.0,0.0,0.0,0.0,3.86,2.53,22.4,0.25,0.2188,64.0,32.95,28.8,217.5,123.8,2.1898992639040347,0.8538864503816794,0.8236800000000001,1.0,1.0
2025,15,2025_15_CAR_NO,Carolina Panthers,Brycen Tremayne,WR,00-0038840,1.0,0.0,0.0,0.0,0.0,0.0,0.0,0.0,0.0,0.0,0.0,0.0,0.0,64.0,32.95,28.8,217.5,123.8,2.1898992639040347,0.8538864503816794,0.8236800000000001,1.0,1.0
2025,15,2025_15_CAR_NO,Carolina Panthers,Hunter Renfrow,WR,00-0034983,1.0,0.0,0.0,0.0,0.0,0.0,0.0,0.0,0.0,0.0,0.0,0.0,0.0,64.0,32.95,28.8,217.5,123.8,2.1898992639040347,0.8538864503816794,0.8236800000000001,1.0,1.0
2025,15,2025_15_CAR_NO,Carolina Panthers,Jimmy Horn Jr.,WR,00-0040218,1.0,0.0,0.0,0.0,0.0,0.0,0.0,0.0,0.0,0.0,0.0,0.0,0.0,64.0,32.95,28.8,217.5,123.8,2.1898992639040347,0.8538864503816794,0.8236800000000001,1.0,1.0
2025,15,2025_15_CAR_NO,New Orleans Saints,Tyler Shough,QB,00-0040743,1.0,33.95,208.1,1.6,0.9,1.54,5.4,0.04,0.0,0.0,0.0,0.0,0.0396,64.0,32.95,28.8,217.5,123.8,1.935259814612868,0.7545973282442748,0.8236800000000001,1.0,1.0
2025,15,2025_15_CAR_NO,New Orleans Saints,Devin Neal,RB,00-0040202,1.0,0.0,0.0,0.0,0.0,17.52,71.7,0.52,4.03,2.91,21.1,0.23,0.5262,64.0,32.95,28.8,217.5,123.8,1.935259814612868,0.7545973282442748,0.8236800000000001,1.0,1.0
2025,15,2025_15_CAR_NO,New Orleans Saints,Evan Hull,RB,00-0038397,1.0,0.0,0.0,0.0,0.0,9.74,42.0,0.19,2.51,1.66,14.3,0.15,0.2815,64.0,32.95,28.8,217.5,123.8,1.935259814612868,0.7545973282442748,0.8236800000000001,1.0,1.0
2025,15,2025_15_CAR_NO,New Orleans Saints,Audric Estime,RB,00-0039373,1.0,0.0,0.0,0.0,0.0,0.0,0.0,0.0,0.0,0.0,0.0,0.0,0.0,64.0,32.95,28.8,217.5,123.8,1.935259814612868,0.7545973282442748,0.8236800000000001,1.0,1.0
2025,15,2025_15_CAR_NO,New Orleans Saints,Juwan Johnson,TE,00-0036040,1.0,0.0,0.0,0.0,0.0,0.0,0.0,0.0,6.15,3.73,29.0,0.32,0.2746,64.0,32.95,28.8,217.5,123.8,1.935259814612868,0.7545973282442748,0.8236800000000001,1.0,1.0
2025,15,2025_15_CAR_NO,New Orleans Saints,Foster Moreau,TE,00-0034981,1.0,0.0,0.0,0.0,0.0,0.0,0.0,0.0,3.18,1.97,15.2,0.17,0.1574,64.0,32.95,28.8,217.5,123.8,1.935259814612868,0.7545973282442748,0.8236800000000001,1.0,1.0
2025,15,2025_15_CAR_NO,New Orleans Saints,Jack Stoll,TE,00-0036741,1.0,0.0,0.0,0.0,0.0,0.0,0.0,0.0,0.0,0.0,0.0,0.0,0.0,64.0,32.95,28.8,217.5,123.8,1.935259814612868,0.7545973282442748,0.8236800000000001,1.0,1.0
2025,15,2025_15_CAR_NO,New Orleans Saints,Zaire Mitchell-Paden,TE,00-0037340,1.0,0.0,0.0,0.0,0.0,0.0,0.0,0.0,0.0,0.0,0.0,0.0,0.0,64.0,32.95,28.8,217.5,123.8,1.935259814612868,0.7545973282442748,0.8236800000000001,1.0,1.0
2025,15,2025_15_CAR_NO,New Orleans Saints,Chris Olave,WR,00-0037239,1.0,0.0,0.0,0.0,0.0,0.0,0.0,0.0,7.58,4.68,39.9,0.4,0.3307,64.0,32.95,28.8,217.5,123.8,1.935259814612868,0.7545973282442748,0.8236800000000001,1.0,1.0
2025,15,2025_15_CAR_NO,New Orleans Saints,Devaughn Vele,WR,00-0039424,1.0,0.0,0.0,0.0,0.0,0.0,0.0,0.0,5.71,3.64,33.7,0.32,0.2707,64.0,32.95,28.8,217.5,123.8,1.935259814612868,0.7545973282442748,0.8236800000000001,1.0,1.0
2025,15,2025_15_CAR_NO,New Orleans Saints,Mason Tipton,WR,00-0039623,1.0,0.0,0.0,0.0,0.0,0.0,0.0,0.0,3.8,2.19,25.2,0.21,0.1875,64.0,32.95,28.8,217.5,123.8,1.935259814612868,0.7545973282442748,0.8236800000000001,1.0,1.0
2025,15,2025_15_CAR_NO,New Orleans Saints,Dante Pettis,WR,00-0034860,1.0,0.0,0.0,0.0,0.0,0.0,0.0,0.0,0.0,0.0,0.0,0.0,0.0,64.0,32.95,28.8,217.5,123.8,1.935259814612868,0.7545973282442748,0.8236800000000001,1.0,1.0
2025,15,2025_15_CLE_CHI,Chicago Bears,Caleb Williams,QB,00-0039918,1.0,35.65,213.5,1.62,0.9,7.1,23.5,0.24,0.0,0.0,0.0,0.0,0.2128,64.0,32.95,28.8,217.5,123.8,2.3639585605234457,0.9217557251908396,0.8236800000000001,1.0,1.0
2025,15,2025_15_CLE_CHI,Chicago Bears,D'Andre Swift,RB,00-0036275,1.0,0.0,0.0,0.0,0.0,13.95,50.9,0.54,3.99,2.63,17.2,0.28,0.5618,64.0,32.95,28.8,217.5,123.8,2.3639585605234457,0.9217557251908396,0.8236800000000001,1.0,1.0
2025,15,2025_15_CLE_CHI,Chicago Bears,Kyle Monangai,RB,00-0040236,1.0,0.0,0.0,0.0,0.0,7.75,29.0,0.2,2.48,1.46,12.9,0.17,0.3129,64.0,32.95,28.8,217.5,123.8,2.3639585605234457,0.9217557251908396,0.8236800000000001,1.0,1.0
2025,15,2025_15_CLE_CHI,Chicago Bears,Colston Loveland,TE,00-0040126,1.0,0.0,0.0,0.0,0.0,0.0,0.0,0.0,6.18,3.89,34.3,0.42,0.3426,64.0,32.95,28.8,217.5,123.8,2.3639585605234457,0.9217557251908396,0.8236800000000001,1.0,1.0
2025,15,2025_15_CLE_CHI,Chicago Bears,Cole Kmet,TE,00-0036290,1.0,0.0,0.0,0.0,0.0,0.0,0.0,0.0,3.19,2.18,13.7,0.21,0.1917,64.0,32.95,28.8,217.5,123.8,2.3639585605234457,0.9217557251908396,0.8236800000000001,1.0,1.0
2025,15,2025_15_CLE_CHI,Chicago Bears,Durham Smythe,TE,00-0034798,1.0,0.0,0.0,0.0,0.0,0.0,0.0,0.0,0.0,0.0,0.0,0.0,0.0,64.0,32.95,28.8,217.5,123.8,2.3639585605234457,0.9217557251908396,0.8236800000000001,1.0,1.0
2025,15,2025_15_CLE_CHI,Chicago Bears,Rome Odunze,WR,00-0039919,1.0,0.0,0.0,0.0,0.0,0.0,0.0,0.0,7.58,3.92,41.2,0.52,0.4081,64.0,32.95,28.8,217.5,123.8,2.3639585605234457,0.9217557251908396,0.8236800000000001,1.0,1.0
2025,15,2025_15_CLE_CHI,Chicago Bears,DJ Moore,WR,00-0034827,1.0,0.0,0.0,0.0,0.0,0.0,0.0,0.0,5.71,3.55,27.6,0.38,0.3144,64.0,32.95,28.8,217.5,123.8,2.3639585605234457,0.9217557251908396,0.8236800000000001,1.0,1.0
2025,15,2025_15_CLE_CHI,Chicago Bears,Luther Burden III,WR,00-0040735,1.0,0.0,0.0,0.0,0.0,0.0,0.0,0.0,3.81,2.67,24.1,0.26,0.2284,64.0,32.95,28.8,217.5,123.8,2.3639585605234457,0.9217557251908396,0.8236800000000001,1.0,1.0
2025,15,2025_15_CLE_CHI,Chicago Bears,Devin Duvernay,WR,00-0036331,1.0,0.0,0.0,0.0,0.0,0.0,0.0,0.0,0.0,0.0,0.0,0.0,0.0,64.0,32.95,28.8,217.5,123.8,2.3639585605234457,0.9217557251908396,0.8236800000000001,1.0,1.0
2025,15,2025_15_CLE_CHI,Chicago Bears,Jahdae Walker,WR,00-0040277,1.0,0.0,0.0,0.0,0.0,0.0,0.0,0.0,0.0,0.0,0.0,0.0,0.0,64.0,32.95,28.8,217.5,123.8,2.3639585605234457,0.9217557251908396,0.8236800000000001,1.0,1.0
2025,15,2025_15_CLE_CHI,Chicago Bears,Olamide Zaccheaus,WR,00-0035208,1.0,0.0,0.0,0.0,0.0,0.0,0.0,0.0,0.0,0.0,0.0,0.0,0.0,64.0,32.95,28.8,217.5,123.8,2.3639585605234457,0.9217557251908396,0.8236800000000001,1.0,1.0
2025,15,2025_15_CLE_CHI,Cleveland Browns,Shedeur Sanders,QB,00-0040668,1.0,33.95,208.1,1.32,0.9,0.75,2.8,0.02,0.0,0.0,0.0,0.0,0.0154,64.0,32.95,28.8,217.5,123.8,1.5931025081788441,0.6211832061068703,0.8236800000000001,1.0,1.0
2025,15,2025_15_CLE_CHI,Cleveland Browns,Quinshon Judkins,RB,00-0040784,1.0,0.0,0.0,0.0,0.0,18.03,67.2,0.46,3.93,2.49,20.2,0.18,0.4717,64.0,32.95,28.8,217.5,123.8,1.5931025081788441,0.6211832061068703,0.8236800000000001,1.0,1.0
2025,15,2025_15_CLE_CHI,Cleveland Browns,Raheim Sanders,RB,00-0040466,1.0,0.0,0.0,0.0,0.0,10.02,44.2,0.17,2.45,1.61,14.6,0.0,0.0,64.0,32.95,28.8,217.5,123.8,1.5931025081788441,0.6211832061068703,0.8236800000000001,1.0,1.0
2025,15,2025_15_CLE_CHI,Cleveland Browns,Trayveon Williams,RB,00-0035291,1.0,0.0,0.0,0.0,0.0,0.0,0.0,0.0,0.0,0.0,0.0,0.0,0.0,64.0,32.95,28.8,217.5,123.8,1.5931025081788441,0.6211832061068703,0.8236800000000001,1.0,1.0
2025,15,2025_15_CLE_CHI,Cleveland Browns,Harold Fannin Jr.,TE,00-0040663,1.0,0.0,0.0,0.0,0.0,0.0,0.0,0.0,6.14,3.68,31.3,0.27,0.2331,64.0,32.95,28.8,217.5,123.8,1.5931025081788441,0.6211832061068703,0.8236800000000001,1.0,1.0
2025,15,2025_15_CLE_CHI,Cleveland Browns,Blake Whiteheart,TE,00-0038710,1.0,0.0,0.0,0.0,0.0,0.0,0.0,0.0,3.18,1.84,20.2,0.15,0.1387,64.0,32.95,28.8,217.5,123.8,1.5931025081788441,0.6211832061068703,0.8236800000000001,1.0,1.0
2025,15,2025_15_CLE_CHI,Cleveland Browns,Brenden Bates,TE,00-0039458,1.0,0.0,0.0,0.0,0.0,0.0,0.0,0.0,0.0,0.0,0.0,0.0,0.0,64.0,32.95,28.8,217.5,123.8,1.5931025081788441,0.6211832061068703,0.8236800000000001,1.0,1.0
2025,15,2025_15_CLE_CHI,Cleveland Browns,Jerry Jeudy,WR,00-0036407,1.0,0.0,0.0,0.0,0.0,0.0,0.0,0.0,7.65,4.49,41.4,0.34,0.29,64.0,32.95,28.8,217.5,123.8,1.5931025081788441,0.6211832061068703,0.8236800000000001,1.0,1.0
2025,15,2025_15_CLE_CHI,Cleveland Browns,Cedric Tillman,WR,00-0038979,1.0,0.0,0.0,0.0,0.0,0.0,0.0,0.0,5.76,3.04,32.9,0.27,0.2342,64.0,32.95,28.8,217.5,123.8,1.5931025081788441,0.6211832061068703,0.8236800000000001,1.0,1.0
2025,15,2025_15_CLE_CHI,Cleveland Browns,Isaiah Bond,WR,00-0040782,1.0,0.0,0.0,0.0,0.0,0.0,0.0,0.0,3.84,1.86,26.1,0.18,0.1625,64.0,32.95,28.8,217.5,123.8,1.5931025081788441,0.6211832061068703,0.8236800000000001,1.0,1.0
2025,15,2025_15_CLE_CHI,Cleveland Browns,Cade McDonald,WR,00-0040615,1.0,0.0,0.0,0.0,0.0,0.0,0.0,0.0,0.0,0.0,0.0,0.0,0.0,64.0,32.95,28.8,217.5,123.8,1.5931025081788441,0.6211832061068703,0.8236800000000001,0.0,0.0
2025,15,2025_15_CLE_CHI,Cleveland Browns,Chase Cota,WR,00-0038651,1.0,0.0,0.0,0.0,0.0,0.0,0.0,0.0,0.0,0.0,0.0,0.0,0.0,64.0,32.95,28.8,217.5,123.8,1.5931025081788441,0.6211832061068703,0.8236800000000001,0.0,0.0
2025,15,2025_15_CLE_CHI,Cleveland Browns,David Bell,WR,00-0037257,1.0,0.0,0.0,0.0,0.0,0.0,0.0,0.0,0.0,0.0,0.0,0.0,0.0,64.0,32.95,28.8,217.5,123.8,1.5931025081788441,0.6211832061068703,0.8236800000000001,1.0,1.0
2025,15,2025_15_CLE_CHI,Cleveland Browns,Gage Larvadain,WR,00-0040259,1.0,0.0,0.0,0.0,0.0,0.0,0.0,0.0,0.0,0.0,0.0,0.0,0.0,64.0,32.95,28.8,217.5,123.8,1.5931025081788441,0.6211832061068703,0.8236800000000001,1.0,1.0
2025,15,2025_15_CLE_CHI,Cleveland Browns,Jamari Thrash,WR,00-0039379,1.0,0.0,0.0,0.0,0.0,0.0,0.0,0.0,0.0,0.0,0.0,0.0,0.0,64.0,32.95,28.8,217.5,123.8,1.5931025081788441,0.6211832061068703,0.8236800000000001,1.0,1.0
2025,15,2025_15_CLE_CHI,Cleveland Browns,Malachi Corley,WR,00-0039920,1.0,0.0,0.0,0.0,0.0,0.0,0.0,0.0,0.0,0.0,0.0,0.0,0.0,64.0,32.95,28.8,217.5,123.8,1.5931025081788441,0.6211832061068703,0.8236800000000001,1.0,1.0
2025,15,2025_15_DET_LA,Detroit Lions,Jared Goff,QB,00-0033106,1.0,35.08,226.6,1.89,0.9,3.57,12.3,0.13,0.0,0.0,0.0,0.0,0.121,64.0,32.95,28.8,217.5,123.8,2.4924345692475462,0.9718511450381679,0.8236800000000001,1.0,1.0
2025,15,2025_15_DET_LA,Detroit Lions,Jahmyr Gibbs,RB,00-0039139,1.0,0.0,0.0,0.0,0.0,16.22,59.0,0.7,4.36,3.08,18.5,0.31,0.6326,64.0,32.95,28.8,217.5,123.8,2.4924345692475462,0.9718511450381679,0.8236800000000001,1.0,1.0
2025,15,2025_15_DET_LA,Detroit Lions,David Montgomery,RB,00-0035685,1.0,0.0,0.0,0.0,0.0,9.01,32.5,0.25,2.71,1.96,11.4,0.18,0.3488,64.0,32.95,28.8,217.5,123.8,2.4924345692475462,0.9718511450381679,0.8236800000000001,1.0,1.0
2025,15,2025_15_DET_LA,Detroit Lions,Jacob Saylors,RB,00-0038896,1.0,0.0,0.0,0.0,0.0,0.0,0.0,0.0,0.0,0.0,0.0,0.0,0.0,64.0,32.95,28.8,217.5,123.8,2.4924345692475462,0.9718511450381679,0.8236800000000001,1.0,1.0
2025,15,2025_15_DET_LA,Detroit Lions,Sione Vaki,RB,00-0039364,1.0,0.0,0.0,0.0,0.0,0.0,0.0,0.0,0.0,0.0,0.0,0.0,0.0,64.0,32.95,28.8,217.5,123.8,2.4924345692475462,0.9718511450381679,0.8236800000000001,1.0,1.0
2025,15,2025_15_DET_LA,Detroit Lions,Anthony Firkser,TE,00-0033455,1.0,0.0,0.0,0.0,0.0,0.0,0.0,0.0,6.75,4.4,42.8,0.45,0.3655,64.0,32.95,28.8,217.5,123.8,2.4924345692475462,0.9718511450381679,0.8236800000000001,1.0,1.0
2025,15,2025_15_DET_LA,Detroit Lions,Amon-Ra St. Brown,WR,00-0036963,1.0,0.0,0.0,0.0,0.0,0.0,0.0,0.0,8.48,6.37,42.2,0.57,0.4324,64.0,32.95,28.8,217.5,123.8,2.4924345692475462,0.9718511450381679,0.8236800000000001,1.0,1.0
2025,15,2025_15_DET_LA,Detroit Lions,Jameson Williams,WR,00-0037240,1.0,0.0,0.0,0.0,0.0,0.0,0.0,0.0,6.39,3.73,33.5,0.4,0.3312,64.0,32.95,28.8,217.5,123.8,2.4924345692475462,0.9718511450381679,0.8236800000000001,1.0,1.0
2025,15,2025_15_DET_LA,Detroit Lions,Kalif Raymond,WR,00-0032464,1.0,0.0,0.0,0.0,0.0,0.0,0.0,0.0,4.26,3.13,21.8,0.27,0.2381,64.0,32.95,28.8,217.5,123.8,2.4924345692475462,0.9718511450381679,0.8236800000000001,1.0,1.0
2025,15,2025_15_DET_LA,Detroit Lions,Andrew Armstrong,WR,00-0040298,1.0,0.0,0.0,0.0,0.0,0.0,0.0,0.0,0.0,0.0,0.0,0.0,0.0,64.0,32.95,28.8,217.5,123.8,2.4924345692475462,0.9718511450381679,0.8236800000000001,0.0,0.0
2025,15,2025_15_DET_LA,Detroit Lions,Dominic Lovett,WR,00-0040241,1.0,0.0,0.0,0.0,0.0,0.0,0.0,0.0,0.0,0.0,0.0,0.0,0.0,64.0,32.95,28.8,217.5,123.8,2.4924345692475462,0.9718511450381679,0.8236800000000001,1.0,1.0
2025,15,2025_15_DET_LA,Detroit Lions,Isaac TeSlaa,WR,00-0040669,1.0,0.0,0.0,0.0,0.0,0.0,0.0,0.0,0.0,0.0,0.0,0.0,0.0,64.0,32.95,28.8,217.5,123.8,2.4924345692475462,0.9718511450381679,0.8236800000000001,1.0,1.0
2025,15,2025_15_DET_LA,Detroit Lions,Tom Kennedy,WR,00-0035544,1.0,0.0,0.0,0.0,0.0,0.0,0.0,0.0,0.0,0.0,0.0,0.0,0.0,64.0,32.95,28.8,217.5,123.8,2.4924345692475462,0.9718511450381679,0.8236800000000001,1.0,1.0
2025,15,2025_15_DET_LA,Los Angeles Rams,Matthew Stafford,QB,00-0026498,1.0,34.98,220.3,2.1,0.9,3.29,11.4,0.14,0.0,0.0,0.0,0.0,0.1271,64.0,32.95,28.8,217.5,123.8,3.1091194111232276,1.2123091603053435,0.8236800000000001,1.0,1.0
2025,15,2025_15_DET_LA,Los Angeles Rams,Kyren Williams,RB,00-0037840,1.0,0.0,0.0,0.0,0.0,16.4,59.2,0.86,3.84,2.54,16.2,0.4,0.7171,64.0,32.95,28.8,217.5,123.8,3.1091194111232276,1.2123091603053435,0.8236800000000001,1.0,1.0
2025,15,2025_15_DET_LA,Los Angeles Rams,Blake Corum,RB,00-0039738,1.0,0.0,0.0,0.0,0.0,9.11,33.8,0.3,2.39,1.55,11.9,0.22,0.4045,64.0,32.95,28.8,217.5,123.8,3.1091194111232276,1.2123091603053435,0.8236800000000001,1.0,1.0
2025,15,2025_15_DET_LA,Los Angeles Rams,Jarquez Hunter,RB,00-0040692,1.0,0.0,0.0,0.0,0.0,0.0,0.0,0.0,0.0,0.0,0.0,0.0,0.0,64.0,32.95,28.8,217.5,123.8,3.1091194111232276,1.2123091603053435,0.8236800000000001,1.0,1.0
2025,15,2025_15_DET_LA,Los Angeles Rams,Ronnie Rivers,RB,00-0037557,1.0,0.0,0.0,0.0,0.0,0.0,0.0,0.0,0.0,0.0,0.0,0.0,0.0,64.0,32.95,28.8,217.5,123.8,3.1091194111232276,1.2123091603053435,0.8236800000000001,1.0,1.0
2025,15,2025_15_DET_LA,Los Angeles Rams,Colby Parkinson,TE,00-0036244,1.0,0.0,0.0,0.0,0.0,0.0,0.0,0.0,6.01,3.78,28.0,0.57,0.4352,64.0,32.95,28.8,217.5,123.8,3.1091194111232276,1.2123091603053435,0.8236800000000001,1.0,1.0
2025,15,2025_15_DET_LA,Los Angeles Rams,Davis Allen,TE,00-0039074,1.0,0.0,0.0,0.0,0.0,0.0,0.0,0.0,3.11,1.94,15.7,0.3,0.2583,64.0,32.95,28.8,217.5,123.8,3.1091194111232276,1.2123091603053435,0.8236800000000001,1.0,1.0
2025,15,2025_15_DET_LA,Los Angeles Rams,Nick Vannett,TE,00-0032394,1.0,0.0,0.0,0.0,0.0,0.0,0.0,0.0,0.0,0.0,0.0,0.0,0.0,64.0,32.95,28.8,217.5,123.8,3.1091194111232276,1.2123091603053435,0.8236800000000001,1.0,1.0
2025,15,2025_15_DET_LA,Los Angeles Rams,Terrance Ferguson,TE,00-0040737,1.0,0.0,0.0,0.0,0.0,0.0,0.0,0.0,0.0,0.0,0.0,0.0,0.0,64.0,32.95,28.8,217.5,123.8,3.1091194111232276,1.2123091603053435,0.8236800000000001,1.0,1.0
2025,15,2025_15_DET_LA,Los Angeles Rams,Puka Nacua,WR,00-0039075,1.0,0.0,0.0,0.0,0.0,0.0,0.0,0.0,7.8,5.47,40.9,0.68,0.4922,64.0,32.95,28.8,217.5,123.8,3.1091194111232276,1.2123091603053435,0.8236800000000001,1.0,1.0
2025,15,2025_15_DET_LA,Los Angeles Rams,Davante Adams,WR,00-0031381,1.0,0.0,0.0,0.0,0.0,0.0,0.0,0.0,5.87,3.31,28.8,0.55,0.4205,64.0,32.95,28.8,217.5,123.8,3.1091194111232276,1.2123091603053435,0.8236800000000001,1.0,1.0
2025,15,2025_15_DET_LA,Los Angeles Rams,Xavier Smith,WR,00-0038359,1.0,0.0,0.0,0.0,0.0,0.0,0.0,0.0,3.92,2.79,30.1,0.36,0.3043,64.0,32.95,28.8,217.5,123.8,3.1091194111232276,1.2123091603053435,0.8236800000000001,1.0,1.0
2025,15,2025_15_DET_LA,Los Angeles Rams,Drake Stoops,WR,00-0039773,1.0,0.0,0.0,0.0,0.0,0.0,0.0,0.0,0.0,0.0,0.0,0.0,0.0,64.0,32.95,28.8,217.5,123.8,3.1091194111232276,1.2123091603053435,0.8236800000000001,0.0,0.0
2025,15,2025_15_DET_LA,Los Angeles Rams,Jordan Whittington,WR,00-0039751,1.0,0.0,0.0,0.0,0.0,0.0,0.0,0.0,0.0,0.0,0.0,0.0,0.0,64.0,32.95,28.8,217.5,123.8,3.1091194111232276,1.2123091603053435,0.8236800000000001,1.0,1.0
2025,15,2025_15_DET_LA,Los Angeles Rams,Konata Mumpfield,WR,00-0040590,1.0,0.0,0.0,0.0,0.0,0.0,0.0,0.0,0.0,0.0,0.0,0.0,0.0,64.0,32.95,28.8,217.5,123.8,3.1091194111232276,1.2123091603053435,0.8236800000000001,1.0,1.0
2025,15,2025_15_GB_DEN,Denver Broncos,Bo Nix,QB,00-0039732,1.0,34.41,208.2,1.59,0.9,7.8,25.3,0.22,0.0,0.0,0.0,0.0,0.2013,64.0,32.95,28.8,217.5,123.8,2.055616139585605,0.8015267175572519,0.8236800000000001,1.0,1.0
2025,15,2025_15_GB_DEN,Denver Broncos,RJ Harvey,RB,00-0040730,1.0,0.0,0.0,0.0,0.0,13.5,52.6,0.46,3.99,2.93,19.0,0.25,0.5109,64.0,32.95,28.8,217.5,123.8,2.055616139585605,0.8015267175572519,0.8236800000000001,1.0,1.0
2025,15,2025_15_GB_DEN,Denver Broncos,Jaleel McLaughlin,RB,00-0038794,1.0,0.0,0.0,0.0,0.0,7.5,28.0,0.16,2.48,1.84,10.7,0.16,0.27,64.0,32.95,28.8,217.5,123.8,2.055616139585605,0.8015267175572519,0.8236800000000001,1.0,1.0
2025,15,2025_15_GB_DEN,Denver Broncos,Tyler Badie,RB,00-0037085,1.0,0.0,0.0,0.0,0.0,0.0,0.0,0.0,0.0,0.0,0.0,0.0,0.0,64.0,32.95,28.8,217.5,123.8,2.055616139585605,0.8015267175572519,0.8236800000000001,1.0,1.0
2025,15,2025_15_GB_DEN,Denver Broncos,Evan Engram,TE,00-0033881,1.0,0.0,0.0,0.0,0.0,0.0,0.0,0.0,6.22,4.06,26.4,0.34,0.2868,64.0,32.95,28.8,217.5,123.8,2.055616139585605,0.8015267175572519,0.8236800000000001,1.0,1.0
2025,15,2025_15_GB_DEN,Denver Broncos,Nate Adkins,TE,00-0038783,1.0,0.0,0.0,0.0,0.0,0.0,0.0,0.0,3.21,2.18,17.2,0.2,0.1777,64.0,32.95,28.8,217.5,123.8,2.055616139585605,0.8015267175572519,0.8236800000000001,1.0,1.0
2025,15,2025_15_GB_DEN,Denver Broncos,Adam Trautman,TE,00-0036422,1.0,0.0,0.0,0.0,0.0,0.0,0.0,0.0,0.0,0.0,0.0,0.0,0.0,64.0,32.95,28.8,217.5,123.8,2.055616139585605,0.8015267175572519,0.8236800000000001,1.0,1.0
2025,15,2025_15_GB_DEN,Denver Broncos,Marcedes Lewis,TE,00-0024243,1.0,0.0,0.0,0.0,0.0,0.0,0.0,0.0,0.0,0.0,0.0,0.0,0.0,64.0,32.95,28.8,217.5,123.8,2.055616139585605,0.8015267175572519,0.8236800000000001,1.0,1.0
2025,15,2025_15_GB_DEN,Denver Broncos,Courtland Sutton,WR,00-0034348,1.0,0.0,0.0,0.0,0.0,0.0,0.0,0.0,7.56,4.46,39.0,0.45,0.3631,64.0,32.95,28.8,217.5,123.8,2.055616139585605,0.8015267175572519,0.8236800000000001,1.0,1.0
2025,15,2025_15_GB_DEN,Denver Broncos,Troy Franklin,WR,00-0039868,1.0,0.0,0.0,0.0,0.0,0.0,0.0,0.0,5.69,3.23,31.0,0.35,0.2932,64.0,32.95,28.8,217.5,123.8,2.055616139585605,0.8015267175572519,0.8236800000000001,1.0,1.0
2025,15,2025_15_GB_DEN,Denver Broncos,Marvin Mims Jr.,WR,00-0038976,1.0,0.0,0.0,0.0,0.0,0.0,0.0,0.0,3.79,2.57,20.0,0.21,0.1917,64.0,32.95,28.8,217.5,123.8,2.055616139585605,0.8015267175572519,0.8236800000000001,1.0,1.0
2025,15,2025_15_GB_DEN,Denver Broncos,Lil'Jordan Humphrey,WR,00-0035406,1.0,0.0,0.0,0.0,0.0,0.0,0.0,0.0,0.0,0.0,0.0,0.0,0.0,64.0,32.95,28.8,217.5,123.8,2.055616139585605,0.8015267175572519,0.8236800000000001,1.0,1.0
2025,15,2025_15_GB_DEN,Green Bay Packers,Jordan Love,QB,00-0036264,1.0,33.86,214.0,1.76,0.9,2.96,9.8,0.1,0.0,0.0,0.0,0.0,0.0919,64.0,32.95,28.8,217.5,123.8,2.3125681570338057,0.9017175572519084,0.8236800000000001,1.0,1.0
2025,15,2025_15_GB_DEN,Green Bay Packers,Josh Jacobs,RB,00-0035700,1.0,0.0,0.0,0.0,0.0,16.61,60.0,0.63,3.82,2.63,16.3,0.26,0.5916,64.0,32.95,28.8,217.5,123.8,2.3125681570338057,0.9017175572519084,0.8236800000000001,1.0,1.0
2025,15,2025_15_GB_DEN,Green Bay Packers,Emanuel Wilson,RB,00-0038797,1.0,0.0,0.0,0.0,0.0,9.23,35.2,0.23,2.38,1.59,12.3,0.17,0.3315,64.0,32.95,28.8,217.5,123.8,2.3125681570338057,0.9017175572519084,0.8236800000000001,1.0,1.0
2025,15,2025_15_GB_DEN,Green Bay Packers,Chris Brooks,RB,00-0038685,1.0,0.0,0.0,0.0,0.0,0.0,0.0,0.0,0.0,0.0,0.0,0.0,0.0,64.0,32.95,28.8,217.5,123.8,2.3125681570338057,0.9017175572519084,0.8236800000000001,1.0,1.0
2025,15,2025_15_GB_DEN,Green Bay Packers,Luke Musgrave,TE,00-0039144,1.0,0.0,0.0,0.0,0.0,0.0,0.0,0.0,6.08,3.96,31.6,0.39,0.3198,64.0,32.95,28.8,217.5,123.8,2.3125681570338057,0.9017175572519084,0.8236800000000001,1.0,1.0
2025,15,2025_15_GB_DEN,Green Bay Packers,John FitzPatrick,TE,00-0037306,1.0,0.0,0.0,0.0,0.0,0.0,0.0,0.0,3.14,2.05,20.3,0.22,0.1964,64.0,32.95,28.8,217.5,123.8,2.3125681570338057,0.9017175572519084,0.8236800000000001,1.0,1.0
2025,15,2025_15_GB_DEN,Green Bay Packers,Johnny Lumpkin,TE,00-0038913,1.0,0.0,0.0,0.0,0.0,0.0,0.0,0.0,0.0,0.0,0.0,0.0,0.0,64.0,32.95,28.8,217.5,123.8,2.3125681570338057,0.9017175572519084,0.8236800000000001,0.0,0.0
2025,15,2025_15_GB_DEN,Green Bay Packers,Josh Whyle,TE,00-0038589,1.0,0.0,0.0,0.0,0.0,0.0,0.0,0.0,0.0,0.0,0.0,0.0,0.0,64.0,32.95,28.8,217.5,123.8,2.3125681570338057,0.9017175572519084,0.8236800000000001,1.0,1.0
2025,15,2025_15_GB_DEN,Green Bay Packers,Christian Watson,WR,00-0038124,1.0,0.0,0.0,0.0,0.0,0.0,0.0,0.0,7.77,4.58,40.3,0.54,0.4152,64.0,32.95,28.8,217.5,123.8,2.3125681570338057,0.9017175572519084,0.8236800000000001,1.0,1.0
2025,15,2025_15_GB_DEN,Green Bay Packers,Romeo Doubs,WR,00-0037816,1.0,0.0,0.0,0.0,0.0,0.0,0.0,0.0,5.85,3.61,28.0,0.4,0.3308,64.0,32.95,28.8,217.5,123.8,2.3125681570338057,0.9017175572519084,0.8236800000000001,1.0,1.0
2025,15,2025_15_GB_DEN,Green Bay Packers,Jayden Reed,WR,00-0039146,1.0,0.0,0.0,0.0,0.0,0.0,0.0,0.0,3.9,2.62,18.8,0.27,0.233,64.0,32.95,28.8,217.5,123.8,2.3125681570338057,0.9017175572519084,0.8236800000000001,1.0,1.0
2025,15,2025_15_GB_DEN,Green Bay Packers,Dontayvion Wicks,WR,00-0038393,1.0,0.0,0.0,0.0,0.0,0.0,0.0,0.0,0.0,0.0,0.0,0.0,0.0,64.0,32.95,28.8,217.5,123.8,2.3125681570338057,0.9017175572519084,0.8236800000000001,1.0,1.0
2025,15,2025_15_GB_DEN,Green Bay Packers,Matthew Golden,WR,00-0040667,1.0,0.0,0.0,0.0,0.0,0.0,0.0,0.0,0.0,0.0,0.0,0.0,0.0,64.0,32.95,28.8,217.5,123.8,2.3125681570338057,0.9017175572519084,0.8236800000000001,1.0,1.0
2025,15,2025_15_GB_DEN,Green Bay Packers,Savion Williams,WR,00-0040009,1.0,0.0,0.0,0.0,0.0,0.0,0.0,0.0,0.0,0.0,0.0,0.0,0.0,64.0,32.95,28.8,217.5,123.8,2.3125681570338057,0.9017175572519084,0.8236800000000001,1.0,1.0
2025,15,2025_15_IND_SEA,Indianapolis Colts,Riley Leonard,QB,00-0040206,1.0,33.95,208.1,1.24,0.9,0.75,2.8,0.01,0.0,0.0,0.0,0.0,0.014,64.0,32.95,28.8,217.5,123.8,1.4903217011995638,0.5811068702290076,0.8236800000000001,1.0,1.0
2025,15,2025_15_IND_SEA,Indianapolis Colts,Jonathan Taylor,RB,00-0036223,1.0,0.0,0.0,0.0,0.0,18.03,65.2,0.45,4.02,2.56,17.5,0.18,0.4684,64.0,32.95,28.8,217.5,123.8,1.4903217011995638,0.5811068702290076,0.8236800000000001,1.0,1.0
2025,15,2025_15_IND_SEA,Indianapolis Colts,Ameer Abdullah,RB,00-0032104,1.0,0.0,0.0,0.0,0.0,10.02,38.5,0.16,2.5,1.79,10.6,0.11,0.2365,64.0,32.95,28.8,217.5,123.8,1.4903217011995638,0.5811068702290076,0.8236800000000001,1.0,1.0
2025,15,2025_15_IND_SEA,Indianapolis Colts,DJ Giddens,RB,00-0040179,1.0,0.0,0.0,0.0,0.0,0.0,0.0,0.0,0.0,0.0,0.0,0.0,0.0,64.0,32.95,28.8,217.5,123.8,1.4903217011995638,0.5811068702290076,0.8236800000000001,1.0,1.0
2025,15,2025_15_IND_SEA,Indianapolis Colts,Tyler Goodson,RB,00-0037120,1.0,0.0,0.0,0.0,0.0,0.0,0.0,0.0,0.0,0.0,0.0,0.0,0.0,64.0,32.95,28.8,217.5,123.8,1.4903217011995638,0.5811068702290076,0.8236800000000001,1.0,1.0
2025,15,2025_15_IND_SEA,Indianapolis Colts,Tyler Warren,TE,00-0040128,1.0,0.0,0.0,0.0,0.0,0.0,0.0,0.0,6.19,3.77,32.4,0.28,0.2414,64.0,32.95,28.8,217.5,123.8,1.4903217011995638,0.5811068702290076,0.8236800000000001,1.0,1.0
2025,15,2025_15_IND_SEA,Indianapolis Colts,Mo Alie-Cox,TE,00-0033217,1.0,0.0,0.0,0.0,0.0,0.0,0.0,0.0,3.2,1.78,16.1,0.14,0.1315,64.0,32.95,28.8,217.5,123.8,1.4903217011995638,0.5811068702290076,0.8236800000000001,1.0,1.0
2025,15,2025_15_IND_SEA,Indianapolis Colts,Andrew Ogletree,TE,00-0037292,1.0,0.0,0.0,0.0,0.0,0.0,0.0,0.0,0.0,0.0,0.0,0.0,0.0,64.0,32.95,28.8,217.5,123.8,1.4903217011995638,0.5811068702290076,0.8236800000000001,1.0,1.0
2025,15,2025_15_IND_SEA,Indianapolis Colts,Will Mallory,TE,00-0038394,1.0,0.0,0.0,0.0,0.0,0.0,0.0,0.0,0.0,0.0,0.0,0.0,0.0,64.0,32.95,28.8,217.5,123.8,1.4903217011995638,0.5811068702290076,0.8236800000000001,1.0,1.0
2025,15,2025_15_IND_SEA,Indianapolis Colts,Michael Pittman Jr.,WR,None,1.0,0.0,0.0,0.0,0.0,0.0,0.0,0.0,7.55,4.84,71.8,0.34,0.2878,64.0,32.95,28.8,217.5,123.8,1.4903217011995638,0.5811068702290076,0.8236800000000001,0.0,0.0
2025,15,2025_15_IND_SEA,Indianapolis Colts,Alec Pierce,WR,00-0037664,1.0,0.0,0.0,0.0,0.0,0.0,0.0,0.0,5.69,2.95,27.7,0.23,0.2064,64.0,32.95,28.8,217.5,123.8,1.4903217011995638,0.5811068702290076,0.8236800000000001,1.0,1.0
2025,15,2025_15_IND_SEA,Indianapolis Colts,Josh Downs,WR,00-0038997,1.0,0.0,0.0,0.0,0.0,0.0,0.0,0.0,3.79,2.52,17.6,0.16,0.1486,64.0,32.95,28.8,217.5,123.8,1.4903217011995638,0.5811068702290076,0.8236800000000001,1.0,1.0
2025,15,2025_15_IND_SEA,Indianapolis Colts,Ajou Ajou,WR,00-0039957,1.0,0.0,0.0,0.0,0.0,0.0,0.0,0.0,0.0,0.0,0.0,0.0,0.0,64.0,32.95,28.8,217.5,123.8,1.4903217011995638,0.5811068702290076,0.8236800000000001,0.0,0.0
2025,15,2025_15_IND_SEA,Indianapolis Colts,Laquon Treadwell,WR,00-0032951,1.0,0.0,0.0,0.0,0.0,0.0,0.0,0.0,0.0,0.0,0.0,0.0,0.0,64.0,32.95,28.8,217.5,123.8,1.4903217011995638,0.5811068702290076,0.8236800000000001,1.0,1.0
2025,15,2025_15_IND_SEA,Seattle Seahawks,Sam Darnold,QB,00-0034869,1.0,32.53,203.1,2.01,0.9,6.14,20.1,0.25,0.0,0.0,0.0,0.0,0.2208,64.0,32.95,28.8,217.5,123.8,2.877862595419847,1.1221374045801527,0.8236800000000001,1.0,1.0
2025,15,2025_15_IND_SEA,Seattle Seahawks,Kenneth Walker III,RB,00-0038134,1.0,0.0,0.0,0.0,0.0,14.57,53.2,0.7,3.89,2.75,16.2,0.34,0.6464,64.0,32.95,28.8,217.5,123.8,2.877862595419847,1.1221374045801527,0.8236800000000001,1.0,1.0
2025,15,2025_15_IND_SEA,Seattle Seahawks,Zach Charbonnet,RB,00-0039165,1.0,0.0,0.0,0.0,0.0,8.09,29.7,0.26,2.42,1.74,10.0,0.2,0.365,64.0,32.95,28.8,217.5,123.8,2.877862595419847,1.1221374045801527,0.8236800000000001,1.0,1.0
2025,15,2025_15_IND_SEA,Seattle Seahawks,Cam Akers,RB,00-0036414,1.0,0.0,0.0,0.0,0.0,0.0,0.0,0.0,0.0,0.0,0.0,0.0,0.0,64.0,32.95,28.8,217.5,123.8,2.877862595419847,1.1221374045801527,0.8236800000000001,1.0,1.0
2025,15,2025_15_IND_SEA,Seattle Seahawks,AJ Barner,TE,00-0039793,1.0,0.0,0.0,0.0,0.0,0.0,0.0,0.0,6.11,4.35,32.1,0.51,0.4015,64.0,32.95,28.8,217.5,123.8,2.877862595419847,1.1221374045801527,0.8236800000000001,1.0,1.0
2025,15,2025_15_IND_SEA,Seattle Seahawks,Nick Kallerup,TE,00-0040058,1.0,0.0,0.0,0.0,0.0,0.0,0.0,0.0,3.16,1.91,23.5,0.28,0.2441,64.0,32.95,28.8,217.5,123.8,2.877862595419847,1.1221374045801527,0.8236800000000001,1.0,1.0
2025,15,2025_15_IND_SEA,Seattle Seahawks,Jaxon Smith-Njigba,WR,00-0038543,1.0,0.0,0.0,0.0,0.0,0.0,0.0,0.0,7.71,5.38,40.5,0.62,0.4633,64.0,32.95,28.8,217.5,123.8,2.877862595419847,1.1221374045801527,0.8236800000000001,1.0,1.0
2025,15,2025_15_IND_SEA,Seattle Seahawks,Cooper Kupp,WR,00-0033908,1.0,0.0,0.0,0.0,0.0,0.0,0.0,0.0,5.8,3.87,29.0,0.49,0.3857,64.0,32.95,28.8,217.5,123.8,2.877862595419847,1.1221374045801527,0.8236800000000001,1.0,1.0
2025,15,2025_15_IND_SEA,Seattle Seahawks,Rashid Shaheed,WR,00-0037545,1.0,0.0,0.0,0.0,0.0,0.0,0.0,0.0,3.87,2.53,19.6,0.31,0.2636,64.0,32.95,28.8,217.5,123.8,2.877862595419847,1.1221374045801527,0.8236800000000001,1.0,1.0
2025,15,2025_15_IND_SEA,Seattle Seahawks,Cody White,WR,00-0035891,1.0,0.0,0.0,0.0,0.0,0.0,0.0,0.0,0.0,0.0,0.0,0.0,0.0,64.0,32.95,28.8,217.5,123.8,2.877862595419847,1.1221374045801527,0.8236800000000001,1.0,1.0
2025,15,2025_15_IND_SEA,Seattle Seahawks,Jake Bobo,WR,00-0038752,1.0,0.0,0.0,0.0,0.0,0.0,0.0,0.0,0.0,0.0,0.0,0.0,0.0,64.0,32.95,28.8,217.5,123.8,2.877862595419847,1.1221374045801527,0.8236800000000001,1.0,1.0
2025,15,2025_15_LAC_KC,Kansas City Chiefs,Patrick Mahomes,QB,00-0033873,1.0,35.89,219.8,1.79,0.9,4.98,17.0,0.21,0.0,0.0,0.0,0.0,0.1854,64.0,32.95,28.8,217.5,123.8,2.441044165757906,0.9518129770992366,0.8236800000000001,1.0,1.0
2025,15,2025_15_LAC_KC,Kansas City Chiefs,Kareem Hunt,RB,00-0033923,1.0,0.0,0.0,0.0,0.0,10.71,38.6,0.55,3.94,2.55,16.7,0.31,0.5787,64.0,32.95,28.8,217.5,123.8,2.441044165757906,0.9518129770992366,0.8236800000000001,1.0,1.0
2025,15,2025_15_LAC_KC,Kansas City Chiefs,Isiah Pacheco,RB,00-0037197,1.0,0.0,0.0,0.0,0.0,13.11,47.2,0.28,2.45,1.77,10.0,0.18,0.3679,64.0,32.95,28.8,217.5,123.8,2.441044165757906,0.9518129770992366,0.8236800000000001,1.0,1.0
2025,15,2025_15_LAC_KC,Kansas City Chiefs,Brashard Smith,RB,00-0040078,1.0,0.0,0.0,0.0,0.0,0.0,0.0,0.0,0.0,0.0,0.0,0.0,0.0,64.0,32.95,28.8,217.5,123.8,2.441044165757906,0.9518129770992366,0.8236800000000001,1.0,1.0
2025,15,2025_15_LAC_KC,Kansas City Chiefs,Elijah Mitchell,RB,00-0036567,1.0,0.0,0.0,0.0,0.0,0.0,0.0,0.0,0.0,0.0,0.0,0.0,0.0,64.0,32.95,28.8,217.5,123.8,2.441044165757906,0.9518129770992366,0.8236800000000001,1.0,1.0
2025,15,2025_15_LAC_KC,Kansas City Chiefs,Travis Kelce,TE,00-0030506,1.0,0.0,0.0,0.0,0.0,0.0,0.0,0.0,5.95,3.92,26.1,0.41,0.3393,64.0,32.95,28.8,217.5,123.8,2.441044165757906,0.9518129770992366,0.8236800000000001,1.0,1.0
2025,15,2025_15_LAC_KC,Kansas City Chiefs,Noah Gray,TE,00-0036637,1.0,0.0,0.0,0.0,0.0,0.0,0.0,0.0,3.08,1.96,13.8,0.21,0.1863,64.0,32.95,28.8,217.5,123.8,2.441044165757906,0.9518129770992366,0.8236800000000001,1.0,1.0
2025,15,2025_15_LAC_KC,Kansas City Chiefs,Geor'Quarius Spivey,TE,00-0039941,1.0,0.0,0.0,0.0,0.0,0.0,0.0,0.0,0.0,0.0,0.0,0.0,0.0,64.0,32.95,28.8,217.5,123.8,2.441044165757906,0.9518129770992366,0.8236800000000001,0.0,0.0
2025,15,2025_15_LAC_KC,Kansas City Chiefs,Jared Wiley,TE,00-0039824,1.0,0.0,0.0,0.0,0.0,0.0,0.0,0.0,0.0,0.0,0.0,0.0,0.0,64.0,32.95,28.8,217.5,123.8,2.441044165757906,0.9518129770992366,0.8236800000000001,1.0,1.0
2025,15,2025_15_LAC_KC,Kansas City Chiefs,Robert Tonyan,TE,00-0033757,1.0,0.0,0.0,0.0,0.0,0.0,0.0,0.0,0.0,0.0,0.0,0.0,0.0,64.0,32.95,28.8,217.5,123.8,2.441044165757906,0.9518129770992366,0.8236800000000001,1.0,1.0
2025,15,2025_15_LAC_KC,Kansas City Chiefs,Rashee Rice,WR,00-0039067,1.0,0.0,0.0,0.0,0.0,0.0,0.0,0.0,7.77,5.75,40.5,0.58,0.4384,64.0,32.95,28.8,217.5,123.8,2.441044165757906,0.9518129770992366,0.8236800000000001,1.0,1.0
2025,15,2025_15_LAC_KC,Kansas City Chiefs,Xavier Worthy,WR,00-0039894,1.0,0.0,0.0,0.0,0.0,0.0,0.0,0.0,5.85,3.72,30.2,0.42,0.3458,64.0,32.95,28.8,217.5,123.8,2.441044165757906,0.9518129770992366,0.8236800000000001,1.0,1.0
2025,15,2025_15_LAC_KC,Kansas City Chiefs,JuJu Smith-Schuster,WR,00-0033857,1.0,0.0,0.0,0.0,0.0,0.0,0.0,0.0,3.9,2.77,18.7,0.28,0.2453,64.0,32.95,28.8,217.5,123.8,2.441044165757906,0.9518129770992366,0.8236800000000001,1.0,1.0
2025,15,2025_15_LAC_KC,Kansas City Chiefs,Elijhah Badger,WR,00-0040080,1.0,0.0,0.0,0.0,0.0,0.0,0.0,0.0,0.0,0.0,0.0,0.0,0.0,64.0,32.95,28.8,217.5,123.8,2.441044165757906,0.9518129770992366,0.8236800000000001,0.0,0.0
2025,15,2025_15_LAC_KC,Kansas City Chiefs,Jalen Royals,WR,00-0040646,1.0,0.0,0.0,0.0,0.0,0.0,0.0,0.0,0.0,0.0,0.0,0.0,0.0,64.0,32.95,28.8,217.5,123.8,2.441044165757906,0.9518129770992366,0.8236800000000001,1.0,1.0
2025,15,2025_15_LAC_KC,Kansas City Chiefs,Marquise Brown,WR,00-0035662,1.0,0.0,0.0,0.0,0.0,0.0,0.0,0.0,0.0,0.0,0.0,0.0,0.0,64.0,32.95,28.8,217.5,123.8,2.441044165757906,0.9518129770992366,0.8236800000000001,1.0,1.0
2025,15,2025_15_LAC_KC,Kansas City Chiefs,Nikko Remigio,WR,00-0038519,1.0,0.0,0.0,0.0,0.0,0.0,0.0,0.0,0.0,0.0,0.0,0.0,0.0,64.0,32.95,28.8,217.5,123.8,2.441044165757906,0.9518129770992366,0.8236800000000001,1.0,1.0
2025,15,2025_15_LAC_KC,Kansas City Chiefs,Tyquan Thornton,WR,00-0038104,1.0,0.0,0.0,0.0,0.0,0.0,0.0,0.0,0.0,0.0,0.0,0.0,0.0,64.0,32.95,28.8,217.5,123.8,2.441044165757906,0.9518129770992366,0.8236800000000001,1.0,1.0
2025,15,2025_15_LAC_KC,Los Angeles Chargers,Justin Herbert,QB,00-0036355,1.0,34.52,213.6,1.4,0.9,6.28,20.2,0.16,0.0,0.0,0.0,0.0,0.148,64.0,32.95,28.8,217.5,123.8,1.8243593238822244,0.711354961832061,0.8236800000000001,1.0,1.0
2025,15,2025_15_LAC_KC,Los Angeles Chargers,Omarion Hampton,RB,00-0040666,1.0,0.0,0.0,0.0,0.0,14.48,56.7,0.45,3.9,2.87,20.9,0.21,0.4824,64.0,32.95,28.8,217.5,123.8,1.8243593238822244,0.711354961832061,0.8236800000000001,1.0,1.0
2025,15,2025_15_LAC_KC,Los Angeles Chargers,Kimani Vidal,RB,00-0039391,1.0,0.0,0.0,0.0,0.0,8.04,30.1,0.15,2.43,1.5,12.2,0.14,0.2539,64.0,32.95,28.8,217.5,123.8,1.8243593238822244,0.711354961832061,0.8236800000000001,1.0,1.0
2025,15,2025_15_LAC_KC,Los Angeles Chargers,Hassan Haskins,RB,00-0037617,1.0,0.0,0.0,0.0,0.0,0.0,0.0,0.0,0.0,0.0,0.0,0.0,0.0,64.0,32.95,28.8,217.5,123.8,1.8243593238822244,0.711354961832061,0.8236800000000001,1.0,1.0
2025,15,2025_15_LAC_KC,Los Angeles Chargers,Oronde Gadsden II,TE,00-0040189,1.0,0.0,0.0,0.0,0.0,0.0,0.0,0.0,5.94,3.73,33.8,0.32,0.2746,64.0,32.95,28.8,217.5,123.8,1.8243593238822244,0.711354961832061,0.8236800000000001,1.0,1.0
2025,15,2025_15_LAC_KC,Los Angeles Chargers,Will Dissly,TE,00-0034159,1.0,0.0,0.0,0.0,0.0,0.0,0.0,0.0,3.07,2.18,14.5,0.15,0.1422,64.0,32.95,28.8,217.5,123.8,1.8243593238822244,0.711354961832061,0.8236800000000001,1.0,1.0
2025,15,2025_15_LAC_KC,Los Angeles Chargers,Stevo Klotz,TE,00-0040469,1.0,0.0,0.0,0.0,0.0,0.0,0.0,0.0,0.0,0.0,0.0,0.0,0.0,64.0,32.95,28.8,217.5,123.8,1.8243593238822244,0.711354961832061,0.8236800000000001,0.0,0.0
2025,15,2025_15_LAC_KC,Los Angeles Chargers,Tyler Conklin,TE,00-0034270,1.0,0.0,0.0,0.0,0.0,0.0,0.0,0.0,0.0,0.0,0.0,0.0,0.0,64.0,32.95,28.8,217.5,123.8,1.8243593238822244,0.711354961832061,0.8236800000000001,1.0,1.0
2025,15,2025_15_LAC_KC,Los Angeles Chargers,Ladd McConkey,WR,00-0039915,1.0,0.0,0.0,0.0,0.0,0.0,0.0,0.0,7.81,5.19,42.2,0.4,0.3283,64.0,32.95,28.8,217.5,123.8,1.8243593238822244,0.711354961832061,0.8236800000000001,1.0,1.0
2025,15,2025_15_LAC_KC,Los Angeles Chargers,Quentin Johnston,WR,00-0038544,1.0,0.0,0.0,0.0,0.0,0.0,0.0,0.0,5.88,3.33,30.1,0.31,0.2655,64.0,32.95,28.8,217.5,123.8,1.8243593238822244,0.711354961832061,0.8236800000000001,1.0,1.0
2025,15,2025_15_LAC_KC,Los Angeles Chargers,Keenan Allen,WR,00-0030279,1.0,0.0,0.0,0.0,0.0,0.0,0.0,0.0,3.92,2.57,18.6,0.21,0.1868,64.0,32.95,28.8,217.5,123.8,1.8243593238822244,0.711354961832061,0.8236800000000001,1.0,1.0
2025,15,2025_15_LAC_KC,Los Angeles Chargers,KeAndre Lambert-Smith,WR,00-0040184,1.0,0.0,0.0,0.0,0.0,0.0,0.0,0.0,0.0,0.0,0.0,0.0,0.0,64.0,32.95,28.8,217.5,123.8,1.8243593238822244,0.711354961832061,0.8236800000000001,1.0,1.0
2025,15,2025_15_LAC_KC,Los Angeles Chargers,Tre Harris,WR,00-0040727,1.0,0.0,0.0,0.0,0.0,0.0,0.0,0.0,0.0,0.0,0.0,0.0,0.0,64.0,32.95,28.8,217.5,123.8,1.8243593238822244,0.711354961832061,0.8236800000000001,1.0,1.0
2025,15,2025_15_LV_PHI,Las Vegas Raiders,Kenny Pickett,QB,00-0038102,1.0,30.45,183.5,0.92,0.9,3.17,10.6,0.06,0.0,0.0,0.0,0.0,0.0583,64.0,32.95,28.8,217.5,123.8,1.3361504907306434,0.5209923664122138,0.8236800000000001,1.0,1.0
2025,15,2025_15_LV_PHI,Las Vegas Raiders,Ashton Jeanty,RB,00-0040122,1.0,0.0,0.0,0.0,0.0,16.48,61.6,0.35,3.87,2.67,19.5,0.16,0.3996,64.0,32.95,28.8,217.5,123.8,1.3361504907306434,0.5209923664122138,0.8236800000000001,1.0,1.0
2025,15,2025_15_LV_PHI,Las Vegas Raiders,Raheem Mostert,RB,00-0031687,1.0,0.0,0.0,0.0,0.0,9.15,33.4,0.13,2.41,1.64,10.9,0.1,0.2046,64.0,32.95,28.8,217.5,123.8,1.3361504907306434,0.5209923664122138,0.8236800000000001,1.0,1.0
2025,15,2025_15_LV_PHI,Las Vegas Raiders,Dylan Laube,RB,00-0039407,1.0,0.0,0.0,0.0,0.0,0.0,0.0,0.0,0.0,0.0,0.0,0.0,0.0,64.0,32.95,28.8,217.5,123.8,1.3361504907306434,0.5209923664122138,0.8236800000000001,1.0,1.0
2025,15,2025_15_LV_PHI,Las Vegas Raiders,Zamir White,RB,00-0038040,1.0,0.0,0.0,0.0,0.0,0.0,0.0,0.0,0.0,0.0,0.0,0.0,0.0,64.0,32.95,28.8,217.5,123.8,1.3361504907306434,0.5209923664122138,0.8236800000000001,1.0,1.0
2025,15,2025_15_LV_PHI,Las Vegas Raiders,Brock Bowers,TE,00-0039338,1.0,0.0,0.0,0.0,0.0,0.0,0.0,0.0,5.97,3.85,26.2,0.22,0.199,64.0,32.95,28.8,217.5,123.8,1.3361504907306434,0.5209923664122138,0.8236800000000001,1.0,1.0
2025,15,2025_15_LV_PHI,Las Vegas Raiders,Michael Mayer,TE,00-0039066,1.0,0.0,0.0,0.0,0.0,0.0,0.0,0.0,3.08,1.89,13.9,0.12,0.1113,64.0,32.95,28.8,217.5,123.8,1.3361504907306434,0.5209923664122138,0.8236800000000001,1.0,1.0
2025,15,2025_15_LV_PHI,Las Vegas Raiders,Carter Runyon,TE,00-0040488,1.0,0.0,0.0,0.0,0.0,0.0,0.0,0.0,0.0,0.0,0.0,0.0,0.0,64.0,32.95,28.8,217.5,123.8,1.3361504907306434,0.5209923664122138,0.8236800000000001,1.0,1.0
2025,15,2025_15_LV_PHI,Las Vegas Raiders,Ian Thomas,TE,00-0034365,1.0,0.0,0.0,0.0,0.0,0.0,0.0,0.0,0.0,0.0,0.0,0.0,0.0,64.0,32.95,28.8,217.5,123.8,1.3361504907306434,0.5209923664122138,0.8236800000000001,1.0,1.0
2025,15,2025_15_LV_PHI,Las Vegas Raiders,Tre Tucker,WR,00-0038563,1.0,0.0,0.0,0.0,0.0,0.0,0.0,0.0,7.81,4.54,41.8,0.29,0.2516,64.0,32.95,28.8,217.5,123.8,1.3361504907306434,0.5209923664122138,0.8236800000000001,1.0,1.0
2025,15,2025_15_LV_PHI,Las Vegas Raiders,Jack Bech,WR,00-0040729,1.0,0.0,0.0,0.0,0.0,0.0,0.0,0.0,5.88,4.01,43.3,0.24,0.2106,64.0,32.95,28.8,217.5,123.8,1.3361504907306434,0.5209923664122138,0.8236800000000001,1.0,1.0
2025,15,2025_15_LV_PHI,Las Vegas Raiders,Tyler Lockett,WR,00-0032211,1.0,0.0,0.0,0.0,0.0,0.0,0.0,0.0,3.92,2.48,18.3,0.15,0.137,64.0,32.95,28.8,217.5,123.8,1.3361504907306434,0.5209923664122138,0.8236800000000001,1.0,1.0
2025,15,2025_15_LV_PHI,Las Vegas Raiders,Amari Cooper,WR,00-0031544,1.0,0.0,0.0,0.0,0.0,0.0,0.0,0.0,0.0,0.0,0.0,0.0,0.0,64.0,32.95,28.8,217.5,123.8,1.3361504907306434,0.5209923664122138,0.8236800000000001,1.0,1.0
2025,15,2025_15_LV_PHI,Las Vegas Raiders,Dont'e Thornton Jr.,WR,00-0040581,1.0,0.0,0.0,0.0,0.0,0.0,0.0,0.0,0.0,0.0,0.0,0.0,0.0,64.0,32.95,28.8,217.5,123.8,1.3361504907306434,0.5209923664122138,0.8236800000000001,1.0,1.0
2025,15,2025_15_LV_PHI,Philadelphia Eagles,Jalen Hurts,QB,00-0036389,1.0,32.96,205.3,1.78,0.9,9.6,28.7,0.33,0.0,0.0,0.0,0.0,0.2812,64.0,32.95,28.8,217.5,123.8,2.6209105779716464,1.0219465648854962,0.8236800000000001,1.0,1.0
2025,15,2025_15_LV_PHI,Philadelphia Eagles,Saquon Barkley,RB,00-0034844,1.0,0.0,0.0,0.0,0.0,12.34,44.8,0.58,3.92,2.61,16.5,0.31,0.5871,64.0,32.95,28.8,217.5,123.8,2.6209105779716464,1.0219465648854962,0.8236800000000001,1.0,1.0
2025,15,2025_15_LV_PHI,Philadelphia Eagles,Tank Bigsby,RB,00-0038555,1.0,0.0,0.0,0.0,0.0,6.86,25.4,0.21,2.44,1.39,12.5,0.19,0.332,64.0,32.95,28.8,217.5,123.8,2.6209105779716464,1.0219465648854962,0.8236800000000001,1.0,1.0
2025,15,2025_15_LV_PHI,Philadelphia Eagles,AJ Dillon,RB,00-0036265,1.0,0.0,0.0,0.0,0.0,0.0,0.0,0.0,0.0,0.0,0.0,0.0,0.0,64.0,32.95,28.8,217.5,123.8,2.6209105779716464,1.0219465648854962,0.8236800000000001,1.0,1.0
2025,15,2025_15_LV_PHI,Philadelphia Eagles,Will Shipley,RB,00-0039746,1.0,0.0,0.0,0.0,0.0,0.0,0.0,0.0,0.0,0.0,0.0,0.0,0.0,64.0,32.95,28.8,217.5,123.8,2.6209105779716464,1.0219465648854962,0.8236800000000001,1.0,1.0
2025,15,2025_15_LV_PHI,Philadelphia Eagles,Dallas Goedert,TE,00-0034351,1.0,0.0,0.0,0.0,0.0,0.0,0.0,0.0,5.87,3.94,26.2,0.42,0.3429,64.0,32.95,28.8,217.5,123.8,2.6209105779716464,1.0219465648854962,0.8236800000000001,1.0,1.0
2025,15,2025_15_LV_PHI,Philadelphia Eagles,Grant Calcaterra,TE,00-0037086,1.0,0.0,0.0,0.0,0.0,0.0,0.0,0.0,3.03,2.0,15.8,0.22,0.2006,64.0,32.95,28.8,217.5,123.8,2.6209105779716464,1.0219465648854962,0.8236800000000001,1.0,1.0
2025,15,2025_15_LV_PHI,Philadelphia Eagles,Cameron Latu,TE,00-0038564,1.0,0.0,0.0,0.0,0.0,0.0,0.0,0.0,0.0,0.0,0.0,0.0,0.0,64.0,32.95,28.8,217.5,123.8,2.6209105779716464,1.0219465648854962,0.8236800000000001,1.0,1.0
2025,15,2025_15_LV_PHI,Philadelphia Eagles,Kylen Granson,TE,00-0036876,1.0,0.0,0.0,0.0,0.0,0.0,0.0,0.0,0.0,0.0,0.0,0.0,0.0,64.0,32.95,28.8,217.5,123.8,2.6209105779716464,1.0219465648854962,0.8236800000000001,1.0,1.0
2025,15,2025_15_LV_PHI,Philadelphia Eagles,A.J. Brown,WR,00-0035676,1.0,0.0,0.0,0.0,0.0,0.0,0.0,0.0,7.85,4.82,40.0,0.58,0.4384,64.0,32.95,28.8,217.5,123.8,2.6209105779716464,1.0219465648854962,0.8236800000000001,1.0,1.0
2025,15,2025_15_LV_PHI,Philadelphia Eagles,DeVonta Smith,WR,00-0036912,1.0,0.0,0.0,0.0,0.0,0.0,0.0,0.0,5.91,4.21,29.4,0.43,0.3486,64.0,32.95,28.8,217.5,123.8,2.6209105779716464,1.0219465648854962,0.8236800000000001,1.0,1.0
2025,15,2025_15_LV_PHI,Philadelphia Eagles,Jahan Dotson,WR,00-0037741,1.0,0.0,0.0,0.0,0.0,0.0,0.0,0.0,3.94,2.26,19.9,0.3,0.2577,64.0,32.95,28.8,217.5,123.8,2.6209105779716464,1.0219465648854962,0.8236800000000001,1.0,1.0
2025,15,2025_15_LV_PHI,Philadelphia Eagles,Britain Covey,WR,00-0037132,1.0,0.0,0.0,0.0,0.0,0.0,0.0,0.0,0.0,0.0,0.0,0.0,0.0,64.0,32.95,28.8,217.5,123.8,2.6209105779716464,1.0219465648854962,0.8236800000000001,1.0,1.0
2025,15,2025_15_LV_PHI,Philadelphia Eagles,Darius Cooper,WR,00-0040024,1.0,0.0,0.0,0.0,0.0,0.0,0.0,0.0,0.0,0.0,0.0,0.0,0.0,64.0,32.95,28.8,217.5,123.8,2.6209105779716464,1.0219465648854962,0.8236800000000001,1.0,1.0
2025,15,2025_15_MIA_PIT,Miami Dolphins,Tua Tagovailoa,QB,00-0036212,1.0,35.19,224.1,1.58,0.9,2.76,9.4,0.07,0.0,0.0,0.0,0.0,0.0704,64.0,32.95,28.8,217.5,123.8,2.029920937840785,0.7915076335877863,0.8236800000000001,1.0,1.0
2025,15,2025_15_MIA_PIT,Miami Dolphins,De'Von Achane,RB,00-0039040,1.0,0.0,0.0,0.0,0.0,16.74,61.1,0.56,3.88,2.7,16.2,0.24,0.5526,64.0,32.95,28.8,217.5,123.8,2.029920937840785,0.7915076335877863,0.8236800000000001,1.0,1.0
2025,15,2025_15_MIA_PIT,Miami Dolphins,Jaylen Wright,RB,00-0039874,1.0,0.0,0.0,0.0,0.0,9.3,35.6,0.19,2.41,1.38,12.8,0.15,0.284,64.0,32.95,28.8,217.5,123.8,2.029920937840785,0.7915076335877863,0.8236800000000001,1.0,1.0
2025,15,2025_15_MIA_PIT,Miami Dolphins,Ollie Gordon II,RB,00-0040198,1.0,0.0,0.0,0.0,0.0,0.0,0.0,0.0,0.0,0.0,0.0,0.0,0.0,64.0,32.95,28.8,217.5,123.8,2.029920937840785,0.7915076335877863,0.8236800000000001,1.0,1.0
2025,15,2025_15_MIA_PIT,Miami Dolphins,Darren Waller,TE,00-0031610,1.0,0.0,0.0,0.0,0.0,0.0,0.0,0.0,6.07,3.68,29.6,0.35,0.297,64.0,32.95,28.8,217.5,123.8,2.029920937840785,0.7915076335877863,0.8236800000000001,1.0,1.0
2025,15,2025_15_MIA_PIT,Miami Dolphins,Greg Dulcich,TE,00-0037252,1.0,0.0,0.0,0.0,0.0,0.0,0.0,0.0,3.14,1.7,15.0,0.17,0.1602,64.0,32.95,28.8,217.5,123.8,2.029920937840785,0.7915076335877863,0.8236800000000001,1.0,1.0
2025,15,2025_15_MIA_PIT,Miami Dolphins,Julian Hill,TE,00-0038720,1.0,0.0,0.0,0.0,0.0,0.0,0.0,0.0,0.0,0.0,0.0,0.0,0.0,64.0,32.95,28.8,217.5,123.8,2.029920937840785,0.7915076335877863,0.8236800000000001,1.0,1.0
2025,15,2025_15_MIA_PIT,Miami Dolphins,Jaylen Waddle,WR,00-0036613,1.0,0.0,0.0,0.0,0.0,0.0,0.0,0.0,7.74,4.99,39.7,0.44,0.3537,64.0,32.95,28.8,217.5,123.8,2.029920937840785,0.7915076335877863,0.8236800000000001,1.0,1.0
2025,15,2025_15_MIA_PIT,Miami Dolphins,Malik Washington,WR,00-0039880,1.0,0.0,0.0,0.0,0.0,0.0,0.0,0.0,5.83,4.08,34.2,0.34,0.291,64.0,32.95,28.8,217.5,123.8,2.029920937840785,0.7915076335877863,0.8236800000000001,1.0,1.0
2025,15,2025_15_MIA_PIT,Miami Dolphins,Nick Westbrook-Ikhine,WR,00-0036182,1.0,0.0,0.0,0.0,0.0,0.0,0.0,0.0,3.89,2.08,19.8,0.23,0.2041,64.0,32.95,28.8,217.5,123.8,2.029920937840785,0.7915076335877863,0.8236800000000001,1.0,1.0
2025,15,2025_15_MIA_PIT,Miami Dolphins,Cedrick Wilson Jr.,WR,00-0034418,1.0,0.0,0.0,0.0,0.0,0.0,0.0,0.0,0.0,0.0,0.0,0.0,0.0,64.0,32.95,28.8,217.5,123.8,2.029920937840785,0.7915076335877863,0.8236800000000001,1.0,1.0
2025,15,2025_15_MIA_PIT,Miami Dolphins,Dee Eskridge,WR,00-0036620,1.0,0.0,0.0,0.0,0.0,0.0,0.0,0.0,0.0,0.0,0.0,0.0,0.0,64.0,32.95,28.8,217.5,123.8,2.029920937840785,0.7915076335877863,0.8236800000000001,1.0,1.0
2025,15,2025_15_MIA_PIT,Miami Dolphins,Tahj Washington,WR,00-0039884,1.0,0.0,0.0,0.0,0.0,0.0,0.0,0.0,0.0,0.0,0.0,0.0,0.0,64.0,32.95,28.8,217.5,123.8,2.029920937840785,0.7915076335877863,0.8236800000000001,1.0,1.0
2025,15,2025_15_MIA_PIT,Pittsburgh Steelers,Aaron Rodgers,QB,00-0023459,1.0,34.67,207.9,1.71,0.9,2.35,8.4,0.07,0.0,0.0,0.0,0.0,0.0663,64.0,32.95,28.8,217.5,123.8,2.338263358778626,0.911736641221374,0.8236800000000001,1.0,1.0
2025,15,2025_15_MIA_PIT,Pittsburgh Steelers,Jaylen Warren,RB,00-0037228,1.0,0.0,0.0,0.0,0.0,17.0,62.1,0.64,3.95,2.89,18.0,0.27,0.5991,64.0,32.95,28.8,217.5,123.8,2.338263358778626,0.911736641221374,0.8236800000000001,1.0,1.0
2025,15,2025_15_MIA_PIT,Pittsburgh Steelers,Kenneth Gainwell,RB,00-0036919,1.0,0.0,0.0,0.0,0.0,9.45,34.5,0.25,2.46,1.74,10.8,0.18,0.3485,64.0,32.95,28.8,217.5,123.8,2.338263358778626,0.911736641221374,0.8236800000000001,1.0,1.0
2025,15,2025_15_MIA_PIT,Pittsburgh Steelers,Kaleb Johnson,RB,00-0040142,1.0,0.0,0.0,0.0,0.0,0.0,0.0,0.0,0.0,0.0,0.0,0.0,0.0,64.0,32.95,28.8,217.5,123.8,2.338263358778626,0.911736641221374,0.8236800000000001,1.0,1.0
2025,15,2025_15_MIA_PIT,Pittsburgh Steelers,Darnell Washington,TE,00-0038558,1.0,0.0,0.0,0.0,0.0,0.0,0.0,0.0,6.3,3.87,33.8,0.43,0.3498,64.0,32.95,28.8,217.5,123.8,2.338263358778626,0.911736641221374,0.8236800000000001,1.0,1.0
2025,15,2025_15_MIA_PIT,Pittsburgh Steelers,Pat Freiermuth,TE,00-0036894,1.0,0.0,0.0,0.0,0.0,0.0,0.0,0.0,3.26,2.07,14.2,0.21,0.1909,64.0,32.95,28.8,217.5,123.8,2.338263358778626,0.911736641221374,0.8236800000000001,1.0,1.0
2025,15,2025_15_MIA_PIT,Pittsburgh Steelers,Connor Heyward,TE,00-0037304,1.0,0.0,0.0,0.0,0.0,0.0,0.0,0.0,0.0,0.0,0.0,0.0,0.0,64.0,32.95,28.8,217.5,123.8,2.338263358778626,0.911736641221374,0.8236800000000001,1.0,1.0
2025,15,2025_15_MIA_PIT,Pittsburgh Steelers,Jonnu Smith,TE,00-0033858,1.0,0.0,0.0,0.0,0.0,0.0,0.0,0.0,0.0,0.0,0.0,0.0,0.0,64.0,32.95,28.8,217.5,123.8,2.338263358778626,0.911736641221374,0.8236800000000001,1.0,1.0
2025,15,2025_15_MIA_PIT,Pittsburgh Steelers,DK Metcalf,WR,00-0035640,1.0,0.0,0.0,0.0,0.0,0.0,0.0,0.0,7.53,4.36,38.1,0.51,0.4011,64.0,32.95,28.8,217.5,123.8,2.338263358778626,0.911736641221374,0.8236800000000001,1.0,1.0
2025,15,2025_15_MIA_PIT,Pittsburgh Steelers,Calvin Austin III,WR,00-0037837,1.0,0.0,0.0,0.0,0.0,0.0,0.0,0.0,5.67,3.26,30.4,0.36,0.301,64.0,32.95,28.8,217.5,123.8,2.338263358778626,0.911736641221374,0.8236800000000001,1.0,1.0
2025,15,2025_15_MIA_PIT,Pittsburgh Steelers,Adam Thielen,WR,00-0030035,1.0,0.0,0.0,0.0,0.0,0.0,0.0,0.0,3.78,2.62,18.0,0.26,0.2264,64.0,32.95,28.8,217.5,123.8,2.338263358778626,0.911736641221374,0.8236800000000001,1.0,1.0
2025,15,2025_15_MIA_PIT,Pittsburgh Steelers,Ben Skowronek,WR,00-0036862,1.0,0.0,0.0,0.0,0.0,0.0,0.0,0.0,0.0,0.0,0.0,0.0,0.0,64.0,32.95,28.8,217.5,123.8,2.338263358778626,0.911736641221374,0.8236800000000001,1.0,1.0
2025,15,2025_15_MIA_PIT,Pittsburgh Steelers,Ke'Shawn Williams,WR,00-0040534,1.0,0.0,0.0,0.0,0.0,0.0,0.0,0.0,0.0,0.0,0.0,0.0,0.0,64.0,32.95,28.8,217.5,123.8,2.338263358778626,0.911736641221374,0.8236800000000001,1.0,1.0
2025,15,2025_15_MIA_PIT,Pittsburgh Steelers,Roman Wilson,WR,00-0039739,1.0,0.0,0.0,0.0,0.0,0.0,0.0,0.0,0.0,0.0,0.0,0.0,0.0,64.0,32.95,28.8,217.5,123.8,2.338263358778626,0.911736641221374,0.8236800000000001,1.0,1.0
2025,15,2025_15_MIA_PIT,Pittsburgh Steelers,Scott Miller,WR,00-0035298,1.0,0.0,0.0,0.0,0.0,0.0,0.0,0.0,0.0,0.0,0.0,0.0,0.0,64.0,32.95,28.8,217.5,123.8,2.338263358778626,0.911736641221374,0.8236800000000001,1.0,1.0
2025,15,2025_15_MIN_DAL,Dallas Cowboys,Dak Prescott,QB,00-0033077,1.0,35.99,224.1,2.05,0.9,2.89,9.3,0.12,0.0,0.0,0.0,0.0,0.1136,64.0,32.95,28.8,217.5,123.8,2.7750817884405667,1.08206106870229,0.8236800000000001,1.0,1.0
2025,15,2025_15_MIN_DAL,Dallas Cowboys,Javonte Williams,RB,00-0036997,1.0,0.0,0.0,0.0,0.0,16.66,60.2,0.77,3.94,2.63,16.1,0.34,0.6702,64.0,32.95,28.8,217.5,123.8,2.7750817884405667,1.08206106870229,0.8236800000000001,1.0,1.0
2025,15,2025_15_MIN_DAL,Dallas Cowboys,Malik Davis,RB,00-0037563,1.0,0.0,0.0,0.0,0.0,9.25,36.7,0.26,2.45,1.68,13.3,0.21,0.3727,64.0,32.95,28.8,217.5,123.8,2.7750817884405667,1.08206106870229,0.8236800000000001,1.0,1.0
2025,15,2025_15_MIN_DAL,Dallas Cowboys,Jaydon Blue,RB,00-0040586,1.0,0.0,0.0,0.0,0.0,0.0,0.0,0.0,0.0,0.0,0.0,0.0,0.0,64.0,32.95,28.8,217.5,123.8,2.7750817884405667,1.08206106870229,0.8236800000000001,1.0,1.0
2025,15,2025_15_MIN_DAL,Dallas Cowboys,Jake Ferguson,TE,00-0038041,1.0,0.0,0.0,0.0,0.0,0.0,0.0,0.0,6.28,4.24,28.0,0.5,0.3955,64.0,32.95,28.8,217.5,123.8,2.7750817884405667,1.08206106870229,0.8236800000000001,1.0,1.0
2025,15,2025_15_MIN_DAL,Dallas Cowboys,Luke Schoonmaker,TE,00-0038547,1.0,0.0,0.0,0.0,0.0,0.0,0.0,0.0,3.25,1.91,15.7,0.25,0.2222,64.0,32.95,28.8,217.5,123.8,2.7750817884405667,1.08206106870229,0.8236800000000001,1.0,1.0
2025,15,2025_15_MIN_DAL,Dallas Cowboys,Brevyn Spann-Ford,TE,00-0039530,1.0,0.0,0.0,0.0,0.0,0.0,0.0,0.0,0.0,0.0,0.0,0.0,0.0,64.0,32.95,28.8,217.5,123.8,2.7750817884405667,1.08206106870229,0.8236800000000001,1.0,1.0
2025,15,2025_15_MIN_DAL,Dallas Cowboys,John Stephens Jr.,TE,00-0038741,1.0,0.0,0.0,0.0,0.0,0.0,0.0,0.0,0.0,0.0,0.0,0.0,0.0,64.0,32.95,28.8,217.5,123.8,2.7750817884405667,1.08206106870229,0.8236800000000001,0.0,0.0
2025,15,2025_15_MIN_DAL,Dallas Cowboys,CeeDee Lamb,WR,00-0036358,1.0,0.0,0.0,0.0,0.0,0.0,0.0,0.0,7.55,4.93,39.0,0.6,0.4503,64.0,32.95,28.8,217.5,123.8,2.7750817884405667,1.08206106870229,0.8236800000000001,1.0,1.0
2025,15,2025_15_MIN_DAL,Dallas Cowboys,George Pickens,WR,00-0037247,1.0,0.0,0.0,0.0,0.0,0.0,0.0,0.0,5.68,3.32,28.7,0.45,0.3599,64.0,32.95,28.8,217.5,123.8,2.7750817884405667,1.08206106870229,0.8236800000000001,1.0,1.0
2025,15,2025_15_MIN_DAL,Dallas Cowboys,Ryan Flournoy,WR,00-0039410,1.0,0.0,0.0,0.0,0.0,0.0,0.0,0.0,3.79,2.49,23.5,0.3,0.2594,64.0,32.95,28.8,217.5,123.8,2.7750817884405667,1.08206106870229,0.8236800000000001,1.0,1.0
2025,15,2025_15_MIN_DAL,Dallas Cowboys,Jalen Tolbert,WR,00-0037666,1.0,0.0,0.0,0.0,0.0,0.0,0.0,0.0,0.0,0.0,0.0,0.0,0.0,64.0,32.95,28.8,217.5,123.8,2.7750817884405667,1.08206106870229,0.8236800000000001,1.0,1.0
2025,15,2025_15_MIN_DAL,Dallas Cowboys,Jonathan Mingo,WR,00-0039062,1.0,0.0,0.0,0.0,0.0,0.0,0.0,0.0,0.0,0.0,0.0,0.0,0.0,64.0,32.95,28.8,217.5,123.8,2.7750817884405667,1.08206106870229,0.8236800000000001,1.0,1.0
2025,15,2025_15_MIN_DAL,Dallas Cowboys,KaVontae Turpin,WR,00-0037801,1.0,0.0,0.0,0.0,0.0,0.0,0.0,0.0,0.0,0.0,0.0,0.0,0.0,64.0,32.95,28.8,217.5,123.8,2.7750817884405667,1.08206106870229,0.8236800000000001,1.0,1.0
2025,15,2025_15_MIN_DAL,Minnesota Vikings,J.J. McCarthy,QB,00-0039923,1.0,33.95,208.1,1.83,0.9,1.01,3.6,0.03,0.0,0.0,0.0,0.0,0.0279,64.0,32.95,28.8,217.5,123.8,2.2097873500545258,0.8616412213740459,0.8236800000000001,1.0,1.0
2025,15,2025_15_MIN_DAL,Minnesota Vikings,Aaron Jones Sr.,RB,None,1.0,0.0,0.0,0.0,0.0,17.86,83.2,0.61,3.99,2.65,26.9,0.27,0.5855,64.0,32.95,28.8,217.5,123.8,2.2097873500545258,0.8616412213740459,0.8236800000000001,0.0,0.0
2025,15,2025_15_MIN_DAL,Minnesota Vikings,Jordan Mason,RB,00-0037525,1.0,0.0,0.0,0.0,0.0,9.92,36.0,0.23,2.48,1.76,12.9,0.17,0.3277,64.0,32.95,28.8,217.5,123.8,2.2097873500545258,0.8616412213740459,0.8236800000000001,1.0,1.0
2025,15,2025_15_MIN_DAL,Minnesota Vikings,Zavier Scott,RB,00-0038440,1.0,0.0,0.0,0.0,0.0,0.0,0.0,0.0,0.0,0.0,0.0,0.0,0.0,64.0,32.95,28.8,217.5,123.8,2.2097873500545258,0.8616412213740459,0.8236800000000001,1.0,1.0
2025,15,2025_15_MIN_DAL,Minnesota Vikings,T.J. Hockenson,TE,00-0035229,1.0,0.0,0.0,0.0,0.0,0.0,0.0,0.0,6.21,3.96,26.7,0.37,0.3115,64.0,32.95,28.8,217.5,123.8,2.2097873500545258,0.8616412213740459,0.8236800000000001,1.0,1.0
2025,15,2025_15_MIN_DAL,Minnesota Vikings,Josh Oliver,TE,00-0035249,1.0,0.0,0.0,0.0,0.0,0.0,0.0,0.0,3.12,2.04,14.4,0.21,0.1884,64.0,32.95,28.8,217.5,123.8,2.2097873500545258,0.8616412213740459,0.8236800000000001,1.0,1.0
2025,15,2025_15_MIN_DAL,Minnesota Vikings,Ben Sims,TE,00-0038809,1.0,0.0,0.0,0.0,0.0,0.0,0.0,0.0,0.0,0.0,0.0,0.0,0.0,64.0,32.95,28.8,217.5,123.8,2.2097873500545258,0.8616412213740459,0.8236800000000001,1.0,1.0
2025,15,2025_15_MIN_DAL,Minnesota Vikings,Ben Yurosek,TE,00-0040509,1.0,0.0,0.0,0.0,0.0,0.0,0.0,0.0,0.0,0.0,0.0,0.0,0.0,64.0,32.95,28.8,217.5,123.8,2.2097873500545258,0.8616412213740459,0.8236800000000001,1.0,1.0
2025,15,2025_15_MIN_DAL,Minnesota Vikings,Justin Jefferson,WR,00-0036322,1.0,0.0,0.0,0.0,0.0,0.0,0.0,0.0,7.68,4.91,41.1,0.49,0.3866,64.0,32.95,28.8,217.5,123.8,2.2097873500545258,0.8616412213740459,0.8236800000000001,1.0,1.0
2025,15,2025_15_MIN_DAL,Minnesota Vikings,Jordan Addison,WR,00-0038994,1.0,0.0,0.0,0.0,0.0,0.0,0.0,0.0,5.68,3.35,30.4,0.37,0.3081,64.0,32.95,28.8,217.5,123.8,2.2097873500545258,0.8616412213740459,0.8236800000000001,1.0,1.0
2025,15,2025_15_MIN_DAL,Minnesota Vikings,Jalen Nailor,WR,00-0037291,1.0,0.0,0.0,0.0,0.0,0.0,0.0,0.0,3.79,2.31,21.8,0.25,0.2201,64.0,32.95,28.8,217.5,123.8,2.2097873500545258,0.8616412213740459,0.8236800000000001,1.0,1.0
2025,15,2025_15_MIN_DAL,Minnesota Vikings,Myles Price,WR,00-0040506,1.0,0.0,0.0,0.0,0.0,0.0,0.0,0.0,0.0,0.0,0.0,0.0,0.0,64.0,32.95,28.8,217.5,123.8,2.2097873500545258,0.8616412213740459,0.8236800000000001,1.0,1.0
2025,15,2025_15_MIN_DAL,Minnesota Vikings,Tai Felton,WR,00-0040154,1.0,0.0,0.0,0.0,0.0,0.0,0.0,0.0,0.0,0.0,0.0,0.0,0.0,64.0,32.95,28.8,217.5,123.8,2.2097873500545258,0.8616412213740459,0.8236800000000001,1.0,1.0
2025,15,2025_15_NYJ_JAX,Jacksonville Jaguars,Trevor Lawrence,QB,00-0036971,1.0,34.66,213.4,1.88,0.9,4.36,13.8,0.19,0.0,0.0,0.0,0.0,0.1716,64.0,32.95,28.8,217.5,123.8,2.8264721919302067,1.1020992366412212,0.8236800000000001,1.0,1.0
2025,15,2025_15_NYJ_JAX,Jacksonville Jaguars,Travis Etienne Jr.,RB,None,1.0,0.0,0.0,0.0,0.0,15.71,74.3,0.7,3.92,2.57,24.9,0.34,0.6438,64.0,32.95,28.8,217.5,123.8,2.8264721919302067,1.1020992366412212,0.8236800000000001,0.0,0.0
2025,15,2025_15_NYJ_JAX,Jacksonville Jaguars,Bhayshul Tuten,RB,00-0040719,1.0,0.0,0.0,0.0,0.0,8.73,33.5,0.28,2.44,1.57,13.3,0.21,0.3848,64.0,32.95,28.8,217.5,123.8,2.8264721919302067,1.1020992366412212,0.8236800000000001,1.0,1.0
2025,15,2025_15_NYJ_JAX,Jacksonville Jaguars,LeQuint Allen Jr.,RB,00-0040238,1.0,0.0,0.0,0.0,0.0,0.0,0.0,0.0,0.0,0.0,0.0,0.0,0.0,64.0,32.95,28.8,217.5,123.8,2.8264721919302067,1.1020992366412212,0.8236800000000001,1.0,1.0
2025,15,2025_15_NYJ_JAX,Jacksonville Jaguars,Brenton Strange,TE,00-0038935,1.0,0.0,0.0,0.0,0.0,0.0,0.0,0.0,6.13,3.96,29.8,0.48,0.3826,64.0,32.95,28.8,217.5,123.8,2.8264721919302067,1.1020992366412212,0.8236800000000001,1.0,1.0
2025,15,2025_15_NYJ_JAX,Jacksonville Jaguars,Quintin Morris,TE,00-0036590,1.0,0.0,0.0,0.0,0.0,0.0,0.0,0.0,3.17,1.85,17.4,0.27,0.233,64.0,32.95,28.8,217.5,123.8,2.8264721919302067,1.1020992366412212,0.8236800000000001,1.0,1.0
2025,15,2025_15_NYJ_JAX,Jacksonville Jaguars,Hunter Long,TE,00-0037004,1.0,0.0,0.0,0.0,0.0,0.0,0.0,0.0,0.0,0.0,0.0,0.0,0.0,64.0,32.95,28.8,217.5,123.8,2.8264721919302067,1.1020992366412212,0.8236800000000001,1.0,1.0
2025,15,2025_15_NYJ_JAX,Jacksonville Jaguars,John Copenhaver,TE,00-0040327,1.0,0.0,0.0,0.0,0.0,0.0,0.0,0.0,0.0,0.0,0.0,0.0,0.0,64.0,32.95,28.8,217.5,123.8,2.8264721919302067,1.1020992366412212,0.8236800000000001,0.0,0.0
2025,15,2025_15_NYJ_JAX,Jacksonville Jaguars,Johnny Mundt,TE,00-0033246,1.0,0.0,0.0,0.0,0.0,0.0,0.0,0.0,0.0,0.0,0.0,0.0,0.0,64.0,32.95,28.8,217.5,123.8,2.8264721919302067,1.1020992366412212,0.8236800000000001,1.0,1.0
2025,15,2025_15_NYJ_JAX,Jacksonville Jaguars,Brian Thomas Jr.,WR,00-0039893,1.0,0.0,0.0,0.0,0.0,0.0,0.0,0.0,7.67,4.5,41.6,0.61,0.4554,64.0,32.95,28.8,217.5,123.8,2.8264721919302067,1.1020992366412212,0.8236800000000001,1.0,1.0
2025,15,2025_15_NYJ_JAX,Jacksonville Jaguars,Jakobi Meyers,WR,00-0034960,1.0,0.0,0.0,0.0,0.0,0.0,0.0,0.0,5.77,3.82,28.8,0.47,0.3739,64.0,32.95,28.8,217.5,123.8,2.8264721919302067,1.1020992366412212,0.8236800000000001,1.0,1.0
2025,15,2025_15_NYJ_JAX,Jacksonville Jaguars,Parker Washington,WR,00-0038606,1.0,0.0,0.0,0.0,0.0,0.0,0.0,0.0,3.85,2.32,20.5,0.32,0.2741,64.0,32.95,28.8,217.5,123.8,2.8264721919302067,1.1020992366412212,0.8236800000000001,1.0,1.0
2025,15,2025_15_NYJ_JAX,Jacksonville Jaguars,Cam Camper,WR,00-0040324,1.0,0.0,0.0,0.0,0.0,0.0,0.0,0.0,0.0,0.0,0.0,0.0,0.0,64.0,32.95,28.8,217.5,123.8,2.8264721919302067,1.1020992366412212,0.8236800000000001,0.0,0.0
2025,15,2025_15_NYJ_JAX,Jacksonville Jaguars,Dyami Brown,WR,00-0036626,1.0,0.0,0.0,0.0,0.0,0.0,0.0,0.0,0.0,0.0,0.0,0.0,0.0,64.0,32.95,28.8,217.5,123.8,2.8264721919302067,1.1020992366412212,0.8236800000000001,1.0,1.0
2025,15,2025_15_NYJ_JAX,Jacksonville Jaguars,Tim Patrick,WR,00-0033375,1.0,0.0,0.0,0.0,0.0,0.0,0.0,0.0,0.0,0.0,0.0,0.0,0.0,64.0,32.95,28.8,217.5,123.8,2.8264721919302067,1.1020992366412212,0.8236800000000001,1.0,1.0
2025,15,2025_15_NYJ_JAX,New York Jets,Brady Cook,QB,00-0040398,1.0,33.95,208.1,1.19,0.9,0.75,2.8,0.01,0.0,0.0,0.0,0.0,0.0136,64.0,32.95,28.8,217.5,123.8,1.4389312977099236,0.5610687022900763,0.8236800000000001,1.0,1.0
2025,15,2025_15_NYJ_JAX,New York Jets,Breece Hall,RB,00-0038120,1.0,0.0,0.0,0.0,0.0,18.03,65.6,0.4,3.89,2.54,17.1,0.17,0.4357,64.0,32.95,28.8,217.5,123.8,1.4389312977099236,0.5610687022900763,0.8236800000000001,1.0,1.0
2025,15,2025_15_NYJ_JAX,New York Jets,Isaiah Davis,RB,00-0039798,1.0,0.0,0.0,0.0,0.0,10.02,39.4,0.15,2.42,1.49,11.7,0.11,0.2227,64.0,32.95,28.8,217.5,123.8,1.4389312977099236,0.5610687022900763,0.8236800000000001,1.0,1.0
2025,15,2025_15_NYJ_JAX,New York Jets,Kene Nwangwu,RB,00-0036842,1.0,0.0,0.0,0.0,0.0,0.0,0.0,0.0,0.0,0.0,0.0,0.0,0.0,64.0,32.95,28.8,217.5,123.8,1.4389312977099236,0.5610687022900763,0.8236800000000001,1.0,1.0
2025,15,2025_15_NYJ_JAX,New York Jets,Khalil Herbert,RB,00-0036906,1.0,0.0,0.0,0.0,0.0,0.0,0.0,0.0,0.0,0.0,0.0,0.0,0.0,64.0,32.95,28.8,217.5,123.8,1.4389312977099236,0.5610687022900763,0.8236800000000001,1.0,1.0
2025,15,2025_15_NYJ_JAX,New York Jets,Jeremy Ruckert,TE,00-0037805,1.0,0.0,0.0,0.0,0.0,0.0,0.0,0.0,6.14,4.05,31.6,0.24,0.2146,64.0,32.95,28.8,217.5,123.8,1.4389312977099236,0.5610687022900763,0.8236800000000001,1.0,1.0
2025,15,2025_15_NYJ_JAX,New York Jets,Stone Smartt,TE,00-0037475,1.0,0.0,0.0,0.0,0.0,0.0,0.0,0.0,3.18,1.92,16.5,0.13,0.1181,64.0,32.95,28.8,217.5,123.8,1.4389312977099236,0.5610687022900763,0.8236800000000001,1.0,1.0
2025,15,2025_15_NYJ_JAX,New York Jets,Jelani Woods,TE,00-0037755,1.0,0.0,0.0,0.0,0.0,0.0,0.0,0.0,0.0,0.0,0.0,0.0,0.0,64.0,32.95,28.8,217.5,123.8,1.4389312977099236,0.5610687022900763,0.8236800000000001,1.0,1.0
2025,15,2025_15_NYJ_JAX,New York Jets,John Metchie III,WR,00-0037614,1.0,0.0,0.0,0.0,0.0,0.0,0.0,0.0,7.68,4.98,43.4,0.33,0.2781,64.0,32.95,28.8,217.5,123.8,1.4389312977099236,0.5610687022900763,0.8236800000000001,1.0,1.0
2025,15,2025_15_NYJ_JAX,New York Jets,Adonai Mitchell,WR,00-0039890,1.0,0.0,0.0,0.0,0.0,0.0,0.0,0.0,5.78,2.65,31.4,0.24,0.2143,64.0,32.95,28.8,217.5,123.8,1.4389312977099236,0.5610687022900763,0.8236800000000001,1.0,1.0
2025,15,2025_15_NYJ_JAX,New York Jets,Isaiah Williams,WR,00-0039451,1.0,0.0,0.0,0.0,0.0,0.0,0.0,0.0,3.85,2.33,27.6,0.16,0.1477,64.0,32.95,28.8,217.5,123.8,1.4389312977099236,0.5610687022900763,0.8236800000000001,1.0,1.0
2025,15,2025_15_NYJ_JAX,New York Jets,Allen Lazard,WR,00-0034521,1.0,0.0,0.0,0.0,0.0,0.0,0.0,0.0,0.0,0.0,0.0,0.0,0.0,64.0,32.95,28.8,217.5,123.8,1.4389312977099236,0.5610687022900763,0.8236800000000001,1.0,1.0
2025,15,2025_15_NYJ_JAX,New York Jets,Arian Smith,WR,00-0040582,1.0,0.0,0.0,0.0,0.0,0.0,0.0,0.0,0.0,0.0,0.0,0.0,0.0,64.0,32.95,28.8,217.5,123.8,1.4389312977099236,0.5610687022900763,0.8236800000000001,1.0,1.0
2025,15,2025_15_NYJ_JAX,New York Jets,Tyler Johnson,WR,00-0036427,1.0,0.0,0.0,0.0,0.0,0.0,0.0,0.0,0.0,0.0,0.0,0.0,0.0,64.0,32.95,28.8,217.5,123.8,1.4389312977099236,0.5610687022900763,0.8236800000000001,1.0,1.0
2025,15,2025_15_TEN_SF,San Francisco 49ers,Brock Purdy,QB,00-0037834,1.0,33.43,221.8,2.04,0.9,6.68,21.8,0.29,0.0,0.0,0.0,0.0,0.2521,64.0,32.95,28.8,217.5,123.8,2.929252998909487,1.1421755725190839,0.8236800000000001,1.0,1.0
2025,15,2025_15_TEN_SF,San Francisco 49ers,Christian McCaffrey,RB,00-0033280,1.0,0.0,0.0,0.0,0.0,14.22,51.2,0.71,3.91,2.8,16.8,0.36,0.6561,64.0,32.95,28.8,217.5,123.8,2.929252998909487,1.1421755725190839,0.8236800000000001,1.0,1.0
2025,15,2025_15_TEN_SF,San Francisco 49ers,Brian Robinson Jr.,RB,None,1.0,0.0,0.0,0.0,0.0,7.9,35.4,0.23,2.44,1.62,15.3,0.22,0.363,64.0,32.95,28.8,217.5,123.8,2.929252998909487,1.1421755725190839,0.8236800000000001,0.0,0.0
2025,15,2025_15_TEN_SF,San Francisco 49ers,Isaac Guerendo,RB,00-0039363,1.0,0.0,0.0,0.0,0.0,0.0,0.0,0.0,0.0,0.0,0.0,0.0,0.0,64.0,32.95,28.8,217.5,123.8,2.929252998909487,1.1421755725190839,0.8236800000000001,1.0,1.0
2025,15,2025_15_TEN_SF,San Francisco 49ers,Jordan James,RB,00-0040177,1.0,0.0,0.0,0.0,0.0,0.0,0.0,0.0,0.0,0.0,0.0,0.0,0.0,64.0,32.95,28.8,217.5,123.8,2.929252998909487,1.1421755725190839,0.8236800000000001,1.0,1.0
2025,15,2025_15_TEN_SF,San Francisco 49ers,George Kittle,TE,00-0033288,1.0,0.0,0.0,0.0,0.0,0.0,0.0,0.0,6.1,4.03,27.2,0.51,0.3998,64.0,32.95,28.8,217.5,123.8,2.929252998909487,1.1421755725190839,0.8236800000000001,1.0,1.0
2025,15,2025_15_TEN_SF,San Francisco 49ers,Luke Farrell,TE,00-0036887,1.0,0.0,0.0,0.0,0.0,0.0,0.0,0.0,3.16,2.17,16.5,0.26,0.2303,64.0,32.95,28.8,217.5,123.8,2.929252998909487,1.1421755725190839,0.8236800000000001,1.0,1.0
2025,15,2025_15_TEN_SF,San Francisco 49ers,Jake Tonges,TE,00-0037112,1.0,0.0,0.0,0.0,0.0,0.0,0.0,0.0,0.0,0.0,0.0,0.0,0.0,64.0,32.95,28.8,217.5,123.8,2.929252998909487,1.1421755725190839,0.8236800000000001,1.0,1.0
2025,15,2025_15_TEN_SF,San Francisco 49ers,Jauan Jennings,WR,00-0036259,1.0,0.0,0.0,0.0,0.0,0.0,0.0,0.0,7.69,4.9,42.8,0.64,0.4726,64.0,32.95,28.8,217.5,123.8,2.929252998909487,1.1421755725190839,0.8236800000000001,1.0,1.0
2025,15,2025_15_TEN_SF,San Francisco 49ers,Ricky Pearsall,WR,00-0039916,1.0,0.0,0.0,0.0,0.0,0.0,0.0,0.0,5.79,3.7,35.8,0.5,0.3909,64.0,32.95,28.8,217.5,123.8,2.929252998909487,1.1421755725190839,0.8236800000000001,1.0,1.0
2025,15,2025_15_TEN_SF,San Francisco 49ers,Demarcus Robinson,WR,00-0032775,1.0,0.0,0.0,0.0,0.0,0.0,0.0,0.0,3.86,2.2,20.3,0.33,0.2845,64.0,32.95,28.8,217.5,123.8,2.929252998909487,1.1421755725190839,0.8236800000000001,1.0,1.0
2025,15,2025_15_TEN_SF,San Francisco 49ers,Jordan Watkins,WR,00-0040172,1.0,0.0,0.0,0.0,0.0,0.0,0.0,0.0,0.0,0.0,0.0,0.0,0.0,64.0,32.95,28.8,217.5,123.8,2.929252998909487,1.1421755725190839,0.8236800000000001,1.0,1.0
2025,15,2025_15_TEN_SF,San Francisco 49ers,Kendrick Bourne,WR,00-0033307,1.0,0.0,0.0,0.0,0.0,0.0,0.0,0.0,0.0,0.0,0.0,0.0,0.0,64.0,32.95,28.8,217.5,123.8,2.929252998909487,1.1421755725190839,0.8236800000000001,1.0,1.0
2025,15,2025_15_TEN_SF,San Francisco 49ers,Skyy Moore,WR,00-0038090,1.0,0.0,0.0,0.0,0.0,0.0,0.0,0.0,0.0,0.0,0.0,0.0,0.0,64.0,32.95,28.8,217.5,123.8,2.929252998909487,1.1421755725190839,0.8236800000000001,1.0,1.0
2025,15,2025_15_TEN_SF,Tennessee Titans,Cam Ward,QB,00-0040676,1.0,33.95,208.1,1.36,0.9,0.79,2.9,0.02,0.0,0.0,0.0,0.0,0.0168,64.0,32.95,28.8,217.5,123.8,1.6444929116684839,0.6412213740458015,0.8236800000000001,1.0,1.0
2025,15,2025_15_TEN_SF,Tennessee Titans,Tony Pollard,RB,00-0035261,1.0,0.0,0.0,0.0,0.0,18.01,65.4,0.47,4.02,2.63,16.5,0.2,0.4902,64.0,32.95,28.8,217.5,123.8,1.6444929116684839,0.6412213740458015,0.8236800000000001,1.0,1.0
2025,15,2025_15_TEN_SF,Tennessee Titans,Tyjae Spears,RB,00-0039032,1.0,0.0,0.0,0.0,0.0,10.0,37.0,0.16,2.5,1.77,10.2,0.12,0.2487,64.0,32.95,28.8,217.5,123.8,1.6444929116684839,0.6412213740458015,0.8236800000000001,1.0,1.0
2025,15,2025_15_TEN_SF,Tennessee Titans,Julius Chestnut,RB,00-0037594,1.0,0.0,0.0,0.0,0.0,0.0,0.0,0.0,0.0,0.0,0.0,0.0,0.0,64.0,32.95,28.8,217.5,123.8,1.6444929116684839,0.6412213740458015,0.8236800000000001,1.0,1.0
2025,15,2025_15_TEN_SF,Tennessee Titans,Kalel Mullings,RB,00-0040205,1.0,0.0,0.0,0.0,0.0,0.0,0.0,0.0,0.0,0.0,0.0,0.0,0.0,64.0,32.95,28.8,217.5,123.8,1.6444929116684839,0.6412213740458015,0.8236800000000001,1.0,1.0
2025,15,2025_15_TEN_SF,Tennessee Titans,Gunnar Helm,TE,00-0040584,1.0,0.0,0.0,0.0,0.0,0.0,0.0,0.0,6.14,4.27,33.9,0.29,0.2517,64.0,32.95,28.8,217.5,123.8,1.6444929116684839,0.6412213740458015,0.8236800000000001,1.0,1.0
2025,15,2025_15_TEN_SF,Tennessee Titans,Chig Okonkwo,TE,00-0037809,1.0,0.0,0.0,0.0,0.0,0.0,0.0,0.0,3.17,2.03,13.3,0.14,0.1268,64.0,32.95,28.8,217.5,123.8,1.6444929116684839,0.6412213740458015,0.8236800000000001,1.0,1.0
2025,15,2025_15_TEN_SF,Tennessee Titans,David Martin-Robinson,TE,00-0039648,1.0,0.0,0.0,0.0,0.0,0.0,0.0,0.0,0.0,0.0,0.0,0.0,0.0,64.0,32.95,28.8,217.5,123.8,1.6444929116684839,0.6412213740458015,0.8236800000000001,1.0,1.0
2025,15,2025_15_TEN_SF,Tennessee Titans,Elic Ayomanor,WR,00-0040170,1.0,0.0,0.0,0.0,0.0,0.0,0.0,0.0,7.59,3.75,49.0,0.35,0.2985,64.0,32.95,28.8,217.5,123.8,1.6444929116684839,0.6412213740458015,0.8236800000000001,1.0,1.0
2025,15,2025_15_TEN_SF,Tennessee Titans,Chimere Dike,WR,00-0040705,1.0,0.0,0.0,0.0,0.0,0.0,0.0,0.0,5.72,3.49,37.2,0.28,0.2452,64.0,32.95,28.8,217.5,123.8,1.6444929116684839,0.6412213740458015,0.8236800000000001,1.0,1.0
2025,15,2025_15_TEN_SF,Tennessee Titans,Van Jefferson,WR,00-0036415,1.0,0.0,0.0,0.0,0.0,0.0,0.0,0.0,3.81,2.04,19.9,0.17,0.159,64.0,32.95,28.8,217.5,123.8,1.6444929116684839,0.6412213740458015,0.8236800000000001,1.0,1.0
2025,15,2025_15_TEN_SF,Tennessee Titans,James Proche,WR,00-0036133,1.0,0.0,0.0,0.0,0.0,0.0,0.0,0.0,0.0,0.0,0.0,0.0,0.0,64.0,32.95,28.8,217.5,123.8,1.6444929116684839,0.6412213740458015,0.8236800000000001,1.0,1.0
2025,15,2025_15_TEN_SF,Tennessee Titans,Mason Kinsey,WR,00-0036176,1.0,0.0,0.0,0.0,0.0,0.0,0.0,0.0,0.0,0.0,0.0,0.0,0.0,64.0,32.95,28.8,217.5,123.8,1.6444929116684839,0.6412213740458015,0.8236800000000001,1.0,1.0
2025,15,2025_15_WAS_NYG,New York Giants,Jaxson Dart,QB,00-0040691,1.0,33.95,208.1,2.09,0.9,3.48,11.7,0.13,0.0,0.0,0.0,0.0,0.1211,64.0,32.95,28.8,217.5,123.8,2.518129770992366,0.9818702290076335,0.8236800000000001,1.0,1.0
2025,15,2025_15_WAS_NYG,New York Giants,Tyrone Tracy Jr.,RB,00-0039384,1.0,0.0,0.0,0.0,0.0,16.28,59.7,0.63,3.9,2.47,18.9,0.29,0.6024,64.0,32.95,28.8,217.5,123.8,2.518129770992366,0.9818702290076335,0.8236800000000001,1.0,1.0
2025,15,2025_15_WAS_NYG,New York Giants,Devin Singletary,RB,00-0035250,1.0,0.0,0.0,0.0,0.0,9.04,32.8,0.24,2.43,1.67,10.8,0.18,0.3437,64.0,32.95,28.8,217.5,123.8,2.518129770992366,0.9818702290076335,0.8236800000000001,1.0,1.0
2025,15,2025_15_WAS_NYG,New York Giants,Eric Gray,RB,00-0038396,1.0,0.0,0.0,0.0,0.0,0.0,0.0,0.0,0.0,0.0,0.0,0.0,0.0,64.0,32.95,28.8,217.5,123.8,2.518129770992366,0.9818702290076335,0.8236800000000001,1.0,1.0
2025,15,2025_15_WAS_NYG,New York Giants,Theo Johnson,TE,00-0039847,1.0,0.0,0.0,0.0,0.0,0.0,0.0,0.0,6.09,3.45,31.3,0.43,0.348,64.0,32.95,28.8,217.5,123.8,2.518129770992366,0.9818702290076335,0.8236800000000001,1.0,1.0
2025,15,2025_15_WAS_NYG,New York Giants,Daniel Bellinger,TE,00-0038115,1.0,0.0,0.0,0.0,0.0,0.0,0.0,0.0,3.15,2.24,15.5,0.22,0.1998,64.0,32.95,28.8,217.5,123.8,2.518129770992366,0.9818702290076335,0.8236800000000001,1.0,1.0
2025,15,2025_15_WAS_NYG,New York Giants,Chris Manhertz,TE,00-0031484,1.0,0.0,0.0,0.0,0.0,0.0,0.0,0.0,0.0,0.0,0.0,0.0,0.0,64.0,32.95,28.8,217.5,123.8,2.518129770992366,0.9818702290076335,0.8236800000000001,1.0,1.0
2025,15,2025_15_WAS_NYG,New York Giants,Jermaine Terry,TE,00-0040457,1.0,0.0,0.0,0.0,0.0,0.0,0.0,0.0,0.0,0.0,0.0,0.0,0.0,64.0,32.95,28.8,217.5,123.8,2.518129770992366,0.9818702290076335,0.8236800000000001,0.0,0.0
2025,15,2025_15_WAS_NYG,New York Giants,Wan'Dale Robinson,WR,00-0038117,1.0,0.0,0.0,0.0,0.0,0.0,0.0,0.0,7.7,5.22,42.1,0.53,0.4106,64.0,32.95,28.8,217.5,123.8,2.518129770992366,0.9818702290076335,0.8236800000000001,1.0,1.0
2025,15,2025_15_WAS_NYG,New York Giants,Darius Slayton,WR,00-0035535,1.0,0.0,0.0,0.0,0.0,0.0,0.0,0.0,5.8,3.38,31.1,0.4,0.3266,64.0,32.95,28.8,217.5,123.8,2.518129770992366,0.9818702290076335,0.8236800000000001,1.0,1.0
2025,15,2025_15_WAS_NYG,New York Giants,Isaiah Hodgins,WR,00-0036165,1.0,0.0,0.0,0.0,0.0,0.0,0.0,0.0,3.87,2.65,22.2,0.28,0.2479,64.0,32.95,28.8,217.5,123.8,2.518129770992366,0.9818702290076335,0.8236800000000001,1.0,1.0
2025,15,2025_15_WAS_NYG,New York Giants,Antwane Wells Jr.,WR,00-0040438,1.0,0.0,0.0,0.0,0.0,0.0,0.0,0.0,0.0,0.0,0.0,0.0,0.0,64.0,32.95,28.8,217.5,123.8,2.518129770992366,0.9818702290076335,0.8236800000000001,0.0,0.0
2025,15,2025_15_WAS_NYG,New York Giants,Gunner Olszewski,WR,00-0035645,1.0,0.0,0.0,0.0,0.0,0.0,0.0,0.0,0.0,0.0,0.0,0.0,0.0,64.0,32.95,28.8,217.5,123.8,2.518129770992366,0.9818702290076335,0.8236800000000001,1.0,1.0
2025,15,2025_15_WAS_NYG,New York Giants,Jalin Hyatt,WR,00-0038938,1.0,0.0,0.0,0.0,0.0,0.0,0.0,0.0,0.0,0.0,0.0,0.0,0.0,64.0,32.95,28.8,217.5,123.8,2.518129770992366,0.9818702290076335,0.8236800000000001,1.0,1.0
2025,15,2025_15_WAS_NYG,Washington Commanders,Marcus Mariota,QB,00-0032268,1.0,33.95,208.1,1.87,0.9,8.4,26.4,0.25,0.0,0.0,0.0,0.0,0.2232,64.0,32.95,28.8,217.5,123.8,2.2611777535441657,0.8816793893129771,0.8236800000000001,1.0,1.0
2025,15,2025_15_WAS_NYG,Washington Commanders,Chris Rodriguez Jr.,RB,00-0038611,1.0,0.0,0.0,0.0,0.0,13.11,49.5,0.53,3.96,2.67,23.4,0.27,0.551,64.0,32.95,28.8,217.5,123.8,2.2611777535441657,0.8816793893129771,0.8236800000000001,1.0,1.0
2025,15,2025_15_WAS_NYG,Washington Commanders,Jeremy McNichols,RB,00-0033955,1.0,0.0,0.0,0.0,0.0,7.28,27.9,0.18,2.47,1.63,11.6,0.17,0.2961,64.0,32.95,28.8,217.5,123.8,2.2611777535441657,0.8816793893129771,0.8236800000000001,1.0,1.0
2025,15,2025_15_WAS_NYG,Washington Commanders,Chase Edmonds,RB,00-0034681,1.0,0.0,0.0,0.0,0.0,0.0,0.0,0.0,0.0,0.0,0.0,0.0,0.0,64.0,32.95,28.8,217.5,123.8,2.2611777535441657,0.8816793893129771,0.8236800000000001,1.0,1.0
2025,15,2025_15_WAS_NYG,Washington Commanders,Jacory Croskey-Merritt,RB,00-0040242,1.0,0.0,0.0,0.0,0.0,0.0,0.0,0.0,0.0,0.0,0.0,0.0,0.0,64.0,32.95,28.8,217.5,123.8,2.2611777535441657,0.8816793893129771,0.8236800000000001,1.0,1.0
2025,15,2025_15_WAS_NYG,Washington Commanders,John Bates,TE,00-0036628,1.0,0.0,0.0,0.0,0.0,0.0,0.0,0.0,6.01,3.55,30.0,0.38,0.3152,64.0,32.95,28.8,217.5,123.8,2.2611777535441657,0.8816793893129771,0.8236800000000001,1.0,1.0
2025,15,2025_15_WAS_NYG,Washington Commanders,Ben Sinnott,TE,00-0039912,1.0,0.0,0.0,0.0,0.0,0.0,0.0,0.0,3.11,2.08,19.6,0.21,0.1906,64.0,32.95,28.8,217.5,123.8,2.2611777535441657,0.8816793893129771,0.8236800000000001,1.0,1.0
2025,15,2025_15_WAS_NYG,Washington Commanders,Colson Yankoff,TE,00-0039686,1.0,0.0,0.0,0.0,0.0,0.0,0.0,0.0,0.0,0.0,0.0,0.0,0.0,64.0,32.95,28.8,217.5,123.8,2.2611777535441657,0.8816793893129771,0.8236800000000001,1.0,1.0
2025,15,2025_15_WAS_NYG,Washington Commanders,Terry McLaurin,WR,00-0035659,1.0,0.0,0.0,0.0,0.0,0.0,0.0,0.0,7.71,4.82,40.4,0.49,0.3901,64.0,32.95,28.8,217.5,123.8,2.2611777535441657,0.8816793893129771,0.8236800000000001,1.0,1.0
2025,15,2025_15_WAS_NYG,Washington Commanders,Deebo Samuel,WR,None,1.0,0.0,0.0,0.0,0.0,0.0,0.0,0.0,5.81,3.74,57.0,0.4,0.3288,64.0,32.95,28.8,217.5,123.8,2.2611777535441657,0.8816793893129771,0.8236800000000001,0.0,0.0
2025,15,2025_15_WAS_NYG,Washington Commanders,Noah Brown,WR,00-0033591,1.0,0.0,0.0,0.0,0.0,0.0,0.0,0.0,3.87,2.12,19.6,0.25,0.2219,64.0,32.95,28.8,217.5,123.8,2.2611777535441657,0.8816793893129771,0.8236800000000001,1.0,1.0
2025,15,2025_15_WAS_NYG,Washington Commanders,Braylon Sanders,WR,00-0037355,1.0,0.0,0.0,0.0,0.0,0.0,0.0,0.0,0.0,0.0,0.0,0.0,0.0,64.0,32.95,28.8,217.5,123.8,2.2611777535441657,0.8816793893129771,0.8236800000000001,0.0,0.0
2025,15,2025_15_WAS_NYG,Washington Commanders,Jaylin Lane,WR,00-0040164,1.0,0.0,0.0,0.0,0.0,0.0,0.0,0.0,0.0,0.0,0.0,0.0,0.0,64.0,32.95,28.8,217.5,123.8,2.2611777535441657,0.8816793893129771,0.8236800000000001,1.0,1.0
2025,15,2025_15_WAS_NYG,Washington Commanders,Treylon Burks,WR,00-0037742,1.0,0.0,0.0,0.0,0.0,0.0,0.0,0.0,0.0,0.0,0.0,0.0,0.0,64.0,32.95,28.8,217.5,123.8,2.2611777535441657,0.8816793893129771,0.8236800000000001,1.0,1.0
