season,week,date,game_id,team,player,position,player_id_x,is_active,pass_attempts,pass_yards,pass_tds,interceptions,rush_attempts,rush_yards,rush_tds,targets,receptions,rec_yards,rec_tds,any_td_prob,team_plays,team_pass_attempts,team_rush_attempts,team_pass_yards,team_rush_yards,team_exp_pass_tds,team_exp_rush_tds,team_exp_int,is_active_pid,is_active_nm,_name_norm,_name_norm_loose,_alias_init_last,team_norm,player_id_y,pass_attempts_act,pass_yards_act,pass_tds_act,interceptions_act,rush_attempts_act,rush_yards_act,rush_tds_act,targets_act,receptions_act,rec_yards_act,rec_tds_act,player_act,team_act,match_strategy,pass_attempts_err,pass_yards_err,pass_tds_err,interceptions_err,rush_attempts_err,rush_yards_err,rush_tds_err,targets_err,receptions_err,rec_yards_err,rec_tds_err
2025,19,0.0,2025_19_BUF_JAX,Buffalo Bills,Josh Allen,QB,00-0034857,1.0,28.96,196.1,1.89,0.65,12.04,42.1,0.51,0.0,0.0,0.0,0.0,0.3983,72.0,30.52,39.55,231.7,195.6,2.302394721866236,1.5300225006017203,0.76305087165234,1.0,1.0,josh allen,joshallen,jallen,Buffalo Bills,00-0034857,39.0,273.0,1.0,0.0,6.0,20.0,2.0,0.0,0.0,0.0,0.0,J.Allen,BUF,team_norm & _alias_init_last,-10.04,-76.9,0.8899999999999999,0.65,6.039999999999999,22.1,-1.49,0.0,0.0,0.0,0.0
2025,19,0.0,2025_19_BUF_JAX,Buffalo Bills,James Cook III,RB,,1.0,0.0,0.0,0.0,0.0,17.68,95.3,0.83,3.91,2.82,30.0,0.3,0.6769,72.0,30.52,39.55,231.7,195.6,2.302394721866236,1.5300225006017203,0.76305087165234,0.0,0.0,james cook iii,jamescookiii,jcook,Buffalo Bills,00-0037248,0.0,0.0,0.0,0.0,16.0,46.0,0.0,3.0,2.0,5.0,0.0,J.Cook,BUF,team_norm & _alias_init_last,0.0,0.0,0.0,0.0,1.6799999999999997,49.3,0.83,0.9100000000000001,0.8199999999999998,25.0,0.3
2025,19,0.0,2025_19_BUF_JAX,Buffalo Bills,Ty Johnson,RB,00-0035537,1.0,0.0,0.0,0.0,0.0,9.82,44.5,0.31,2.44,1.57,14.2,0.18,0.386,72.0,30.52,39.55,231.7,195.6,2.302394721866236,1.5300225006017203,0.76305087165234,0.0,0.0,ty johnson,tyjohnson,tjohnson,Buffalo Bills,00-0034376,,,,,,,,,,,,,,,,,,,,,,,,,
2025,19,0.0,2025_19_BUF_JAX,Buffalo Bills,Frank Gore Jr.,RB,00-0039471,1.0,0.0,0.0,0.0,0.0,0.0,0.0,0.0,0.0,0.0,0.0,0.0,0.0,72.0,30.52,39.55,231.7,195.6,2.302394721866236,1.5300225006017203,0.76305087165234,1.0,1.0,frank gore jr.,frankgorejr,fgore,Buffalo Bills,00-0039471,0.0,0.0,0.0,0.0,0.0,0.0,0.0,1.0,1.0,6.0,0.0,F.Gore,BUF,team_norm & _alias_init_last,0.0,0.0,0.0,0.0,0.0,0.0,0.0,-1.0,-1.0,-6.0,0.0
2025,19,0.0,2025_19_BUF_JAX,Buffalo Bills,Ray Davis,RB,00-0039875,1.0,0.0,0.0,0.0,0.0,0.0,0.0,0.0,0.0,0.0,0.0,0.0,0.0,72.0,30.52,39.55,231.7,195.6,2.302394721866236,1.5300225006017203,0.76305087165234,1.0,1.0,ray davis,raydavis,rdavis,Buffalo Bills,00-0039875,,,,,,,,,,,,,,,,,,,,,,,,,
2025,19,0.0,2025_19_BUF_JAX,Buffalo Bills,Dalton Kincaid,TE,00-0038933,1.0,0.0,0.0,0.0,0.0,0.0,0.0,0.0,5.4,3.36,27.5,0.37,0.3066,72.0,30.52,39.55,231.7,195.6,2.302394721866236,1.5300225006017203,0.76305087165234,1.0,1.0,dalton kincaid,daltonkincaid,dkincaid,Buffalo Bills,00-0038933,0.0,0.0,0.0,0.0,0.0,0.0,0.0,5.0,3.0,28.0,1.0,D.Kincaid,BUF,team_norm & _alias_init_last,0.0,0.0,0.0,0.0,0.0,0.0,0.0,0.40000000000000036,0.3599999999999999,-0.5,-0.63
2025,19,0.0,2025_19_BUF_JAX,Buffalo Bills,Dawson Knox,TE,00-0035689,1.0,0.0,0.0,0.0,0.0,0.0,0.0,0.0,2.79,1.73,14.0,0.21,0.1865,72.0,30.52,39.55,231.7,195.6,2.302394721866236,1.5300225006017203,0.76305087165234,1.0,1.0,dawson knox,dawsonknox,dknox,Buffalo Bills,00-0035689,0.0,0.0,0.0,0.0,0.0,0.0,0.0,3.0,3.0,30.0,0.0,D.Knox,BUF,team_norm & _alias_init_last,0.0,0.0,0.0,0.0,0.0,0.0,0.0,-0.20999999999999996,-1.27,-16.0,0.21
2025,19,0.0,2025_19_BUF_JAX,Buffalo Bills,Jackson Hawes,TE,00-0040194,1.0,0.0,0.0,0.0,0.0,0.0,0.0,0.0,0.0,0.0,0.0,0.0,0.0,72.0,30.52,39.55,231.7,195.6,2.302394721866236,1.5300225006017203,0.76305087165234,1.0,1.0,jackson hawes,jacksonhawes,jhawes,Buffalo Bills,00-0040194,,,,,,,,,,,,,,,,,,,,,,,,,
2025,19,0.0,2025_19_BUF_JAX,Buffalo Bills,Khalil Shakir,WR,00-0037261,1.0,0.0,0.0,0.0,0.0,0.0,0.0,0.0,7.08,5.14,40.6,0.5,0.3922,72.0,30.52,39.55,231.7,195.6,2.302394721866236,1.5300225006017203,0.76305087165234,1.0,1.0,khalil shakir,khalilshakir,kshakir,Buffalo Bills,00-0037261,0.0,0.0,0.0,0.0,0.0,0.0,0.0,12.0,12.0,82.0,0.0,K.Shakir,BUF,team_norm & _alias_init_last,0.0,0.0,0.0,0.0,0.0,0.0,0.0,-4.92,-6.86,-41.4,0.5
2025,19,0.0,2025_19_BUF_JAX,Buffalo Bills,Brandin Cooks,WR,00-0031236,1.0,0.0,0.0,0.0,0.0,0.0,0.0,0.0,5.33,3.17,31.2,0.37,0.312,72.0,30.52,39.55,231.7,195.6,2.302394721866236,1.5300225006017203,0.76305087165234,1.0,1.0,brandin cooks,brandincooks,bcooks,Buffalo Bills,00-0031236,0.0,0.0,0.0,0.0,0.0,0.0,0.0,5.0,3.0,58.0,0.0,B.Cooks,BUF,team_norm & _alias_init_last,0.0,0.0,0.0,0.0,0.0,0.0,0.0,0.33000000000000007,0.16999999999999993,-26.8,0.37
2025,19,0.0,2025_19_BUF_JAX,Buffalo Bills,Keon Coleman,WR,00-0039901,1.0,0.0,0.0,0.0,0.0,0.0,0.0,0.0,3.56,1.76,20.4,0.27,0.2349,72.0,30.52,39.55,231.7,195.6,2.302394721866236,1.5300225006017203,0.76305087165234,1.0,1.0,keon coleman,keoncoleman,kcoleman,Buffalo Bills,00-0039901,0.0,0.0,0.0,0.0,0.0,0.0,0.0,1.0,1.0,36.0,0.0,K.Coleman,BUF,team_norm & _alias_init_last,0.0,0.0,0.0,0.0,0.0,0.0,0.0,2.56,0.76,-15.600000000000001,0.27
2025,19,0.0,2025_19_BUF_JAX,Buffalo Bills,David White,WR,00-0039562,1.0,0.0,0.0,0.0,0.0,0.0,0.0,0.0,0.0,0.0,0.0,0.0,0.0,72.0,30.52,39.55,231.7,195.6,2.302394721866236,1.5300225006017203,0.76305087165234,1.0,1.0,david white,davidwhite,dwhite,Buffalo Bills,00-0039562,,,,,,,,,,,,,,,,,,,,,,,,,
2025,19,0.0,2025_19_BUF_JAX,Jacksonville Jaguars,Trevor Lawrence,QB,00-0036971,1.0,38.3,255.6,1.86,0.96,3.57,12.9,0.11,0.0,0.0,0.0,0.0,0.1048,72.0,45.28,23.59,343.7,116.6,2.527051128333848,0.6369246713206564,1.1319172241252298,1.0,1.0,trevor lawrence,trevorlawrence,tlawrence,Jacksonville Jaguars,00-0036971,34.0,207.0,3.0,2.0,4.0,3.0,0.0,0.0,0.0,0.0,0.0,T.Lawrence,JAX,team_norm & _alias_init_last,4.299999999999997,48.599999999999994,-1.14,-1.04,-0.43000000000000016,9.9,0.11,0.0,0.0,0.0,0.0
2025,19,0.0,2025_19_BUF_JAX,Jacksonville Jaguars,Travis Etienne Jr.,RB,,1.0,0.0,0.0,0.0,0.0,12.87,72.3,0.4,5.98,4.27,43.8,0.33,0.521,72.0,45.28,23.59,343.7,116.6,2.527051128333848,0.6369246713206564,1.1319172241252298,0.0,0.0,travis etienne jr.,travisetiennejr,tetienne,Jacksonville Jaguars,00-0036973,0.0,0.0,0.0,0.0,10.0,67.0,0.0,5.0,5.0,49.0,1.0,T.Etienne,JAX,team_norm & _alias_init_last,0.0,0.0,0.0,0.0,2.869999999999999,5.299999999999997,0.4,0.9800000000000004,-0.7300000000000004,-5.200000000000003,-0.6699999999999999
2025,19,0.0,2025_19_BUF_JAX,Jacksonville Jaguars,Bhayshul Tuten,RB,00-0040719,1.0,0.0,0.0,0.0,0.0,7.15,31.0,0.16,3.72,2.73,24.1,0.21,0.3094,72.0,45.28,23.59,343.7,116.6,2.527051128333848,0.6369246713206564,1.1319172241252298,1.0,1.0,bhayshul tuten,bhayshultuten,btuten,Jacksonville Jaguars,00-0040719,0.0,0.0,0.0,0.0,4.0,51.0,0.0,0.0,0.0,0.0,0.0,B.Tuten,JAX,team_norm & _alias_init_last,0.0,0.0,0.0,0.0,3.1500000000000004,-20.0,0.16,3.72,2.73,24.1,0.21
2025,19,0.0,2025_19_BUF_JAX,Jacksonville Jaguars,LeQuint Allen Jr.,RB,00-0040238,1.0,0.0,0.0,0.0,0.0,0.0,0.0,0.0,0.0,0.0,0.0,0.0,0.0,72.0,45.28,23.59,343.7,116.6,2.527051128333848,0.6369246713206564,1.1319172241252298,1.0,1.0,lequint allen jr.,lequintallenjr,lallen,Jacksonville Jaguars,00-0040238,0.0,0.0,0.0,0.0,1.0,3.0,0.0,1.0,1.0,9.0,0.0,L.Allen,JAX,team_norm & _alias_init_last,0.0,0.0,0.0,0.0,-1.0,-3.0,0.0,-1.0,-1.0,-9.0,0.0
2025,19,0.0,2025_19_BUF_JAX,Jacksonville Jaguars,Brenton Strange,TE,00-0038935,1.0,0.0,0.0,0.0,0.0,0.0,0.0,0.0,7.72,4.78,42.4,0.4,0.3327,72.0,45.28,23.59,343.7,116.6,2.527051128333848,0.6369246713206564,1.1319172241252298,1.0,1.0,brenton strange,brentonstrange,bstrange,Jacksonville Jaguars,00-0038935,0.0,0.0,0.0,0.0,0.0,0.0,0.0,6.0,2.0,9.0,0.0,B.Strange,JAX,team_norm & _alias_init_last,0.0,0.0,0.0,0.0,0.0,0.0,0.0,1.7199999999999998,2.7800000000000002,33.4,0.4
2025,19,0.0,2025_19_BUF_JAX,Jacksonville Jaguars,Johnny Mundt,TE,00-0033246,1.0,0.0,0.0,0.0,0.0,0.0,0.0,0.0,3.99,2.46,21.2,0.21,0.1869,72.0,45.28,23.59,343.7,116.6,2.527051128333848,0.6369246713206564,1.1319172241252298,1.0,1.0,johnny mundt,johnnymundt,jmundt,Jacksonville Jaguars,00-0033246,,,,,,,,,,,,,,,,,,,,,,,,,
2025,19,0.0,2025_19_BUF_JAX,Jacksonville Jaguars,Hunter Long,TE,00-0037004,1.0,0.0,0.0,0.0,0.0,0.0,0.0,0.0,0.0,0.0,0.0,0.0,0.0,72.0,45.28,23.59,343.7,116.6,2.527051128333848,0.6369246713206564,1.1319172241252298,0.0,0.0,hunter long,hunterlong,hlong,Jacksonville Jaguars,00-0037004,,,,,,,,,,,,,,,,,,,,,,,,,
2025,19,0.0,2025_19_BUF_JAX,Jacksonville Jaguars,John Copenhaver,TE,00-0040327,1.0,0.0,0.0,0.0,0.0,0.0,0.0,0.0,0.0,0.0,0.0,0.0,0.0,72.0,45.28,23.59,343.7,116.6,2.527051128333848,0.6369246713206564,1.1319172241252298,0.0,0.0,john copenhaver,johncopenhaver,jcopenhaver,Jacksonville Jaguars,00-0040327,,,,,,,,,,,,,,,,,,,,,,,,,
2025,19,0.0,2025_19_BUF_JAX,Jacksonville Jaguars,Quintin Morris,TE,00-0036590,1.0,0.0,0.0,0.0,0.0,0.0,0.0,0.0,0.0,0.0,0.0,0.0,0.0,72.0,45.28,23.59,343.7,116.6,2.527051128333848,0.6369246713206564,1.1319172241252298,1.0,1.0,quintin morris,quintinmorris,qmorris,Jacksonville Jaguars,00-0036590,,,,,,,,,,,,,,,,,,,,,,,,,
2025,19,0.0,2025_19_BUF_JAX,Jacksonville Jaguars,Brian Thomas Jr.,WR,00-0039893,1.0,0.0,0.0,0.0,0.0,0.0,0.0,0.0,10.53,5.96,63.9,0.54,0.4201,72.0,45.28,23.59,343.7,116.6,2.527051128333848,0.6369246713206564,1.1319172241252298,1.0,1.0,brian thomas jr.,brianthomasjr,bthomas,Jacksonville Jaguars,00-0039893,0.0,0.0,0.0,0.0,0.0,0.0,0.0,2.0,2.0,21.0,1.0,B.Thomas,JAX,team_norm & _alias_init_last,0.0,0.0,0.0,0.0,0.0,0.0,0.0,8.53,3.96,42.9,-0.45999999999999996
2025,19,0.0,2025_19_BUF_JAX,Jacksonville Jaguars,Jakobi Meyers,WR,00-0034960,1.0,0.0,0.0,0.0,0.0,0.0,0.0,0.0,7.93,5.17,45.8,0.42,0.3414,72.0,45.28,23.59,343.7,116.6,2.527051128333848,0.6369246713206564,1.1319172241252298,1.0,1.0,jakobi meyers,jakobimeyers,jmeyers,Jacksonville Jaguars,00-0034960,0.0,0.0,0.0,0.0,0.0,0.0,0.0,4.0,1.0,12.0,0.0,J.Meyers,JAX,team_norm & _alias_init_last,0.0,0.0,0.0,0.0,0.0,0.0,0.0,3.9299999999999997,4.17,33.8,0.42
2025,19,0.0,2025_19_BUF_JAX,Jacksonville Jaguars,Parker Washington,WR,00-0038606,1.0,0.0,0.0,0.0,0.0,0.0,0.0,0.0,5.29,3.27,32.2,0.29,0.2502,72.0,45.28,23.59,343.7,116.6,2.527051128333848,0.6369246713206564,1.1319172241252298,1.0,1.0,parker washington,parkerwashington,pwashington,Jacksonville Jaguars,,0.0,0.0,0.0,0.0,2.0,2.0,0.0,12.0,7.0,107.0,1.0,P.Washington,JAX,team_norm & _alias_init_last,0.0,0.0,0.0,0.0,-2.0,-2.0,0.0,-6.71,-3.73,-74.8,-0.71
2025,19,0.0,2025_19_BUF_JAX,Jacksonville Jaguars,Austin Trammell,WR,00-0036841,1.0,0.0,0.0,0.0,0.0,0.0,0.0,0.0,0.0,0.0,0.0,0.0,0.0,72.0,45.28,23.59,343.7,116.6,2.527051128333848,0.6369246713206564,1.1319172241252298,0.0,0.0,austin trammell,austintrammell,atrammell,Jacksonville Jaguars,00-0036841,,,,,,,,,,,,,,,,,,,,,,,,,
2025,19,0.0,2025_19_BUF_JAX,Jacksonville Jaguars,Cam Camper,WR,00-0040324,1.0,0.0,0.0,0.0,0.0,0.0,0.0,0.0,0.0,0.0,0.0,0.0,0.0,72.0,45.28,23.59,343.7,116.6,2.527051128333848,0.6369246713206564,1.1319172241252298,0.0,0.0,cam camper,camcamper,ccamper,Jacksonville Jaguars,00-0040324,,,,,,,,,,,,,,,,,,,,,,,,,
2025,19,0.0,2025_19_BUF_JAX,Jacksonville Jaguars,Tim Jones,WR,00-0036497,1.0,0.0,0.0,0.0,0.0,0.0,0.0,0.0,0.0,0.0,0.0,0.0,0.0,72.0,45.28,23.59,343.7,116.6,2.527051128333848,0.6369246713206564,1.1319172241252298,1.0,1.0,tim jones,timjones,tjones,Jacksonville Jaguars,00-0036497,,,,,,,,,,,,,,,,,,,,,,,,,
2025,19,0.0,2025_19_BUF_JAX,Jacksonville Jaguars,Tim Patrick,WR,00-0033375,1.0,0.0,0.0,0.0,0.0,0.0,0.0,0.0,0.0,0.0,0.0,0.0,0.0,72.0,45.28,23.59,343.7,116.6,2.527051128333848,0.6369246713206564,1.1319172241252298,1.0,1.0,tim patrick,timpatrick,tpatrick,Jacksonville Jaguars,00-0033375,0.0,0.0,0.0,0.0,0.0,0.0,0.0,1.0,0.0,0.0,0.0,T.Patrick,JAX,team_norm & _alias_init_last,0.0,0.0,0.0,0.0,0.0,0.0,0.0,-1.0,0.0,0.0,0.0
2025,19,0.0,2025_19_GB_CHI,Chicago Bears,Caleb Williams,QB,00-0039918,1.0,33.56,197.7,2.23,0.76,4.55,15.3,0.23,0.0,0.0,0.0,0.0,0.2031,56.39,35.87,18.46,237.2,79.5,3.1942022578706326,0.8713029952768525,0.8967753134122382,1.0,1.0,caleb williams,calebwilliams,cwilliams,Chicago Bears,00-0035857,53.0,361.0,2.0,2.0,1.0,1.0,0.0,0.0,0.0,0.0,0.0,C.Williams,CHI,team_norm & _alias_init_last,-19.439999999999998,-163.3,0.22999999999999998,-1.24,3.55,14.3,0.23,0.0,0.0,0.0,0.0
2025,19,0.0,2025_19_GB_CHI,Chicago Bears,D'Andre Swift,RB,00-0036275,1.0,0.0,0.0,0.0,0.0,8.94,33.7,0.51,4.7,3.47,21.0,0.41,0.6035,56.39,35.87,18.46,237.2,79.5,3.1942022578706326,0.8713029952768525,0.8967753134122382,1.0,1.0,d'andre swift,dandreswift,dswift,Chicago Bears,00-0036275,0.0,0.0,0.0,0.0,13.0,54.0,1.0,2.0,2.0,38.0,0.0,D.Swift,CHI,team_norm & _alias_init_last,0.0,0.0,0.0,0.0,-4.0600000000000005,-20.299999999999997,-0.49,2.7,1.4700000000000002,-17.0,0.41
2025,19,0.0,2025_19_GB_CHI,Chicago Bears,Kyle Monangai,RB,00-0040236,1.0,0.0,0.0,0.0,0.0,4.97,18.4,0.19,2.92,1.83,14.6,0.26,0.3615,56.39,35.87,18.46,237.2,79.5,3.1942022578706326,0.8713029952768525,0.8967753134122382,1.0,1.0,kyle monangai,kylemonangai,kmonangai,Chicago Bears,00-0040236,0.0,0.0,0.0,0.0,8.0,27.0,0.0,3.0,1.0,22.0,0.0,K.Monangai,CHI,team_norm & _alias_init_last,0.0,0.0,0.0,0.0,-3.0300000000000002,-8.600000000000001,0.19,-0.08000000000000007,0.8300000000000001,-7.4,0.26
2025,19,0.0,2025_19_GB_CHI,Chicago Bears,Travis Homer,RB,00-0035594,1.0,0.0,0.0,0.0,0.0,0.0,0.0,0.0,0.0,0.0,0.0,0.0,0.0,56.39,35.87,18.46,237.2,79.5,3.1942022578706326,0.8713029952768525,0.8967753134122382,1.0,1.0,travis homer,travishomer,thomer,Chicago Bears,00-0035594,,,,,,,,,,,,,,,,,,,,,,,,,
2025,19,0.0,2025_19_GB_CHI,Chicago Bears,Colston Loveland,TE,00-0040126,1.0,0.0,0.0,0.0,0.0,0.0,0.0,0.0,6.38,3.94,31.8,0.54,0.4178,56.39,35.87,18.46,237.2,79.5,3.1942022578706326,0.8713029952768525,0.8967753134122382,1.0,1.0,colston loveland,colstonloveland,cloveland,Chicago Bears,00-0040126,0.0,0.0,0.0,0.0,0.0,0.0,0.0,16.0,8.0,137.0,0.0,C.Loveland,CHI,team_norm & _alias_init_last,0.0,0.0,0.0,0.0,0.0,0.0,0.0,-9.620000000000001,-4.0600000000000005,-105.2,0.54
2025,19,0.0,2025_19_GB_CHI,Chicago Bears,Cole Kmet,TE,00-0036290,1.0,0.0,0.0,0.0,0.0,0.0,0.0,0.0,3.3,2.21,14.0,0.27,0.2399,56.39,35.87,18.46,237.2,79.5,3.1942022578706326,0.8713029952768525,0.8967753134122382,1.0,1.0,cole kmet,colekmet,ckmet,Chicago Bears,00-0036290,1.0,0.0,0.0,0.0,0.0,0.0,0.0,2.0,0.0,0.0,0.0,C.Kmet,CHI,team_norm & _alias_init_last,-1.0,0.0,0.0,0.0,0.0,0.0,0.0,1.2999999999999998,2.21,14.0,0.27
2025,19,0.0,2025_19_GB_CHI,Chicago Bears,Durham Smythe,TE,00-0034798,1.0,0.0,0.0,0.0,0.0,0.0,0.0,0.0,0.0,0.0,0.0,0.0,0.0,56.39,35.87,18.46,237.2,79.5,3.1942022578706326,0.8713029952768525,0.8967753134122382,1.0,1.0,durham smythe,durhamsmythe,dsmythe,Chicago Bears,00-0034798,0.0,0.0,0.0,0.0,0.0,0.0,0.0,2.0,1.0,6.0,0.0,D.Smythe,CHI,team_norm & _alias_init_last,0.0,0.0,0.0,0.0,0.0,0.0,0.0,-2.0,-1.0,-6.0,0.0
2025,19,0.0,2025_19_GB_CHI,Chicago Bears,Nikola Kalinic,TE,00-0037031,1.0,0.0,0.0,0.0,0.0,0.0,0.0,0.0,0.0,0.0,0.0,0.0,0.0,56.39,35.87,18.46,237.2,79.5,3.1942022578706326,0.8713029952768525,0.8967753134122382,1.0,1.0,nikola kalinic,nikolakalinic,nkalinic,Chicago Bears,00-0037031,,,,,,,,,,,,,,,,,,,,,,,,,
2025,19,0.0,2025_19_GB_CHI,Chicago Bears,Rome Odunze,WR,00-0039919,1.0,0.0,0.0,0.0,0.0,0.0,0.0,0.0,8.15,4.14,46.6,0.7,0.5047,56.39,35.87,18.46,237.2,79.5,3.1942022578706326,0.8713029952768525,0.8967753134122382,1.0,1.0,rome odunze,romeodunze,rodunze,Chicago Bears,00-0039919,0.0,0.0,0.0,0.0,0.0,0.0,0.0,6.0,2.0,44.0,0.0,R.Odunze,CHI,team_norm & _alias_init_last,0.0,0.0,0.0,0.0,0.0,0.0,0.0,2.1500000000000004,2.1399999999999997,2.6000000000000014,0.7
2025,19,0.0,2025_19_GB_CHI,Chicago Bears,DJ Moore,WR,00-0034827,1.0,0.0,0.0,0.0,0.0,0.0,0.0,0.0,6.13,3.71,30.4,0.5,0.3962,56.39,35.87,18.46,237.2,79.5,3.1942022578706326,0.8713029952768525,0.8967753134122382,1.0,1.0,dj moore,djmoore,dmoore,Chicago Bears,00-0034827,0.0,0.0,0.0,0.0,1.0,-5.0,0.0,7.0,6.0,64.0,1.0,D.Moore,CHI,team_norm & _alias_init_last,0.0,0.0,0.0,0.0,-1.0,5.0,0.0,-0.8700000000000001,-2.29,-33.6,-0.5
2025,19,0.0,2025_19_GB_CHI,Chicago Bears,Luther Burden III,WR,00-0040735,1.0,0.0,0.0,0.0,0.0,0.0,0.0,0.0,4.09,2.78,24.0,0.33,0.2841,56.39,35.87,18.46,237.2,79.5,3.1942022578706326,0.8713029952768525,0.8967753134122382,1.0,1.0,luther burden iii,lutherburdeniii,lburden,Chicago Bears,00-0040735,0.0,0.0,0.0,0.0,1.0,-4.0,0.0,7.0,3.0,42.0,0.0,L.Burden,CHI,team_norm & _alias_init_last,0.0,0.0,0.0,0.0,-1.0,4.0,0.0,-2.91,-0.2200000000000002,-18.0,0.33
2025,19,0.0,2025_19_GB_CHI,Chicago Bears,Devin Duvernay,WR,00-0036331,1.0,0.0,0.0,0.0,0.0,0.0,0.0,0.0,0.0,0.0,0.0,0.0,0.0,56.39,35.87,18.46,237.2,79.5,3.1942022578706326,0.8713029952768525,0.8967753134122382,1.0,1.0,devin duvernay,devinduvernay,dduvernay,Chicago Bears,00-0036331,,,,,,,,,,,,,,,,,,,,,,,,,
2025,19,0.0,2025_19_GB_CHI,Chicago Bears,Olamide Zaccheaus,WR,00-0035208,1.0,0.0,0.0,0.0,0.0,0.0,0.0,0.0,0.0,0.0,0.0,0.0,0.0,56.39,35.87,18.46,237.2,79.5,3.1942022578706326,0.8713029952768525,0.8967753134122382,1.0,1.0,olamide zaccheaus,olamidezaccheaus,ozaccheaus,Chicago Bears,00-0035208,0.0,0.0,0.0,0.0,0.0,0.0,0.0,2.0,1.0,8.0,1.0,O.Zaccheaus,CHI,team_norm & _alias_init_last,0.0,0.0,0.0,0.0,0.0,0.0,0.0,-2.0,-1.0,-8.0,-1.0
2025,19,0.0,2025_19_GB_CHI,Green Bay Packers,Jordan Love,QB,00-0036264,1.0,27.48,155.7,1.29,0.6,3.79,10.6,0.13,0.0,0.0,0.0,0.0,0.1237,67.02,28.38,36.86,159.2,134.7,1.2688718457305472,1.2238482800339905,0.7095640588487298,1.0,1.0,jordan love,jordanlove,jlove,Green Bay Packers,00-0036264,48.0,323.0,4.0,0.0,0.0,0.0,0.0,0.0,0.0,0.0,0.0,J.Love,GB,team_norm & _alias_init_last,-20.52,-167.3,-2.71,0.6,3.79,10.6,0.13,0.0,0.0,0.0,0.0
2025,19,0.0,2025_19_GB_CHI,Green Bay Packers,Josh Jacobs,RB,00-0035700,1.0,0.0,0.0,0.0,0.0,21.26,66.3,0.86,3.69,2.85,14.6,0.16,0.6416,67.02,28.38,36.86,159.2,134.7,1.2688718457305472,1.2238482800339905,0.7095640588487298,1.0,1.0,josh jacobs,joshjacobs,jjacobs,Green Bay Packers,00-0035700,0.0,0.0,0.0,0.0,20.0,55.0,0.0,3.0,1.0,3.0,0.0,J.Jacobs,GB,team_norm & _alias_init_last,0.0,0.0,0.0,0.0,1.2600000000000016,11.299999999999997,0.86,0.69,1.85,11.6,0.16
2025,19,0.0,2025_19_GB_CHI,Green Bay Packers,Emanuel Wilson,RB,00-0038797,1.0,0.0,0.0,0.0,0.0,11.81,38.2,0.31,2.3,1.71,10.7,0.1,0.3403,67.02,28.38,36.86,159.2,134.7,1.2688718457305472,1.2238482800339905,0.7095640588487298,1.0,1.0,emanuel wilson,emanuelwilson,ewilson,Green Bay Packers,00-0038797,0.0,0.0,0.0,0.0,1.0,3.0,0.0,0.0,0.0,0.0,0.0,E.Wilson,GB,team_norm & _alias_init_last,0.0,0.0,0.0,0.0,10.81,35.2,0.31,2.3,1.71,10.7,0.1
2025,19,0.0,2025_19_GB_CHI,Green Bay Packers,Chris Brooks,RB,00-0038685,1.0,0.0,0.0,0.0,0.0,0.0,0.0,0.0,0.0,0.0,0.0,0.0,0.0,67.02,28.38,36.86,159.2,134.7,1.2688718457305472,1.2238482800339905,0.7095640588487298,1.0,1.0,chris brooks,chrisbrooks,cbrooks,Green Bay Packers,00-0038685,0.0,0.0,0.0,0.0,1.0,16.0,0.0,1.0,1.0,11.0,0.0,C.Brooks,GB,team_norm & _alias_init_last,0.0,0.0,0.0,0.0,-1.0,-16.0,0.0,-1.0,-1.0,-11.0,0.0
2025,19,0.0,2025_19_GB_CHI,Green Bay Packers,Luke Musgrave,TE,00-0039144,1.0,0.0,0.0,0.0,0.0,0.0,0.0,0.0,5.03,3.21,21.2,0.2,0.1829,67.02,28.38,36.86,159.2,134.7,1.2688718457305472,1.2238482800339905,0.7095640588487298,1.0,1.0,luke musgrave,lukemusgrave,lmusgrave,Green Bay Packers,00-0039144,0.0,0.0,0.0,0.0,0.0,0.0,0.0,2.0,1.0,9.0,0.0,L.Musgrave,GB,team_norm & _alias_init_last,0.0,0.0,0.0,0.0,0.0,0.0,0.0,3.0300000000000002,2.21,12.2,0.2
2025,19,0.0,2025_19_GB_CHI,Green Bay Packers,Josh Whyle,TE,00-0038589,1.0,0.0,0.0,0.0,0.0,0.0,0.0,0.0,2.6,1.71,11.5,0.11,0.1059,67.02,28.38,36.86,159.2,134.7,1.2688718457305472,1.2238482800339905,0.7095640588487298,1.0,1.0,josh whyle,joshwhyle,jwhyle,Green Bay Packers,00-0038589,0.0,0.0,0.0,0.0,0.0,0.0,0.0,1.0,1.0,7.0,0.0,J.Whyle,GB,team_norm & _alias_init_last,0.0,0.0,0.0,0.0,0.0,0.0,0.0,1.6,0.71,4.5,0.11
2025,19,0.0,2025_19_GB_CHI,Green Bay Packers,Drake Dabney,TE,00-0040628,1.0,0.0,0.0,0.0,0.0,0.0,0.0,0.0,0.0,0.0,0.0,0.0,0.0,67.02,28.38,36.86,159.2,134.7,1.2688718457305472,1.2238482800339905,0.7095640588487298,0.0,0.0,drake dabney,drakedabney,ddabney,Green Bay Packers,00-0040628,,,,,,,,,,,,,,,,,,,,,,,,,
2025,19,0.0,2025_19_GB_CHI,Green Bay Packers,Johnny Lumpkin,TE,00-0038913,1.0,0.0,0.0,0.0,0.0,0.0,0.0,0.0,0.0,0.0,0.0,0.0,0.0,67.02,28.38,36.86,159.2,134.7,1.2688718457305472,1.2238482800339905,0.7095640588487298,0.0,0.0,johnny lumpkin,johnnylumpkin,jlumpkin,Green Bay Packers,00-0038913,,,,,,,,,,,,,,,,,,,,,,,,,
2025,19,0.0,2025_19_GB_CHI,Green Bay Packers,Christian Watson,WR,00-0038124,1.0,0.0,0.0,0.0,0.0,0.0,0.0,0.0,6.5,3.77,32.1,0.29,0.2491,67.02,28.38,36.86,159.2,134.7,1.2688718457305472,1.2238482800339905,0.7095640588487298,1.0,1.0,christian watson,christianwatson,cwatson,Green Bay Packers,00-0038124,0.0,0.0,0.0,0.0,0.0,0.0,0.0,7.0,3.0,36.0,1.0,C.Watson,GB,team_norm & _alias_init_last,0.0,0.0,0.0,0.0,0.0,0.0,0.0,-0.5,0.77,-3.8999999999999986,-0.71
2025,19,0.0,2025_19_GB_CHI,Green Bay Packers,Romeo Doubs,WR,00-0037816,1.0,0.0,0.0,0.0,0.0,0.0,0.0,0.0,4.9,2.99,22.2,0.21,0.1934,67.02,28.38,36.86,159.2,134.7,1.2688718457305472,1.2238482800339905,0.7095640588487298,1.0,1.0,romeo doubs,romeodoubs,rdoubs,Green Bay Packers,00-0037816,0.0,0.0,0.0,0.0,0.0,0.0,0.0,11.0,8.0,124.0,1.0,R.Doubs,GB,team_norm & _alias_init_last,0.0,0.0,0.0,0.0,0.0,0.0,0.0,-6.1,-5.01,-101.8,-0.79
2025,19,0.0,2025_19_GB_CHI,Green Bay Packers,Jayden Reed,WR,00-0039146,1.0,0.0,0.0,0.0,0.0,0.0,0.0,0.0,3.27,2.18,14.8,0.14,0.1326,67.02,28.38,36.86,159.2,134.7,1.2688718457305472,1.2238482800339905,0.7095640588487298,1.0,1.0,jayden reed,jaydenreed,jreed,Green Bay Packers,00-0039146,0.0,0.0,0.0,0.0,1.0,14.0,0.0,7.0,4.0,43.0,1.0,J.Reed,GB,team_norm & _alias_init_last,0.0,0.0,0.0,0.0,-1.0,-14.0,0.0,-3.73,-1.8199999999999998,-28.2,-0.86
2025,19,0.0,2025_19_GB_CHI,Green Bay Packers,Dontayvion Wicks,WR,00-0038393,1.0,0.0,0.0,0.0,0.0,0.0,0.0,0.0,0.0,0.0,0.0,0.0,0.0,67.02,28.38,36.86,159.2,134.7,1.2688718457305472,1.2238482800339905,0.7095640588487298,0.0,0.0,dontayvion wicks,dontayvionwicks,dwicks,Green Bay Packers,00-0038393,,,,,,,,,,,,,,,,,,,,,,,,,
2025,19,0.0,2025_19_GB_CHI,Green Bay Packers,Isaiah Neyor,WR,00-0040558,1.0,0.0,0.0,0.0,0.0,0.0,0.0,0.0,0.0,0.0,0.0,0.0,0.0,67.02,28.38,36.86,159.2,134.7,1.2688718457305472,1.2238482800339905,0.7095640588487298,1.0,1.0,isaiah neyor,isaiahneyor,ineyor,Green Bay Packers,00-0040558,,,,,,,,,,,,,,,,,,,,,,,,,
2025,19,0.0,2025_19_GB_CHI,Green Bay Packers,Matthew Golden,WR,00-0040667,1.0,0.0,0.0,0.0,0.0,0.0,0.0,0.0,0.0,0.0,0.0,0.0,0.0,67.02,28.38,36.86,159.2,134.7,1.2688718457305472,1.2238482800339905,0.7095640588487298,1.0,1.0,matthew golden,matthewgolden,mgolden,Green Bay Packers,00-0040667,0.0,0.0,0.0,0.0,0.0,0.0,0.0,5.0,4.0,84.0,1.0,M.Golden,GB,team_norm & _alias_init_last,0.0,0.0,0.0,0.0,0.0,0.0,0.0,-5.0,-4.0,-84.0,-1.0
2025,19,0.0,2025_19_HOU_PIT,Houston Texans,C.J. Stroud,QB,00-0039163,1.0,32.9,199.0,1.77,0.77,5.78,19.3,0.19,0.0,0.0,0.0,0.0,0.1743,72.0,36.33,33.31,233.5,139.5,2.261938777058176,1.043715035444534,0.9082812079139188,1.0,1.0,c.j. stroud,cjstroud,cstroud,Houston Texans,00-0039163,35.0,250.0,1.0,1.0,1.0,0.0,0.0,0.0,0.0,0.0,0.0,C.Stroud,HOU,team_norm & _alias_init_last,-2.1000000000000014,-51.0,0.77,-0.22999999999999998,4.78,19.3,0.19,0.0,0.0,0.0,0.0
2025,19,0.0,2025_19_HOU_PIT,Houston Texans,Woody Marks,RB,00-0040583,1.0,0.0,0.0,0.0,0.0,17.7,64.3,0.67,4.59,3.09,23.5,0.3,0.6188,72.0,36.33,33.31,233.5,139.5,2.261938777058176,1.043715035444534,0.9082812079139188,1.0,1.0,woody marks,woodymarks,wmarks,Houston Texans,,0.0,0.0,0.0,0.0,21.0,112.0,1.0,1.0,0.0,0.0,0.0,W.Marks,HOU,team_norm & _alias_init_last,0.0,0.0,0.0,0.0,-3.3000000000000007,-47.7,-0.32999999999999996,3.59,3.09,23.5,0.3
2025,19,0.0,2025_19_HOU_PIT,Houston Texans,Jawhar Jordan,RB,00-0039405,1.0,0.0,0.0,0.0,0.0,9.83,39.2,0.23,2.86,2.28,17.4,0.18,0.3327,72.0,36.33,33.31,233.5,139.5,2.261938777058176,1.043715035444534,0.9082812079139188,0.0,0.0,jawhar jordan,jawharjordan,jjordan,Houston Texans,00-0039405,,,,,,,,,,,,,,,,,,,,,,,,,
2025,19,0.0,2025_19_HOU_PIT,Houston Texans,Dare Ogunbowale,RB,00-0033854,1.0,0.0,0.0,0.0,0.0,0.0,0.0,0.0,0.0,0.0,0.0,0.0,0.0,72.0,36.33,33.31,233.5,139.5,2.261938777058176,1.043715035444534,0.9082812079139188,1.0,1.0,dare ogunbowale,dareogunbowale,dogunbowale,Houston Texans,,,,,,,,,,,,,,,,,,,,,,,,,,
2025,19,0.0,2025_19_HOU_PIT,Houston Texans,Nick Chubb,RB,00-0034791,1.0,0.0,0.0,0.0,0.0,0.0,0.0,0.0,0.0,0.0,0.0,0.0,0.0,72.0,36.33,33.31,233.5,139.5,2.261938777058176,1.043715035444534,0.9082812079139188,1.0,1.0,nick chubb,nickchubb,nchubb,Houston Texans,00-0034791,0.0,0.0,0.0,0.0,10.0,48.0,0.0,0.0,0.0,0.0,0.0,N.Chubb,HOU,team_norm & _alias_init_last,0.0,0.0,0.0,0.0,-10.0,-48.0,0.0,0.0,0.0,0.0,0.0
2025,19,0.0,2025_19_HOU_PIT,Houston Texans,Dalton Schultz,TE,00-0034383,1.0,0.0,0.0,0.0,0.0,0.0,0.0,0.0,6.5,3.98,29.4,0.36,0.3052,72.0,36.33,33.31,233.5,139.5,2.261938777058176,1.043715035444534,0.9082812079139188,1.0,1.0,dalton schultz,daltonschultz,dschultz,Houston Texans,00-0034383,0.0,0.0,0.0,0.0,0.0,0.0,0.0,4.0,3.0,12.0,0.0,D.Schultz,HOU,team_norm & _alias_init_last,0.0,0.0,0.0,0.0,0.0,0.0,0.0,2.5,0.98,17.4,0.36
2025,19,0.0,2025_19_HOU_PIT,Houston Texans,Cade Stover,TE,00-0039359,1.0,0.0,0.0,0.0,0.0,0.0,0.0,0.0,3.36,2.13,17.4,0.2,0.1797,72.0,36.33,33.31,233.5,139.5,2.261938777058176,1.043715035444534,0.9082812079139188,1.0,1.0,cade stover,cadestover,cstover,Houston Texans,00-0039359,0.0,0.0,0.0,0.0,1.0,4.0,0.0,2.0,2.0,13.0,0.0,C.Stover,HOU,team_norm & _alias_init_last,0.0,0.0,0.0,0.0,-1.0,-4.0,0.0,1.3599999999999999,0.1299999999999999,4.399999999999999,0.2
2025,19,0.0,2025_19_HOU_PIT,Houston Texans,Dalton Keene,TE,00-0036225,1.0,0.0,0.0,0.0,0.0,0.0,0.0,0.0,0.0,0.0,0.0,0.0,0.0,72.0,36.33,33.31,233.5,139.5,2.261938777058176,1.043715035444534,0.9082812079139188,0.0,0.0,dalton keene,daltonkeene,dkeene,Houston Texans,00-0036225,,,,,,,,,,,,,,,,,,,,,,,,,
2025,19,0.0,2025_19_HOU_PIT,Houston Texans,Harrison Bryant,TE,00-0036232,1.0,0.0,0.0,0.0,0.0,0.0,0.0,0.0,0.0,0.0,0.0,0.0,0.0,72.0,36.33,33.31,233.5,139.5,2.261938777058176,1.043715035444534,0.9082812079139188,1.0,1.0,harrison bryant,harrisonbryant,hbryant,Houston Texans,00-0036232,,,,,,,,,,,,,,,,,,,,,,,,,
2025,19,0.0,2025_19_HOU_PIT,Houston Texans,Nico Collins,WR,00-0036554,1.0,0.0,0.0,0.0,0.0,0.0,0.0,0.0,8.43,5.14,42.4,0.5,0.3919,72.0,36.33,33.31,233.5,139.5,2.261938777058176,1.043715035444534,0.9082812079139188,1.0,1.0,nico collins,nicocollins,ncollins,Houston Texans,00-0036554,0.0,0.0,0.0,0.0,0.0,0.0,0.0,7.0,3.0,21.0,0.0,N.Collins,HOU,team_norm & _alias_init_last,0.0,0.0,0.0,0.0,0.0,0.0,0.0,1.4299999999999997,2.1399999999999997,21.4,0.5
2025,19,0.0,2025_19_HOU_PIT,Houston Texans,Jayden Higgins,WR,00-0040130,1.0,0.0,0.0,0.0,0.0,0.0,0.0,0.0,6.35,3.79,38.1,0.38,0.3137,72.0,36.33,33.31,233.5,139.5,2.261938777058176,1.043715035444534,0.9082812079139188,1.0,1.0,jayden higgins,jaydenhiggins,jhiggins,Houston Texans,00-0040130,0.0,0.0,0.0,0.0,0.0,0.0,0.0,4.0,3.0,39.0,0.0,J.Higgins,HOU,team_norm & _alias_init_last,0.0,0.0,0.0,0.0,0.0,0.0,0.0,2.3499999999999996,0.79,-0.8999999999999986,0.38
2025,19,0.0,2025_19_HOU_PIT,Houston Texans,Christian Kirk,WR,00-0034775,1.0,0.0,0.0,0.0,0.0,0.0,0.0,0.0,4.23,2.57,20.5,0.25,0.2197,72.0,36.33,33.31,233.5,139.5,2.261938777058176,1.043715035444534,0.9082812079139188,1.0,1.0,christian kirk,christiankirk,ckirk,Houston Texans,00-0034775,0.0,0.0,0.0,0.0,0.0,0.0,0.0,9.0,8.0,144.0,1.0,C.Kirk,HOU,team_norm & _alias_init_last,0.0,0.0,0.0,0.0,0.0,0.0,0.0,-4.77,-5.43,-123.5,-0.75
2025,19,0.0,2025_19_HOU_PIT,Houston Texans,Braxton Berrios,WR,00-0034419,1.0,0.0,0.0,0.0,0.0,0.0,0.0,0.0,0.0,0.0,0.0,0.0,0.0,72.0,36.33,33.31,233.5,139.5,2.261938777058176,1.043715035444534,0.9082812079139188,0.0,0.0,braxton berrios,braxtonberrios,bberrios,Houston Texans,00-0034419,,,,,,,,,,,,,,,,,,,,,,,,,
2025,19,0.0,2025_19_HOU_PIT,Houston Texans,Daniel Jackson,WR,00-0040412,1.0,0.0,0.0,0.0,0.0,0.0,0.0,0.0,0.0,0.0,0.0,0.0,0.0,72.0,36.33,33.31,233.5,139.5,2.261938777058176,1.043715035444534,0.9082812079139188,0.0,0.0,daniel jackson,danieljackson,djackson,Houston Texans,00-0040412,,,,,,,,,,,,,,,,,,,,,,,,,
2025,19,0.0,2025_19_HOU_PIT,Houston Texans,Jaylin Noel,WR,00-0040138,1.0,0.0,0.0,0.0,0.0,0.0,0.0,0.0,0.0,0.0,0.0,0.0,0.0,72.0,36.33,33.31,233.5,139.5,2.261938777058176,1.043715035444534,0.9082812079139188,1.0,1.0,jaylin noel,jaylinnoel,jnoel,Houston Texans,00-0040138,0.0,0.0,0.0,0.0,0.0,0.0,0.0,1.0,0.0,0.0,0.0,J.Noel,HOU,team_norm & _alias_init_last,0.0,0.0,0.0,0.0,0.0,0.0,0.0,-1.0,0.0,0.0,0.0
2025,19,0.0,2025_19_HOU_PIT,Houston Texans,Justin Watson,WR,00-0034386,1.0,0.0,0.0,0.0,0.0,0.0,0.0,0.0,0.0,0.0,0.0,0.0,0.0,72.0,36.33,33.31,233.5,139.5,2.261938777058176,1.043715035444534,0.9082812079139188,1.0,1.0,justin watson,justinwatson,jwatson,Houston Texans,00-0034386,,,,,,,,,,,,,,,,,,,,,,,,,
2025,19,0.0,2025_19_HOU_PIT,Houston Texans,Xavier Hutchinson,WR,00-0038618,1.0,0.0,0.0,0.0,0.0,0.0,0.0,0.0,0.0,0.0,0.0,0.0,0.0,72.0,36.33,33.31,233.5,139.5,2.261938777058176,1.043715035444534,0.9082812079139188,1.0,1.0,xavier hutchinson,xavierhutchinson,xhutchinson,Houston Texans,00-0038618,0.0,0.0,0.0,0.0,0.0,0.0,0.0,4.0,2.0,21.0,0.0,X.Hutchinson,HOU,team_norm & _alias_init_last,0.0,0.0,0.0,0.0,0.0,0.0,0.0,-4.0,-2.0,-21.0,0.0
2025,19,0.0,2025_19_HOU_PIT,Pittsburgh Steelers,Aaron Rodgers,QB,00-0023459,1.0,39.18,256.7,2.08,0.99,1.8,7.4,0.04,0.0,0.0,0.0,0.0,0.0424,72.0,46.73,22.08,354.7,109.2,2.68079250650468,0.5765826436663559,1.1682211308194486,1.0,1.0,aaron rodgers,aaronrodgers,arodgers,Pittsburgh Steelers,00-0023459,38.0,146.0,0.0,1.0,0.0,0.0,0.0,0.0,0.0,0.0,0.0,A.Rodgers,PIT,team_norm & _alias_init_last,1.1799999999999997,110.69999999999999,2.08,-0.010000000000000009,1.8,7.4,0.04,0.0,0.0,0.0,0.0
2025,19,0.0,2025_19_HOU_PIT,Pittsburgh Steelers,Jaylen Warren,RB,00-0037228,1.0,0.0,0.0,0.0,0.0,13.04,55.4,0.41,6.01,4.97,32.5,0.34,0.5261,72.0,46.73,22.08,354.7,109.2,2.68079250650468,0.5765826436663559,1.1682211308194486,1.0,1.0,jaylen warren,jaylenwarren,jwarren,Pittsburgh Steelers,00-0037228,0.0,0.0,0.0,0.0,12.0,43.0,0.0,1.0,1.0,4.0,0.0,J.Warren,PIT,team_norm & _alias_init_last,0.0,0.0,0.0,0.0,1.0399999999999991,12.399999999999999,0.41,5.01,3.9699999999999998,28.5,0.34
2025,19,0.0,2025_19_HOU_PIT,Pittsburgh Steelers,Kenneth Gainwell,RB,00-0036919,1.0,0.0,0.0,0.0,0.0,7.24,30.6,0.16,3.74,2.93,19.2,0.22,0.3128,72.0,46.73,22.08,354.7,109.2,2.68079250650468,0.5765826436663559,1.1682211308194486,1.0,1.0,kenneth gainwell,kennethgainwell,kgainwell,Pittsburgh Steelers,00-0036919,0.0,0.0,0.0,0.0,6.0,20.0,0.0,6.0,4.0,26.0,0.0,K.Gainwell,PIT,team_norm & _alias_init_last,0.0,0.0,0.0,0.0,1.2400000000000002,10.600000000000001,0.16,-2.26,-1.0699999999999998,-6.800000000000001,0.22
2025,19,0.0,2025_19_HOU_PIT,Pittsburgh Steelers,Pat Freiermuth,TE,00-0036894,1.0,0.0,0.0,0.0,0.0,0.0,0.0,0.0,8.27,5.0,40.7,0.43,0.3524,72.0,46.73,22.08,354.7,109.2,2.68079250650468,0.5765826436663559,1.1682211308194486,1.0,1.0,pat freiermuth,patfreiermuth,pfreiermuth,Pittsburgh Steelers,00-0036894,0.0,0.0,0.0,0.0,0.0,0.0,0.0,3.0,1.0,18.0,0.0,P.Freiermuth,PIT,team_norm & _alias_init_last,0.0,0.0,0.0,0.0,0.0,0.0,0.0,5.27,4.0,22.700000000000003,0.43
2025,19,0.0,2025_19_HOU_PIT,Pittsburgh Steelers,Jonnu Smith,TE,00-0033858,1.0,0.0,0.0,0.0,0.0,0.0,0.0,0.0,4.27,2.87,21.0,0.22,0.1993,72.0,46.73,22.08,354.7,109.2,2.68079250650468,0.5765826436663559,1.1682211308194486,1.0,1.0,jonnu smith,jonnusmith,jsmith,Pittsburgh Steelers,00-0033858,0.0,0.0,0.0,0.0,0.0,0.0,0.0,3.0,2.0,-1.0,0.0,J.Smith,PIT,team_norm & _alias_init_last,0.0,0.0,0.0,0.0,0.0,0.0,0.0,1.2699999999999996,0.8700000000000001,22.0,0.22
2025,19,0.0,2025_19_HOU_PIT,Pittsburgh Steelers,Connor Heyward,TE,00-0037304,1.0,0.0,0.0,0.0,0.0,0.0,0.0,0.0,0.0,0.0,0.0,0.0,0.0,72.0,46.73,22.08,354.7,109.2,2.68079250650468,0.5765826436663559,1.1682211308194486,1.0,1.0,connor heyward,connorheyward,cheyward,Pittsburgh Steelers,00-0027969,,,,,,,,,,,,,,,,,,,,,,,,,
2025,19,0.0,2025_19_HOU_PIT,Pittsburgh Steelers,DK Metcalf,WR,00-0035640,1.0,0.0,0.0,0.0,0.0,0.0,0.0,0.0,10.84,6.17,64.3,0.6,0.4498,72.0,46.73,22.08,354.7,109.2,2.68079250650468,0.5765826436663559,1.1682211308194486,1.0,1.0,dk metcalf,dkmetcalf,dmetcalf,Pittsburgh Steelers,00-0035640,0.0,0.0,0.0,0.0,0.0,0.0,0.0,6.0,2.0,42.0,0.0,D.Metcalf,PIT,team_norm & _alias_init_last,0.0,0.0,0.0,0.0,0.0,0.0,0.0,4.84,4.17,22.299999999999997,0.6
2025,19,0.0,2025_19_HOU_PIT,Pittsburgh Steelers,Calvin Austin III,WR,00-0037837,1.0,0.0,0.0,0.0,0.0,0.0,0.0,0.0,8.16,4.48,49.6,0.42,0.3417,72.0,46.73,22.08,354.7,109.2,2.68079250650468,0.5765826436663559,1.1682211308194486,1.0,1.0,calvin austin iii,calvinaustiniii,caustin,Pittsburgh Steelers,00-0037837,0.0,0.0,0.0,0.0,0.0,0.0,0.0,6.0,3.0,8.0,0.0,C.Austin,PIT,team_norm & _alias_init_last,0.0,0.0,0.0,0.0,0.0,0.0,0.0,2.16,1.4800000000000004,41.6,0.42
2025,19,0.0,2025_19_HOU_PIT,Pittsburgh Steelers,Adam Thielen,WR,00-0030035,1.0,0.0,0.0,0.0,0.0,0.0,0.0,0.0,5.44,3.66,29.7,0.3,0.2589,72.0,46.73,22.08,354.7,109.2,2.68079250650468,0.5765826436663559,1.1682211308194486,1.0,1.0,adam thielen,adamthielen,athielen,Pittsburgh Steelers,00-0030035,0.0,0.0,0.0,0.0,0.0,0.0,0.0,2.0,2.0,25.0,0.0,A.Thielen,PIT,team_norm & _alias_init_last,0.0,0.0,0.0,0.0,0.0,0.0,0.0,3.4400000000000004,1.6600000000000001,4.699999999999999,0.3
2025,19,0.0,2025_19_HOU_PIT,Pittsburgh Steelers,Ben Skowronek,WR,00-0036862,1.0,0.0,0.0,0.0,0.0,0.0,0.0,0.0,0.0,0.0,0.0,0.0,0.0,72.0,46.73,22.08,354.7,109.2,2.68079250650468,0.5765826436663559,1.1682211308194486,1.0,1.0,ben skowronek,benskowronek,bskowronek,Pittsburgh Steelers,00-0036862,,,,,,,,,,,,,,,,,,,,,,,,,
2025,19,0.0,2025_19_HOU_PIT,Pittsburgh Steelers,Marquez Valdes-Scantling,WR,00-0034272,1.0,0.0,0.0,0.0,0.0,0.0,0.0,0.0,0.0,0.0,0.0,0.0,0.0,72.0,46.73,22.08,354.7,109.2,2.68079250650468,0.5765826436663559,1.1682211308194486,1.0,1.0,marquez valdes-scantling,marquezvaldesscantling,mvaldesscantling,Pittsburgh Steelers,00-0034272,0.0,0.0,0.0,0.0,0.0,0.0,0.0,5.0,3.0,26.0,0.0,M.Valdes-Scantling,PIT,team_norm & _alias_init_last,0.0,0.0,0.0,0.0,0.0,0.0,0.0,-5.0,-3.0,-26.0,0.0
2025,19,0.0,2025_19_HOU_PIT,Pittsburgh Steelers,Scott Miller,WR,00-0035298,1.0,0.0,0.0,0.0,0.0,0.0,0.0,0.0,0.0,0.0,0.0,0.0,0.0,72.0,46.73,22.08,354.7,109.2,2.68079250650468,0.5765826436663559,1.1682211308194486,1.0,1.0,scott miller,scottmiller,smiller,Pittsburgh Steelers,00-0035298,,,,,,,,,,,,,,,,,,,,,,,,,
2025,19,0.0,2025_19_LAC_NE,Los Angeles Chargers,Justin Herbert,QB,00-0036355,1.0,39.13,211.8,2.18,1.0,4.71,12.8,0.11,0.0,0.0,0.0,0.0,0.1013,72.0,46.88,21.6,263.0,78.9,2.904888016545121,0.4726473273849678,1.1720542484402603,1.0,1.0,justin herbert,justinherbert,jherbert,Los Angeles Chargers,00-0036355,45.0,159.0,0.0,0.0,3.0,7.0,0.0,0.0,0.0,0.0,0.0,J.Herbert,LAC,team_norm & _alias_init_last,-5.869999999999997,52.80000000000001,2.18,1.0,1.71,5.800000000000001,0.11,0.0,0.0,0.0,0.0
2025,19,0.0,2025_19_LAC_NE,Los Angeles Chargers,Omarion Hampton,RB,00-0040666,1.0,0.0,0.0,0.0,0.0,10.86,35.5,0.3,6.11,5.24,28.3,0.37,0.4861,72.0,46.88,21.6,263.0,78.9,2.904888016545121,0.4726473273849678,1.1720542484402603,1.0,1.0,omarion hampton,omarionhampton,ohampton,Los Angeles Chargers,00-0040666,0.0,0.0,0.0,0.0,1.0,-1.0,0.0,0.0,0.0,0.0,0.0,O.Hampton,LAC,team_norm & _alias_init_last,0.0,0.0,0.0,0.0,9.86,36.5,0.3,6.11,5.24,28.3,0.37
2025,19,0.0,2025_19_LAC_NE,Los Angeles Chargers,Kimani Vidal,RB,00-0039391,1.0,0.0,0.0,0.0,0.0,6.03,19.5,0.1,3.8,2.68,16.7,0.24,0.2895,72.0,46.88,21.6,263.0,78.9,2.904888016545121,0.4726473273849678,1.1720542484402603,1.0,1.0,kimani vidal,kimanividal,kvidal,Los Angeles Chargers,00-0039391,0.0,0.0,0.0,0.0,11.0,31.0,0.0,3.0,2.0,20.0,0.0,K.Vidal,LAC,team_norm & _alias_init_last,0.0,0.0,0.0,0.0,-4.97,-11.5,0.1,0.7999999999999998,0.6800000000000002,-3.3000000000000007,0.24
2025,19,0.0,2025_19_LAC_NE,Los Angeles Chargers,Hassan Haskins,RB,00-0037617,1.0,0.0,0.0,0.0,0.0,0.0,0.0,0.0,0.0,0.0,0.0,0.0,0.0,72.0,46.88,21.6,263.0,78.9,2.904888016545121,0.4726473273849678,1.1720542484402603,1.0,1.0,hassan haskins,hassanhaskins,hhaskins,Los Angeles Chargers,00-0037617,,,,,,,,,,,,,,,,,,,,,,,,,
2025,19,0.0,2025_19_LAC_NE,Los Angeles Chargers,Jaret Patterson,RB,00-0036755,1.0,0.0,0.0,0.0,0.0,0.0,0.0,0.0,0.0,0.0,0.0,0.0,0.0,72.0,46.88,21.6,263.0,78.9,2.904888016545121,0.4726473273849678,1.1720542484402603,1.0,1.0,jaret patterson,jaretpatterson,jpatterson,Los Angeles Chargers,00-0036755,,,,,,,,,,,,,,,,,,,,,,,,,
2025,19,0.0,2025_19_LAC_NE,Los Angeles Chargers,Oronde Gadsden,TE,,1.0,0.0,0.0,0.0,0.0,0.0,0.0,0.0,8.48,5.26,59.1,0.53,0.4085,72.0,46.88,21.6,263.0,78.9,2.904888016545121,0.4726473273849678,1.1720542484402603,0.0,0.0,oronde gadsden,orondegadsden,ogadsden,Los Angeles Chargers,00-0040189,0.0,0.0,0.0,0.0,0.0,0.0,0.0,3.0,3.0,30.0,0.0,O.Gadsden,LAC,team_norm & _alias_init_last,0.0,0.0,0.0,0.0,0.0,0.0,0.0,5.48,2.26,29.1,0.53
2025,19,0.0,2025_19_LAC_NE,Los Angeles Chargers,Tucker Fisk,TE,00-0037654,1.0,0.0,0.0,0.0,0.0,0.0,0.0,0.0,4.38,2.97,23.9,0.26,0.2307,72.0,46.88,21.6,263.0,78.9,2.904888016545121,0.4726473273849678,1.1720542484402603,1.0,1.0,tucker fisk,tuckerfisk,tfisk,Los Angeles Chargers,00-0037654,0.0,0.0,0.0,0.0,0.0,0.0,0.0,3.0,3.0,12.0,0.0,T.Fisk,LAC,team_norm & _alias_init_last,0.0,0.0,0.0,0.0,0.0,0.0,0.0,1.38,-0.029999999999999805,11.899999999999999,0.26
2025,19,0.0,2025_19_LAC_NE,Los Angeles Chargers,Stevo Klotz,TE,00-0040469,1.0,0.0,0.0,0.0,0.0,0.0,0.0,0.0,0.0,0.0,0.0,0.0,0.0,72.0,46.88,21.6,263.0,78.9,2.904888016545121,0.4726473273849678,1.1720542484402603,0.0,0.0,stevo klotz,stevoklotz,sklotz,Los Angeles Chargers,00-0040469,,,,,,,,,,,,,,,,,,,,,,,,,
2025,19,0.0,2025_19_LAC_NE,Los Angeles Chargers,Will Dissly,TE,00-0034159,1.0,0.0,0.0,0.0,0.0,0.0,0.0,0.0,0.0,0.0,0.0,0.0,0.0,72.0,46.88,21.6,263.0,78.9,2.904888016545121,0.4726473273849678,1.1720542484402603,1.0,1.0,will dissly,willdissly,wdissly,Los Angeles Chargers,00-0034159,,,,,,,,,,,,,,,,,,,,,,,,,
2025,19,0.0,2025_19_LAC_NE,Los Angeles Chargers,Ladd McConkey,WR,00-0039915,1.0,0.0,0.0,0.0,0.0,0.0,0.0,0.0,10.64,7.01,49.7,0.61,0.4548,72.0,46.88,21.6,263.0,78.9,2.904888016545121,0.4726473273849678,1.1720542484402603,1.0,1.0,ladd mcconkey,laddmcconkey,lmcconkey,Los Angeles Chargers,,0.0,0.0,0.0,0.0,0.0,0.0,0.0,4.0,3.0,32.0,0.0,L.McConkey,LAC,team_norm & _alias_init_last,0.0,0.0,0.0,0.0,0.0,0.0,0.0,6.640000000000001,4.01,17.700000000000003,0.61
2025,19,0.0,2025_19_LAC_NE,Los Angeles Chargers,Quentin Johnston,WR,00-0038544,1.0,0.0,0.0,0.0,0.0,0.0,0.0,0.0,8.01,4.39,34.4,0.47,0.3751,72.0,46.88,21.6,263.0,78.9,2.904888016545121,0.4726473273849678,1.1720542484402603,1.0,1.0,quentin johnston,quentinjohnston,qjohnston,Los Angeles Chargers,00-0038544,0.0,0.0,0.0,0.0,0.0,0.0,0.0,7.0,3.0,20.0,0.0,Q.Johnston,LAC,team_norm & _alias_init_last,0.0,0.0,0.0,0.0,0.0,0.0,0.0,1.0099999999999998,1.3899999999999997,14.399999999999999,0.47
2025,19,0.0,2025_19_LAC_NE,Los Angeles Chargers,Keenan Allen,WR,00-0030279,1.0,0.0,0.0,0.0,0.0,0.0,0.0,0.0,5.34,3.45,21.9,0.31,0.2691,72.0,46.88,21.6,263.0,78.9,2.904888016545121,0.4726473273849678,1.1720542484402603,1.0,1.0,keenan allen,keenanallen,kallen,Los Angeles Chargers,00-0030279,0.0,0.0,0.0,0.0,0.0,0.0,0.0,8.0,3.0,25.0,0.0,K.Allen,LAC,team_norm & _alias_init_last,0.0,0.0,0.0,0.0,0.0,0.0,0.0,-2.66,0.4500000000000002,-3.1000000000000014,0.31
2025,19,0.0,2025_19_LAC_NE,Los Angeles Chargers,Dalevon Campbell,WR,00-0040629,1.0,0.0,0.0,0.0,0.0,0.0,0.0,0.0,0.0,0.0,0.0,0.0,0.0,72.0,46.88,21.6,263.0,78.9,2.904888016545121,0.4726473273849678,1.1720542484402603,0.0,0.0,dalevon campbell,dalevoncampbell,dcampbell,Los Angeles Chargers,00-0040629,,,,,,,,,,,,,,,,,,,,,,,,,
2025,19,0.0,2025_19_LAC_NE,Los Angeles Chargers,Derius Davis,WR,00-0038573,1.0,0.0,0.0,0.0,0.0,0.0,0.0,0.0,0.0,0.0,0.0,0.0,0.0,72.0,46.88,21.6,263.0,78.9,2.904888016545121,0.4726473273849678,1.1720542484402603,1.0,1.0,derius davis,deriusdavis,ddavis,Los Angeles Chargers,00-0038573,,,,,,,,,,,,,,,,,,,,,,,,,
2025,19,0.0,2025_19_LAC_NE,Los Angeles Chargers,JaQuae Jackson,WR,00-0039722,1.0,0.0,0.0,0.0,0.0,0.0,0.0,0.0,0.0,0.0,0.0,0.0,0.0,72.0,46.88,21.6,263.0,78.9,2.904888016545121,0.4726473273849678,1.1720542484402603,0.0,0.0,jaquae jackson,jaquaejackson,jjackson,Los Angeles Chargers,00-0039722,,,,,,,,,,,,,,,,,,,,,,,,,
2025,19,0.0,2025_19_LAC_NE,Los Angeles Chargers,Tre Harris,WR,00-0040727,1.0,0.0,0.0,0.0,0.0,0.0,0.0,0.0,0.0,0.0,0.0,0.0,0.0,72.0,46.88,21.6,263.0,78.9,2.904888016545121,0.4726473273849678,1.1720542484402603,1.0,1.0,tre harris,treharris,tharris,Los Angeles Chargers,,0.0,0.0,0.0,0.0,0.0,0.0,0.0,3.0,2.0,20.0,0.0,T.Harris,LAC,team_norm & _alias_init_last,0.0,0.0,0.0,0.0,0.0,0.0,0.0,-3.0,-2.0,-20.0,0.0
2025,19,0.0,2025_19_LAC_NE,New England Patriots,Drake Maye,QB,00-0039851,1.0,30.3,197.8,2.14,0.75,7.57,28.5,0.33,0.0,0.0,0.0,0.0,0.2799,72.0,35.16,34.11,266.9,168.7,3.0212829228203613,1.4641601856744826,0.8791103260364848,1.0,1.0,drake maye,drakemaye,dmaye,New England Patriots,00-0039851,39.0,268.0,1.0,1.0,2.0,9.0,0.0,1.0,0.0,0.0,0.0,D.Maye,NE,team_norm & _alias_init_last,-8.7,-70.19999999999999,1.1400000000000001,-0.25,5.57,19.5,0.33,-1.0,0.0,0.0,0.0
2025,19,0.0,2025_19_LAC_NE,New England Patriots,Rhamondre Stevenson,RB,00-0036875,1.0,0.0,0.0,0.0,0.0,17.06,72.7,0.89,4.53,3.39,22.8,0.4,0.7246,72.0,35.16,34.11,266.9,168.7,3.0212829228203613,1.4641601856744826,0.8791103260364848,1.0,1.0,rhamondre stevenson,rhamondrestevenson,rstevenson,New England Patriots,00-0036875,0.0,0.0,0.0,0.0,10.0,53.0,0.0,4.0,3.0,75.0,0.0,R.Stevenson,NE,team_norm & _alias_init_last,0.0,0.0,0.0,0.0,7.059999999999999,19.700000000000003,0.89,0.5300000000000002,0.3900000000000001,-52.2,0.4
2025,19,0.0,2025_19_LAC_NE,New England Patriots,TreVeyon Henderson,RB,00-0040734,1.0,0.0,0.0,0.0,0.0,9.48,41.8,0.32,2.82,2.27,16.1,0.24,0.4295,72.0,35.16,34.11,266.9,168.7,3.0212829228203613,1.4641601856744826,0.8791103260364848,1.0,1.0,treveyon henderson,treveyonhenderson,thenderson,New England Patriots,00-0040734,0.0,0.0,0.0,0.0,9.0,27.0,0.0,1.0,1.0,9.0,0.0,T.Henderson,NE,team_norm & _alias_init_last,0.0,0.0,0.0,0.0,0.4800000000000004,14.799999999999997,0.32,1.8199999999999998,1.27,7.100000000000001,0.24
2025,19,0.0,2025_19_LAC_NE,New England Patriots,D'Ernest Johnson,RB,00-0035628,1.0,0.0,0.0,0.0,0.0,0.0,0.0,0.0,0.0,0.0,0.0,0.0,0.0,72.0,35.16,34.11,266.9,168.7,3.0212829228203613,1.4641601856744826,0.8791103260364848,1.0,1.0,d'ernest johnson,dernestjohnson,djohnson,New England Patriots,00-0035628,,,,,,,,,,,,,,,,,,,,,,,,,
2025,19,0.0,2025_19_LAC_NE,New England Patriots,Hunter Henry,TE,00-0033090,1.0,0.0,0.0,0.0,0.0,0.0,0.0,0.0,6.04,3.75,33.1,0.49,0.3849,72.0,35.16,34.11,266.9,168.7,3.0212829228203613,1.4641601856744826,0.8791103260364848,1.0,1.0,hunter henry,hunterhenry,hhenry,New England Patriots,00-0033090,0.0,0.0,0.0,0.0,0.0,0.0,0.0,5.0,3.0,64.0,1.0,H.Henry,NE,team_norm & _alias_init_last,0.0,0.0,0.0,0.0,0.0,0.0,0.0,1.04,0.75,-30.9,-0.51
2025,19,0.0,2025_19_LAC_NE,New England Patriots,Austin Hooper,TE,00-0032392,1.0,0.0,0.0,0.0,0.0,0.0,0.0,0.0,3.12,1.97,16.1,0.25,0.2189,72.0,35.16,34.11,266.9,168.7,3.0212829228203613,1.4641601856744826,0.8791103260364848,1.0,1.0,austin hooper,austinhooper,ahooper,New England Patriots,00-0032392,0.0,0.0,0.0,0.0,0.0,0.0,0.0,2.0,0.0,0.0,0.0,A.Hooper,NE,team_norm & _alias_init_last,0.0,0.0,0.0,0.0,0.0,0.0,0.0,1.12,1.97,16.1,0.25
2025,19,0.0,2025_19_LAC_NE,New England Patriots,CJ Dippre,TE,00-0040566,1.0,0.0,0.0,0.0,0.0,0.0,0.0,0.0,0.0,0.0,0.0,0.0,0.0,72.0,35.16,34.11,266.9,168.7,3.0212829228203613,1.4641601856744826,0.8791103260364848,0.0,0.0,cj dippre,cjdippre,cdippre,New England Patriots,00-0040566,,,,,,,,,,,,,,,,,,,,,,,,,
2025,19,0.0,2025_19_LAC_NE,New England Patriots,Cole Fotheringham,TE,00-0037506,1.0,0.0,0.0,0.0,0.0,0.0,0.0,0.0,0.0,0.0,0.0,0.0,0.0,72.0,35.16,34.11,266.9,168.7,3.0212829228203613,1.4641601856744826,0.8791103260364848,0.0,0.0,cole fotheringham,colefotheringham,cfotheringham,New England Patriots,00-0037506,,,,,,,,,,,,,,,,,,,,,,,,,
2025,19,0.0,2025_19_LAC_NE,New England Patriots,Stefon Diggs,WR,00-0031588,1.0,0.0,0.0,0.0,0.0,0.0,0.0,0.0,8.27,5.75,49.1,0.66,0.4814,72.0,35.16,34.11,266.9,168.7,3.0212829228203613,1.4641601856744826,0.8791103260364848,1.0,1.0,stefon diggs,stefondiggs,sdiggs,New England Patriots,00-0031588,0.0,0.0,0.0,0.0,0.0,0.0,0.0,5.0,2.0,16.0,0.0,S.Diggs,NE,team_norm & _alias_init_last,0.0,0.0,0.0,0.0,0.0,0.0,0.0,3.2699999999999996,3.75,33.1,0.66
2025,19,0.0,2025_19_LAC_NE,New England Patriots,Kayshon Boutte,WR,00-0038608,1.0,0.0,0.0,0.0,0.0,0.0,0.0,0.0,6.23,3.72,38.3,0.49,0.3896,72.0,35.16,34.11,266.9,168.7,3.0212829228203613,1.4641601856744826,0.8791103260364848,1.0,1.0,kayshon boutte,kayshonboutte,kboutte,New England Patriots,00-0038608,0.0,0.0,0.0,0.0,0.0,0.0,0.0,4.0,4.0,66.0,0.0,K.Boutte,NE,team_norm & _alias_init_last,0.0,0.0,0.0,0.0,0.0,0.0,0.0,2.2300000000000004,-0.2799999999999998,-27.700000000000003,0.49
2025,19,0.0,2025_19_LAC_NE,New England Patriots,Kyle Williams,WR,00-0040131,1.0,0.0,0.0,0.0,0.0,0.0,0.0,0.0,4.15,2.3,33.9,0.34,0.2865,72.0,35.16,34.11,266.9,168.7,3.0212829228203613,1.4641601856744826,0.8791103260364848,1.0,1.0,kyle williams,kylewilliams,kwilliams,New England Patriots,00-0040131,0.0,0.0,0.0,0.0,0.0,0.0,0.0,1.0,1.0,7.0,0.0,K.Williams,NE,team_norm & _alias_init_last,0.0,0.0,0.0,0.0,0.0,0.0,0.0,3.1500000000000004,1.2999999999999998,26.9,0.34
2025,19,0.0,2025_19_LAC_NE,New England Patriots,DeMario Douglas,WR,00-0038621,1.0,0.0,0.0,0.0,0.0,0.0,0.0,0.0,0.0,0.0,0.0,0.0,0.0,72.0,35.16,34.11,266.9,168.7,3.0212829228203613,1.4641601856744826,0.8791103260364848,1.0,1.0,demario douglas,demariodouglas,ddouglas,New England Patriots,00-0038621,0.0,0.0,0.0,0.0,0.0,0.0,0.0,2.0,1.0,3.0,0.0,D.Douglas,NE,team_norm & _alias_init_last,0.0,0.0,0.0,0.0,0.0,0.0,0.0,-2.0,-1.0,-3.0,0.0
2025,19,0.0,2025_19_LAC_NE,New England Patriots,Efton Chism III,WR,00-0040563,1.0,0.0,0.0,0.0,0.0,0.0,0.0,0.0,0.0,0.0,0.0,0.0,0.0,72.0,35.16,34.11,266.9,168.7,3.0212829228203613,1.4641601856744826,0.8791103260364848,1.0,1.0,efton chism iii,eftonchismiii,echism,New England Patriots,00-0040563,1.0,0.0,0.0,0.0,0.0,0.0,0.0,1.0,1.0,20.0,0.0,E.Chism,NE,team_norm & _alias_init_last,-1.0,0.0,0.0,0.0,0.0,0.0,0.0,-1.0,-1.0,-20.0,0.0
2025,19,0.0,2025_19_LA_CAR,Carolina Panthers,Bryce Young,QB,00-0039150,1.0,36.0,192.4,1.87,0.9,3.37,10.0,0.09,0.0,0.0,0.0,0.0,0.0864,64.48,42.21,19.34,241.6,72.1,2.5840111068725062,0.5224359153877729,1.055246057176747,1.0,1.0,bryce young,bryceyoung,byoung,Carolina Panthers,00-0039150,47.0,264.0,1.0,1.0,0.0,0.0,0.0,0.0,0.0,0.0,0.0,B.Young,CAR,team_norm & _alias_init_last,-11.0,-71.6,0.8700000000000001,-0.09999999999999998,3.37,10.0,0.09,0.0,0.0,0.0,0.0
2025,19,0.0,2025_19_LA_CAR,Carolina Panthers,Chuba Hubbard,RB,00-0036555,1.0,0.0,0.0,0.0,0.0,10.27,33.3,0.34,5.39,4.09,22.0,0.33,0.4858,64.48,42.21,19.34,241.6,72.1,2.5840111068725062,0.5224359153877729,1.055246057176747,1.0,1.0,chuba hubbard,chubahubbard,chubbard,Carolina Panthers,00-0036555,0.0,0.0,0.0,0.0,13.0,46.0,2.0,4.0,2.0,13.0,0.0,C.Hubbard,CAR,team_norm & _alias_init_last,0.0,0.0,0.0,0.0,-2.7300000000000004,-12.700000000000003,-1.66,1.3899999999999997,2.09,9.0,0.33
2025,19,0.0,2025_19_LA_CAR,Carolina Panthers,Rico Dowdle,RB,00-0036139,1.0,0.0,0.0,0.0,0.0,5.71,17.7,0.12,3.35,2.6,13.9,0.21,0.2801,64.48,42.21,19.34,241.6,72.1,2.5840111068725062,0.5224359153877729,1.055246057176747,1.0,1.0,rico dowdle,ricodowdle,rdowdle,Carolina Panthers,00-0036139,0.0,0.0,0.0,0.0,5.0,9.0,0.0,2.0,1.0,6.0,0.0,R.Dowdle,CAR,team_norm & _alias_init_last,0.0,0.0,0.0,0.0,0.71,8.7,0.12,1.35,1.6,7.9,0.21
2025,19,0.0,2025_19_LA_CAR,Carolina Panthers,Trevor Etienne,RB,00-0040644,1.0,0.0,0.0,0.0,0.0,0.0,0.0,0.0,0.0,0.0,0.0,0.0,0.0,64.48,42.21,19.34,241.6,72.1,2.5840111068725062,0.5224359153877729,1.055246057176747,1.0,1.0,trevor etienne,trevoretienne,tetienne,Carolina Panthers,00-0040644,0.0,0.0,0.0,0.0,1.0,4.0,0.0,0.0,0.0,0.0,0.0,T.Etienne,CAR,team_norm & _alias_init_last,0.0,0.0,0.0,0.0,-1.0,-4.0,0.0,0.0,0.0,0.0,0.0
2025,19,0.0,2025_19_LA_CAR,Carolina Panthers,Tommy Tremble,TE,00-0037005,1.0,0.0,0.0,0.0,0.0,0.0,0.0,0.0,7.49,4.57,30.5,0.43,0.3464,64.48,42.21,19.34,241.6,72.1,2.5840111068725062,0.5224359153877729,1.055246057176747,1.0,1.0,tommy tremble,tommytremble,ttremble,Carolina Panthers,00-0037005,0.0,0.0,0.0,0.0,0.0,0.0,0.0,3.0,3.0,22.0,0.0,T.Tremble,CAR,team_norm & _alias_init_last,0.0,0.0,0.0,0.0,0.0,0.0,0.0,4.49,1.5700000000000003,8.5,0.43
2025,19,0.0,2025_19_LA_CAR,Carolina Panthers,Mitchell Evans,TE,00-0040187,1.0,0.0,0.0,0.0,0.0,0.0,0.0,0.0,3.87,2.43,18.6,0.23,0.2074,64.48,42.21,19.34,241.6,72.1,2.5840111068725062,0.5224359153877729,1.055246057176747,1.0,1.0,mitchell evans,mitchellevans,mevans,Carolina Panthers,00-0040187,0.0,0.0,0.0,0.0,0.0,0.0,0.0,1.0,0.0,0.0,0.0,M.Evans,CAR,team_norm & _alias_init_last,0.0,0.0,0.0,0.0,0.0,0.0,0.0,2.87,2.43,18.6,0.23
2025,19,0.0,2025_19_LA_CAR,Carolina Panthers,Bryce Pierre,TE,00-0040292,1.0,0.0,0.0,0.0,0.0,0.0,0.0,0.0,0.0,0.0,0.0,0.0,0.0,64.48,42.21,19.34,241.6,72.1,2.5840111068725062,0.5224359153877729,1.055246057176747,0.0,0.0,bryce pierre,brycepierre,bpierre,Carolina Panthers,00-0040292,,,,,,,,,,,,,,,,,,,,,,,,,
2025,19,0.0,2025_19_LA_CAR,Carolina Panthers,Dominique Dafney,TE,00-0036456,1.0,0.0,0.0,0.0,0.0,0.0,0.0,0.0,0.0,0.0,0.0,0.0,0.0,64.48,42.21,19.34,241.6,72.1,2.5840111068725062,0.5224359153877729,1.055246057176747,0.0,0.0,dominique dafney,dominiquedafney,ddafney,Carolina Panthers,00-0036456,,,,,,,,,,,,,,,,,,,,,,,,,
2025,19,0.0,2025_19_LA_CAR,Carolina Panthers,James Mitchell,TE,00-0037282,1.0,0.0,0.0,0.0,0.0,0.0,0.0,0.0,0.0,0.0,0.0,0.0,0.0,64.48,42.21,19.34,241.6,72.1,2.5840111068725062,0.5224359153877729,1.055246057176747,1.0,1.0,james mitchell,jamesmitchell,jmitchell,Carolina Panthers,00-0037282,0.0,0.0,0.0,0.0,0.0,0.0,0.0,1.0,0.0,0.0,0.0,J.Mitchell,CAR,team_norm & _alias_init_last,0.0,0.0,0.0,0.0,0.0,0.0,0.0,-1.0,0.0,0.0,0.0
2025,19,0.0,2025_19_LA_CAR,Carolina Panthers,Tetairoa McMillan,WR,00-0040124,1.0,0.0,0.0,0.0,0.0,0.0,0.0,0.0,9.8,5.56,49.9,0.57,0.4323,64.48,42.21,19.34,241.6,72.1,2.5840111068725062,0.5224359153877729,1.055246057176747,1.0,1.0,tetairoa mcmillan,tetairoamcmillan,tmcmillan,Carolina Panthers,00-0040124,0.0,0.0,0.0,0.0,0.0,0.0,0.0,7.0,5.0,81.0,0.0,T.McMillan,CAR,team_norm & _alias_init_last,0.0,0.0,0.0,0.0,0.0,0.0,0.0,2.8000000000000007,0.5599999999999996,-31.1,0.57
2025,19,0.0,2025_19_LA_CAR,Carolina Panthers,Jalen Coker,WR,00-0039491,1.0,0.0,0.0,0.0,0.0,0.0,0.0,0.0,7.38,4.96,37.7,0.43,0.3503,64.48,42.21,19.34,241.6,72.1,2.5840111068725062,0.5224359153877729,1.055246057176747,1.0,1.0,jalen coker,jalencoker,jcoker,Carolina Panthers,00-0039491,0.0,0.0,0.0,0.0,0.0,0.0,0.0,14.0,9.0,134.0,1.0,J.Coker,CAR,team_norm & _alias_init_last,0.0,0.0,0.0,0.0,0.0,0.0,0.0,-6.62,-4.04,-96.3,-0.5700000000000001
2025,19,0.0,2025_19_LA_CAR,Carolina Panthers,Xavier Legette,WR,00-0039342,1.0,0.0,0.0,0.0,0.0,0.0,0.0,0.0,4.92,2.66,22.5,0.3,0.2574,64.48,42.21,19.34,241.6,72.1,2.5840111068725062,0.5224359153877729,1.055246057176747,1.0,1.0,xavier legette,xavierlegette,xlegette,Carolina Panthers,00-0039342,0.0,0.0,0.0,0.0,0.0,0.0,0.0,5.0,1.0,8.0,0.0,X.Legette,CAR,team_norm & _alias_init_last,0.0,0.0,0.0,0.0,0.0,0.0,0.0,-0.08000000000000007,1.6600000000000001,14.5,0.3
2025,19,0.0,2025_19_LA_CAR,Carolina Panthers,Ainias Smith,WR,00-0039747,1.0,0.0,0.0,0.0,0.0,0.0,0.0,0.0,0.0,0.0,0.0,0.0,0.0,64.48,42.21,19.34,241.6,72.1,2.5840111068725062,0.5224359153877729,1.055246057176747,0.0,0.0,ainias smith,ainiassmith,asmith,Carolina Panthers,00-0039747,,,,,,,,,,,,,,,,,,,,,,,,,
2025,19,0.0,2025_19_LA_CAR,Carolina Panthers,Brycen Tremayne,WR,00-0038840,1.0,0.0,0.0,0.0,0.0,0.0,0.0,0.0,0.0,0.0,0.0,0.0,0.0,64.48,42.21,19.34,241.6,72.1,2.5840111068725062,0.5224359153877729,1.055246057176747,1.0,1.0,brycen tremayne,brycentremayne,btremayne,Carolina Panthers,00-0038840,0.0,0.0,0.0,0.0,0.0,0.0,0.0,1.0,0.0,0.0,0.0,B.Tremayne,CAR,team_norm & _alias_init_last,0.0,0.0,0.0,0.0,0.0,0.0,0.0,-1.0,0.0,0.0,0.0
2025,19,0.0,2025_19_LA_CAR,Carolina Panthers,Dan Chisena,WR,00-0035976,1.0,0.0,0.0,0.0,0.0,0.0,0.0,0.0,0.0,0.0,0.0,0.0,0.0,64.48,42.21,19.34,241.6,72.1,2.5840111068725062,0.5224359153877729,1.055246057176747,0.0,0.0,dan chisena,danchisena,dchisena,Carolina Panthers,00-0035976,,,,,,,,,,,,,,,,,,,,,,,,,
2025,19,0.0,2025_19_LA_CAR,Carolina Panthers,Jimmy Horn Jr.,WR,00-0040218,1.0,0.0,0.0,0.0,0.0,0.0,0.0,0.0,0.0,0.0,0.0,0.0,0.0,64.48,42.21,19.34,241.6,72.1,2.5840111068725062,0.5224359153877729,1.055246057176747,1.0,1.0,jimmy horn jr.,jimmyhornjr,jhorn,Carolina Panthers,00-0036944,0.0,0.0,0.0,0.0,0.0,0.0,0.0,2.0,0.0,0.0,0.0,Ji.Horn,CAR,team_norm & _alias_init_last,0.0,0.0,0.0,0.0,0.0,0.0,0.0,-2.0,0.0,0.0,0.0
2025,19,0.0,2025_19_LA_CAR,Los Angeles Rams,Matthew Stafford,QB,00-0026498,1.0,36.21,245.2,1.94,0.88,3.24,13.1,0.09,0.0,0.0,0.0,0.0,0.0903,72.0,41.31,28.39,313.5,140.4,2.516159598734606,0.8354754622021949,1.0327520343347143,1.0,1.0,matthew stafford,matthewstafford,mstafford,Los Angeles Rams,,46.0,304.0,3.0,1.0,1.0,2.0,0.0,0.0,0.0,0.0,0.0,M.Stafford,LA,team_norm & _alias_init_last,-9.79,-58.80000000000001,-1.06,-0.12,2.24,11.1,0.09,0.0,0.0,0.0,0.0
2025,19,0.0,2025_19_LA_CAR,Los Angeles Rams,Kyren Williams,RB,00-0037840,1.0,0.0,0.0,0.0,0.0,16.17,67.6,0.6,5.42,4.02,29.2,0.36,0.6156,72.0,41.31,28.39,313.5,140.4,2.516159598734606,0.8354754622021949,1.0327520343347143,1.0,1.0,kyren williams,kyrenwilliams,kwilliams,Los Angeles Rams,00-0037840,0.0,0.0,0.0,0.0,13.0,57.0,0.0,3.0,2.0,18.0,1.0,K.Williams,LA,team_norm & _alias_init_last,0.0,0.0,0.0,0.0,3.1700000000000017,10.599999999999994,0.6,2.42,2.0199999999999996,11.2,-0.64
2025,19,0.0,2025_19_LA_CAR,Los Angeles Rams,Blake Corum,RB,00-0039738,1.0,0.0,0.0,0.0,0.0,8.98,37.7,0.2,3.37,2.41,20.4,0.2,0.3317,72.0,41.31,28.39,313.5,140.4,2.516159598734606,0.8354754622021949,1.0327520343347143,1.0,1.0,blake corum,blakecorum,bcorum,Los Angeles Rams,00-0039738,0.0,0.0,0.0,0.0,12.0,45.0,0.0,2.0,2.0,13.0,0.0,B.Corum,LA,team_norm & _alias_init_last,0.0,0.0,0.0,0.0,-3.0199999999999996,-7.299999999999997,0.2,1.37,0.41000000000000014,7.399999999999999,0.2
2025,19,0.0,2025_19_LA_CAR,Los Angeles Rams,Jarquez Hunter,RB,00-0040692,1.0,0.0,0.0,0.0,0.0,0.0,0.0,0.0,0.0,0.0,0.0,0.0,0.0,72.0,41.31,28.39,313.5,140.4,2.516159598734606,0.8354754622021949,1.0327520343347143,1.0,1.0,jarquez hunter,jarquezhunter,jhunter,Los Angeles Rams,00-0040692,,,,,,,,,,,,,,,,,,,,,,,,,
2025,19,0.0,2025_19_LA_CAR,Los Angeles Rams,Ronnie Rivers,RB,00-0037557,1.0,0.0,0.0,0.0,0.0,0.0,0.0,0.0,0.0,0.0,0.0,0.0,0.0,72.0,41.31,28.39,313.5,140.4,2.516159598734606,0.8354754622021949,1.0327520343347143,1.0,1.0,ronnie rivers,ronnierivers,rrivers,Los Angeles Rams,00-0037557,,,,,,,,,,,,,,,,,,,,,,,,,
2025,19,0.0,2025_19_LA_CAR,Los Angeles Rams,Colby Parkinson,TE,00-0036244,1.0,0.0,0.0,0.0,0.0,0.0,0.0,0.0,7.28,4.4,40.5,0.45,0.3611,72.0,41.31,28.39,313.5,140.4,2.516159598734606,0.8354754622021949,1.0327520343347143,1.0,1.0,colby parkinson,colbyparkinson,cparkinson,Los Angeles Rams,00-0036244,0.0,0.0,0.0,0.0,0.0,0.0,0.0,3.0,2.0,34.0,1.0,C.Parkinson,LA,team_norm & _alias_init_last,0.0,0.0,0.0,0.0,0.0,0.0,0.0,4.28,2.4000000000000004,6.5,-0.55
2025,19,0.0,2025_19_LA_CAR,Los Angeles Rams,Tyler Higbee,TE,00-0033110,1.0,0.0,0.0,0.0,0.0,0.0,0.0,0.0,3.76,2.3,19.8,0.21,0.1924,72.0,41.31,28.39,313.5,140.4,2.516159598734606,0.8354754622021949,1.0327520343347143,1.0,1.0,tyler higbee,tylerhigbee,thigbee,Los Angeles Rams,00-0033110,0.0,0.0,0.0,0.0,0.0,0.0,0.0,3.0,2.0,45.0,0.0,T.Higbee,LA,team_norm & _alias_init_last,0.0,0.0,0.0,0.0,0.0,0.0,0.0,0.7599999999999998,0.2999999999999998,-25.2,0.21
2025,19,0.0,2025_19_LA_CAR,Los Angeles Rams,Davis Allen,TE,00-0039074,1.0,0.0,0.0,0.0,0.0,0.0,0.0,0.0,0.0,0.0,0.0,0.0,0.0,72.0,41.31,28.39,313.5,140.4,2.516159598734606,0.8354754622021949,1.0327520343347143,1.0,1.0,davis allen,davisallen,dallen,Los Angeles Rams,00-0039074,,,,,,,,,,,,,,,,,,,,,,,,,
2025,19,0.0,2025_19_LA_CAR,Los Angeles Rams,Nick Vannett,TE,00-0032394,1.0,0.0,0.0,0.0,0.0,0.0,0.0,0.0,0.0,0.0,0.0,0.0,0.0,72.0,41.31,28.39,313.5,140.4,2.516159598734606,0.8354754622021949,1.0327520343347143,1.0,1.0,nick vannett,nickvannett,nvannett,Los Angeles Rams,00-0032394,,,,,,,,,,,,,,,,,,,,,,,,,
2025,19,0.0,2025_19_LA_CAR,Los Angeles Rams,Puka Nacua,WR,00-0039075,1.0,0.0,0.0,0.0,0.0,0.0,0.0,0.0,9.47,6.55,57.8,0.53,0.4123,72.0,41.31,28.39,313.5,140.4,2.516159598734606,0.8354754622021949,1.0327520343347143,1.0,1.0,puka nacua,pukanacua,pnacua,Los Angeles Rams,00-0039075,0.0,0.0,0.0,0.0,3.0,14.0,1.0,18.0,10.0,111.0,1.0,P.Nacua,LA,team_norm & _alias_init_last,0.0,0.0,0.0,0.0,-3.0,-14.0,-1.0,-8.53,-3.45,-53.2,-0.47
2025,19,0.0,2025_19_LA_CAR,Los Angeles Rams,Davante Adams,WR,00-0031381,1.0,0.0,0.0,0.0,0.0,0.0,0.0,0.0,7.13,3.86,40.1,0.43,0.347,72.0,41.31,28.39,313.5,140.4,2.516159598734606,0.8354754622021949,1.0327520343347143,1.0,1.0,davante adams,davanteadams,dadams,Los Angeles Rams,00-0031381,0.0,0.0,0.0,0.0,0.0,0.0,0.0,15.0,5.0,72.0,0.0,D.Adams,LA,team_norm & _alias_init_last,0.0,0.0,0.0,0.0,0.0,0.0,0.0,-7.87,-1.1400000000000001,-31.9,0.43
2025,19,0.0,2025_19_LA_CAR,Los Angeles Rams,Konata Mumpfield,WR,00-0040590,1.0,0.0,0.0,0.0,0.0,0.0,0.0,0.0,4.76,2.57,39.0,0.29,0.2486,72.0,41.31,28.39,313.5,140.4,2.516159598734606,0.8354754622021949,1.0327520343347143,1.0,1.0,konata mumpfield,konatamumpfield,kmumpfield,Los Angeles Rams,00-0040590,0.0,0.0,0.0,0.0,0.0,0.0,0.0,1.0,1.0,11.0,0.0,K.Mumpfield,LA,team_norm & _alias_init_last,0.0,0.0,0.0,0.0,0.0,0.0,0.0,3.76,1.5699999999999998,28.0,0.29
2025,19,0.0,2025_19_LA_CAR,Los Angeles Rams,Drake Stoops,WR,00-0039773,1.0,0.0,0.0,0.0,0.0,0.0,0.0,0.0,0.0,0.0,0.0,0.0,0.0,72.0,41.31,28.39,313.5,140.4,2.516159598734606,0.8354754622021949,1.0327520343347143,0.0,0.0,drake stoops,drakestoops,dstoops,Los Angeles Rams,00-0039773,,,,,,,,,,,,,,,,,,,,,,,,,
2025,19,0.0,2025_19_LA_CAR,Los Angeles Rams,Tutu Atwell,WR,00-0036849,1.0,0.0,0.0,0.0,0.0,0.0,0.0,0.0,0.0,0.0,0.0,0.0,0.0,72.0,41.31,28.39,313.5,140.4,2.516159598734606,0.8354754622021949,1.0327520343347143,1.0,1.0,tutu atwell,tutuatwell,tatwell,Los Angeles Rams,,,,,,,,,,,,,,,,,,,,,,,,,,
2025,19,0.0,2025_19_LA_CAR,Los Angeles Rams,Xavier Smith,WR,00-0038359,1.0,0.0,0.0,0.0,0.0,0.0,0.0,0.0,0.0,0.0,0.0,0.0,0.0,72.0,41.31,28.39,313.5,140.4,2.516159598734606,0.8354754622021949,1.0327520343347143,1.0,1.0,xavier smith,xaviersmith,xsmith,Los Angeles Rams,00-0038359,,,,,,,,,,,,,,,,,,,,,,,,,
2025,19,0.0,2025_19_SF_PHI,Philadelphia Eagles,Jalen Hurts,QB,00-0036389,1.0,36.18,207.0,2.38,0.94,6.68,18.7,0.23,0.0,0.0,0.0,0.0,0.2055,66.82,44.28,20.05,267.5,78.9,3.413764288492499,0.7135142732638666,1.106999699661941,1.0,1.0,jalen hurts,jalenhurts,jhurts,Philadelphia Eagles,00-0036389,38.0,168.0,1.0,0.0,4.0,11.0,0.0,0.0,0.0,0.0,0.0,J.Hurts,PHI,team_norm & _alias_init_last,-1.8200000000000003,39.0,1.38,0.94,2.6799999999999997,7.699999999999999,0.23,0.0,0.0,0.0,0.0
2025,19,0.0,2025_19_SF_PHI,Philadelphia Eagles,Saquon Barkley,RB,00-0034844,1.0,0.0,0.0,0.0,0.0,8.59,29.5,0.4,5.84,4.27,24.2,0.44,0.572,66.82,44.28,20.05,267.5,78.9,3.413764288492499,0.7135142732638666,1.106999699661941,1.0,1.0,saquon barkley,saquonbarkley,sbarkley,Philadelphia Eagles,00-0034844,0.0,0.0,0.0,0.0,26.0,106.0,0.0,7.0,3.0,25.0,0.0,S.Barkley,PHI,team_norm & _alias_init_last,0.0,0.0,0.0,0.0,-17.41,-76.5,0.4,-1.1600000000000001,1.2699999999999996,-0.8000000000000007,0.44
2025,19,0.0,2025_19_SF_PHI,Philadelphia Eagles,Tank Bigsby,RB,00-0038555,1.0,0.0,0.0,0.0,0.0,4.77,16.3,0.15,3.63,2.25,17.6,0.28,0.349,66.82,44.28,20.05,267.5,78.9,3.413764288492499,0.7135142732638666,1.106999699661941,1.0,1.0,tank bigsby,tankbigsby,tbigsby,Philadelphia Eagles,,0.0,0.0,0.0,0.0,4.0,19.0,0.0,0.0,0.0,0.0,0.0,T.Bigsby,PHI,team_norm & _alias_init_last,0.0,0.0,0.0,0.0,0.7699999999999996,-2.6999999999999993,0.15,3.63,2.25,17.6,0.28
2025,19,0.0,2025_19_SF_PHI,Philadelphia Eagles,Will Shipley,RB,00-0039746,1.0,0.0,0.0,0.0,0.0,0.0,0.0,0.0,0.0,0.0,0.0,0.0,0.0,66.82,44.28,20.05,267.5,78.9,3.413764288492499,0.7135142732638666,1.106999699661941,1.0,1.0,will shipley,willshipley,wshipley,Philadelphia Eagles,00-0039746,0.0,0.0,0.0,0.0,0.0,0.0,0.0,1.0,1.0,6.0,0.0,W.Shipley,PHI,team_norm & _alias_init_last,0.0,0.0,0.0,0.0,0.0,0.0,0.0,-1.0,-1.0,-6.0,0.0
2025,19,0.0,2025_19_SF_PHI,Philadelphia Eagles,Dallas Goedert,TE,00-0034351,1.0,0.0,0.0,0.0,0.0,0.0,0.0,0.0,7.89,5.21,32.2,0.56,0.4262,66.82,44.28,20.05,267.5,78.9,3.413764288492499,0.7135142732638666,1.106999699661941,1.0,1.0,dallas goedert,dallasgoedert,dgoedert,Philadelphia Eagles,00-0034351,0.0,0.0,0.0,0.0,1.0,1.0,1.0,7.0,4.0,33.0,1.0,D.Goedert,PHI,team_norm & _alias_init_last,0.0,0.0,0.0,0.0,-1.0,-1.0,-1.0,0.8899999999999997,1.21,-0.7999999999999972,-0.43999999999999995
2025,19,0.0,2025_19_SF_PHI,Philadelphia Eagles,Grant Calcaterra,TE,00-0037086,1.0,0.0,0.0,0.0,0.0,0.0,0.0,0.0,4.08,2.71,19.4,0.3,0.2575,66.82,44.28,20.05,267.5,78.9,3.413764288492499,0.7135142732638666,1.106999699661941,1.0,1.0,grant calcaterra,grantcalcaterra,gcalcaterra,Philadelphia Eagles,00-0037086,,,,,,,,,,,,,,,,,,,,,,,,,
2025,19,0.0,2025_19_SF_PHI,Philadelphia Eagles,Cameron Latu,TE,00-0038564,1.0,0.0,0.0,0.0,0.0,0.0,0.0,0.0,0.0,0.0,0.0,0.0,0.0,66.82,44.28,20.05,267.5,78.9,3.413764288492499,0.7135142732638666,1.106999699661941,1.0,1.0,cameron latu,cameronlatu,clatu,Philadelphia Eagles,00-0038564,,,,,,,,,,,,,,,,,,,,,,,,,
2025,19,0.0,2025_19_SF_PHI,Philadelphia Eagles,Kylen Granson,TE,00-0036876,1.0,0.0,0.0,0.0,0.0,0.0,0.0,0.0,0.0,0.0,0.0,0.0,0.0,66.82,44.28,20.05,267.5,78.9,3.413764288492499,0.7135142732638666,1.106999699661941,1.0,1.0,kylen granson,kylengranson,kgranson,Philadelphia Eagles,00-0036876,,,,,,,,,,,,,,,,,,,,,,,,,
2025,19,0.0,2025_19_SF_PHI,Philadelphia Eagles,A.J. Brown,WR,00-0035676,1.0,0.0,0.0,0.0,0.0,0.0,0.0,0.0,9.96,5.95,47.4,0.71,0.5074,66.82,44.28,20.05,267.5,78.9,3.413764288492499,0.7135142732638666,1.106999699661941,1.0,1.0,a.j. brown,ajbrown,abrown,Philadelphia Eagles,00-0035676,0.0,0.0,0.0,0.0,0.0,0.0,0.0,7.0,3.0,25.0,0.0,A.Brown,PHI,team_norm & _alias_init_last,0.0,0.0,0.0,0.0,0.0,0.0,0.0,2.960000000000001,2.95,22.4,0.71
2025,19,0.0,2025_19_SF_PHI,Philadelphia Eagles,DeVonta Smith,WR,00-0036912,1.0,0.0,0.0,0.0,0.0,0.0,0.0,0.0,7.5,5.27,35.6,0.53,0.4108,66.82,44.28,20.05,267.5,78.9,3.413764288492499,0.7135142732638666,1.106999699661941,1.0,1.0,devonta smith,devontasmith,dsmith,Philadelphia Eagles,00-0036912,0.0,0.0,0.0,0.0,0.0,0.0,0.0,11.0,8.0,70.0,0.0,D.Smith,PHI,team_norm & _alias_init_last,0.0,0.0,0.0,0.0,0.0,0.0,0.0,-3.5,-2.7300000000000004,-34.4,0.53
2025,19,0.0,2025_19_SF_PHI,Philadelphia Eagles,Jahan Dotson,WR,00-0037741,1.0,0.0,0.0,0.0,0.0,0.0,0.0,0.0,5.0,2.71,23.3,0.37,0.3078,66.82,44.28,20.05,267.5,78.9,3.413764288492499,0.7135142732638666,1.106999699661941,1.0,1.0,jahan dotson,jahandotson,jdotson,Philadelphia Eagles,00-0037741,0.0,0.0,0.0,0.0,0.0,0.0,0.0,1.0,0.0,0.0,0.0,J.Dotson,PHI,team_norm & _alias_init_last,0.0,0.0,0.0,0.0,0.0,0.0,0.0,4.0,2.71,23.3,0.37
2025,19,0.0,2025_19_SF_PHI,Philadelphia Eagles,Britain Covey,WR,00-0037132,1.0,0.0,0.0,0.0,0.0,0.0,0.0,0.0,0.0,0.0,0.0,0.0,0.0,66.82,44.28,20.05,267.5,78.9,3.413764288492499,0.7135142732638666,1.106999699661941,1.0,1.0,britain covey,britaincovey,bcovey,Philadelphia Eagles,00-0037132,,,,,,,,,,,,,,,,,,,,,,,,,
2025,19,0.0,2025_19_SF_PHI,Philadelphia Eagles,Danny Gray,WR,00-0037828,1.0,0.0,0.0,0.0,0.0,0.0,0.0,0.0,0.0,0.0,0.0,0.0,0.0,66.82,44.28,20.05,267.5,78.9,3.413764288492499,0.7135142732638666,1.106999699661941,0.0,0.0,danny gray,dannygray,dgray,Philadelphia Eagles,00-0037828,,,,,,,,,,,,,,,,,,,,,,,,,
2025,19,0.0,2025_19_SF_PHI,Philadelphia Eagles,Darius Cooper,WR,00-0040024,1.0,0.0,0.0,0.0,0.0,0.0,0.0,0.0,0.0,0.0,0.0,0.0,0.0,66.82,44.28,20.05,267.5,78.9,3.413764288492499,0.7135142732638666,1.106999699661941,1.0,1.0,darius cooper,dariuscooper,dcooper,Philadelphia Eagles,00-0040024,0.0,0.0,0.0,0.0,0.0,0.0,0.0,1.0,1.0,9.0,0.0,D.Cooper,PHI,team_norm & _alias_init_last,0.0,0.0,0.0,0.0,0.0,0.0,0.0,-1.0,-1.0,-9.0,0.0
2025,19,0.0,2025_19_SF_PHI,San Francisco 49ers,Brock Purdy,QB,00-0037834,1.0,32.33,189.2,2.07,0.79,3.92,10.5,0.1,0.0,0.0,0.0,0.0,0.0914,56.34,37.13,16.9,208.3,61.8,2.6997442576985966,0.3813138483354024,0.9282914822476148,1.0,1.0,brock purdy,brockpurdy,bpurdy,San Francisco 49ers,00-0037834,36.0,262.0,2.0,2.0,3.0,14.0,0.0,0.0,0.0,0.0,0.0,B.Purdy,SF,team_norm & _alias_init_last,-3.6700000000000017,-72.80000000000001,0.06999999999999984,-1.21,0.9199999999999999,-3.5,0.1,0.0,0.0,0.0,0.0
2025,19,0.0,2025_19_SF_PHI,San Francisco 49ers,Christian McCaffrey,RB,00-0033280,1.0,0.0,0.0,0.0,0.0,8.34,25.6,0.24,4.78,3.87,19.7,0.36,0.4501,56.34,37.13,16.9,208.3,61.8,2.6997442576985966,0.3813138483354024,0.9282914822476148,1.0,1.0,christian mccaffrey,christianmccaffrey,cmccaffrey,San Francisco 49ers,00-0033280,0.0,0.0,0.0,0.0,15.0,48.0,0.0,8.0,6.0,66.0,2.0,C.McCaffrey,SF,team_norm & _alias_init_last,0.0,0.0,0.0,0.0,-6.66,-22.4,0.24,-3.2199999999999998,-2.13,-46.3,-1.6400000000000001
2025,19,0.0,2025_19_SF_PHI,San Francisco 49ers,Brian Robinson Jr.,RB,,1.0,0.0,0.0,0.0,0.0,4.64,18.0,0.08,2.98,2.21,17.8,0.22,0.2552,56.34,37.13,16.9,208.3,61.8,2.6997442576985966,0.3813138483354024,0.9282914822476148,0.0,0.0,brian robinson jr.,brianrobinsonjr,brobinson,San Francisco 49ers,00-0037746,,,,,,,,,,,,,,,,,,,,,,,,,
2025,19,0.0,2025_19_SF_PHI,San Francisco 49ers,Jordan James,RB,00-0040177,1.0,0.0,0.0,0.0,0.0,0.0,0.0,0.0,0.0,0.0,0.0,0.0,0.0,56.34,37.13,16.9,208.3,61.8,2.6997442576985966,0.3813138483354024,0.9282914822476148,1.0,1.0,jordan james,jordanjames,jjames,San Francisco 49ers,00-0040177,,,,,,,,,,,,,,,,,,,,,,,,,
2025,19,0.0,2025_19_SF_PHI,San Francisco 49ers,Jake Tonges,TE,00-0037112,1.0,0.0,0.0,0.0,0.0,0.0,0.0,0.0,6.39,3.97,28.9,0.43,0.3527,56.34,37.13,16.9,208.3,61.8,2.6997442576985966,0.3813138483354024,0.9282914822476148,1.0,1.0,jake tonges,jaketonges,jtonges,San Francisco 49ers,00-0037112,0.0,0.0,0.0,0.0,0.0,0.0,0.0,3.0,1.0,14.0,0.0,J.Tonges,SF,team_norm & _alias_init_last,0.0,0.0,0.0,0.0,0.0,0.0,0.0,3.3899999999999997,2.97,14.899999999999999,0.43
2025,19,0.0,2025_19_SF_PHI,San Francisco 49ers,Luke Farrell,TE,00-0036887,1.0,0.0,0.0,0.0,0.0,0.0,0.0,0.0,3.3,2.16,13.8,0.22,0.1997,56.34,37.13,16.9,208.3,61.8,2.6997442576985966,0.3813138483354024,0.9282914822476148,1.0,1.0,luke farrell,lukefarrell,lfarrell,San Francisco 49ers,00-0036887,0.0,0.0,0.0,0.0,0.0,0.0,0.0,1.0,0.0,0.0,0.0,L.Farrell,SF,team_norm & _alias_init_last,0.0,0.0,0.0,0.0,0.0,0.0,0.0,2.3,2.16,13.8,0.22
2025,19,0.0,2025_19_SF_PHI,San Francisco 49ers,Hayden Rucci,TE,00-0039489,1.0,0.0,0.0,0.0,0.0,0.0,0.0,0.0,0.0,0.0,0.0,0.0,0.0,56.34,37.13,16.9,208.3,61.8,2.6997442576985966,0.3813138483354024,0.9282914822476148,0.0,0.0,hayden rucci,haydenrucci,hrucci,San Francisco 49ers,00-0039489,,,,,,,,,,,,,,,,,,,,,,,,,
2025,19,0.0,2025_19_SF_PHI,San Francisco 49ers,Jauan Jennings,WR,00-0036259,1.0,0.0,0.0,0.0,0.0,0.0,0.0,0.0,8.69,5.39,38.4,0.6,0.451,56.34,37.13,16.9,208.3,61.8,2.6997442576985966,0.3813138483354024,0.9282914822476148,1.0,1.0,jauan jennings,jauanjennings,jjennings,San Francisco 49ers,,1.0,29.0,1.0,0.0,0.0,0.0,0.0,3.0,1.0,45.0,0.0,J.Jennings,SF,team_norm & _alias_init_last,-1.0,-29.0,-1.0,0.0,0.0,0.0,0.0,5.6899999999999995,4.39,-6.600000000000001,0.6
2025,19,0.0,2025_19_SF_PHI,San Francisco 49ers,Ricky Pearsall,WR,00-0039916,1.0,0.0,0.0,0.0,0.0,0.0,0.0,0.0,6.55,4.04,31.4,0.45,0.3653,56.34,37.13,16.9,208.3,61.8,2.6997442576985966,0.3813138483354024,0.9282914822476148,0.0,0.0,ricky pearsall,rickypearsall,rpearsall,San Francisco 49ers,00-0039916,,,,,,,,,,,,,,,,,,,,,,,,,
2025,19,0.0,2025_19_SF_PHI,San Francisco 49ers,Demarcus Robinson,WR,00-0032775,1.0,0.0,0.0,0.0,0.0,0.0,0.0,0.0,4.36,2.53,18.2,0.31,0.2653,56.34,37.13,16.9,208.3,61.8,2.6997442576985966,0.3813138483354024,0.9282914822476148,1.0,1.0,demarcus robinson,demarcusrobinson,drobinson,San Francisco 49ers,00-0032775,0.0,0.0,0.0,0.0,0.0,0.0,0.0,7.0,6.0,111.0,1.0,D.Robinson,SF,team_norm & _alias_init_last,0.0,0.0,0.0,0.0,0.0,0.0,0.0,-2.6399999999999997,-3.47,-92.8,-0.69
2025,19,0.0,2025_19_SF_PHI,San Francisco 49ers,Colton Dowell,WR,00-0038632,1.0,0.0,0.0,0.0,0.0,0.0,0.0,0.0,0.0,0.0,0.0,0.0,0.0,56.34,37.13,16.9,208.3,61.8,2.6997442576985966,0.3813138483354024,0.9282914822476148,0.0,0.0,colton dowell,coltondowell,cdowell,San Francisco 49ers,00-0038632,,,,,,,,,,,,,,,,,,,,,,,,,
2025,19,0.0,2025_19_SF_PHI,San Francisco 49ers,Kendrick Bourne,WR,00-0033307,1.0,0.0,0.0,0.0,0.0,0.0,0.0,0.0,0.0,0.0,0.0,0.0,0.0,56.34,37.13,16.9,208.3,61.8,2.6997442576985966,0.3813138483354024,0.9282914822476148,1.0,1.0,kendrick bourne,kendrickbourne,kbourne,San Francisco 49ers,00-0033307,,,,,,,,,,,,,,,,,,,,,,,,,
2025,19,0.0,2025_19_SF_PHI,San Francisco 49ers,Malik Turner,WR,00-0034867,1.0,0.0,0.0,0.0,0.0,0.0,0.0,0.0,0.0,0.0,0.0,0.0,0.0,56.34,37.13,16.9,208.3,61.8,2.6997442576985966,0.3813138483354024,0.9282914822476148,1.0,1.0,malik turner,malikturner,mturner,San Francisco 49ers,00-0034867,0.0,0.0,0.0,0.0,0.0,0.0,0.0,1.0,0.0,0.0,0.0,M.Turner,SF,team_norm & _alias_init_last,0.0,0.0,0.0,0.0,0.0,0.0,0.0,-1.0,0.0,0.0,0.0
2025,19,0.0,2025_19_SF_PHI,San Francisco 49ers,Skyy Moore,WR,00-0038090,1.0,0.0,0.0,0.0,0.0,0.0,0.0,0.0,0.0,0.0,0.0,0.0,0.0,56.34,37.13,16.9,208.3,61.8,2.6997442576985966,0.3813138483354024,0.9282914822476148,1.0,1.0,skyy moore,skyymoore,smoore,San Francisco 49ers,00-0038090,0.0,0.0,0.0,0.0,1.0,3.0,0.0,1.0,0.0,0.0,0.0,S.Moore,SF,team_norm & _alias_init_last,0.0,0.0,0.0,0.0,-1.0,-3.0,0.0,-1.0,0.0,0.0,0.0
