season,week,date,game_id,team,player,position,player_id,is_active,pass_attempts,pass_yards,pass_tds,interceptions,rush_attempts,rush_yards,rush_tds,targets,receptions,rec_yards,rec_tds,any_td_prob,team_plays,team_pass_attempts,team_rush_attempts,team_pass_yards,team_rush_yards,team_exp_pass_tds,team_exp_rush_tds,team_exp_int,is_active_pid,is_active_nm
2025,5,0.0,2025_05_DAL_NYJ,Dallas Cowboys,Dak Prescott,QB,00-0033077,1.0,39.98,270.8,2.21,0.93,2.83,9.9,0.09,0.0,0.0,0.0,0.0,0.082,72.0,41.63,28.17,306.8,135.3,2.361151998640669,0.7690276454600409,1.0408695652173914,1.0,1.0
2025,5,0.0,2025_05_DAL_NYJ,Dallas Cowboys,Javonte Williams,RB,00-0036997,1.0,0.0,0.0,0.0,0.0,16.29,65.8,0.55,5.33,3.61,25.7,0.31,0.576,72.0,41.63,28.17,306.8,135.3,2.361151998640669,0.7690276454600409,1.0408695652173914,1.0,1.0
2025,5,0.0,2025_05_DAL_NYJ,Dallas Cowboys,Jaydon Blue,RB,00-0040586,1.0,0.0,0.0,0.0,0.0,9.05,42.3,0.19,3.32,2.3,23.0,0.19,0.3151,72.0,41.63,28.17,306.8,135.3,2.361151998640669,0.7690276454600409,1.0408695652173914,1.0,1.0
2025,5,0.0,2025_05_DAL_NYJ,Dallas Cowboys,Jake Ferguson,TE,00-0038041,1.0,0.0,0.0,0.0,0.0,0.0,0.0,0.0,7.36,4.66,34.9,0.4,0.3294,72.0,41.63,28.17,306.8,135.3,2.361151998640669,0.7690276454600409,1.0408695652173914,1.0,1.0
2025,5,0.0,2025_05_DAL_NYJ,Dallas Cowboys,Luke Schoonmaker,TE,00-0038547,1.0,0.0,0.0,0.0,0.0,0.0,0.0,0.0,3.8,2.08,18.8,0.2,0.1796,72.0,41.63,28.17,306.8,135.3,2.361151998640669,0.7690276454600409,1.0408695652173914,1.0,1.0
2025,5,0.0,2025_05_DAL_NYJ,Dallas Cowboys,Brevyn Spann-Ford,TE,00-0039530,1.0,0.0,0.0,0.0,0.0,0.0,0.0,0.0,0.0,0.0,0.0,0.0,0.0,72.0,41.63,28.17,306.8,135.3,2.361151998640669,0.7690276454600409,1.0408695652173914,1.0,1.0
2025,5,0.0,2025_05_DAL_NYJ,Dallas Cowboys,George Pickens,WR,00-0037247,1.0,0.0,0.0,0.0,0.0,0.0,0.0,0.0,9.68,5.22,56.5,0.52,0.4028,72.0,41.63,28.17,306.8,135.3,2.361151998640669,0.7690276454600409,1.0408695652173914,1.0,1.0
2025,5,0.0,2025_05_DAL_NYJ,Dallas Cowboys,Jalen Tolbert,WR,00-0037666,1.0,0.0,0.0,0.0,0.0,0.0,0.0,0.0,7.29,4.04,46.9,0.4,0.3282,72.0,41.63,28.17,306.8,135.3,2.361151998640669,0.7690276454600409,1.0408695652173914,1.0,1.0
2025,5,0.0,2025_05_DAL_NYJ,Dallas Cowboys,Ryan Flournoy,WR,00-0039410,1.0,0.0,0.0,0.0,0.0,0.0,0.0,0.0,4.86,3.02,32.5,0.26,0.229,72.0,41.63,28.17,306.8,135.3,2.361151998640669,0.7690276454600409,1.0408695652173914,1.0,1.0
2025,5,0.0,2025_05_DAL_NYJ,Dallas Cowboys,Jalen Cropper,WR,00-0038740,1.0,0.0,0.0,0.0,0.0,0.0,0.0,0.0,0.0,0.0,0.0,0.0,0.0,72.0,41.63,28.17,306.8,135.3,2.361151998640669,0.7690276454600409,1.0408695652173914,1.0,1.0
2025,5,0.0,2025_05_DAL_NYJ,New York Jets,Justin Fields,QB,00-0036945,1.0,37.31,202.3,1.33,0.96,7.85,20.2,0.13,0.0,0.0,0.0,0.0,0.1229,72.0,43.0,26.29,241.2,96.1,1.552221802011626,0.4695315700264773,1.075066325660699,1.0,1.0
2025,5,0.0,2025_05_DAL_NYJ,New York Jets,Breece Hall,RB,00-0038120,1.0,0.0,0.0,0.0,0.0,11.85,36.5,0.25,5.77,3.8,23.8,0.21,0.3721,72.0,43.0,26.29,241.2,96.1,1.552221802011626,0.4695315700264773,1.075066325660699,1.0,1.0
2025,5,0.0,2025_05_DAL_NYJ,New York Jets,Isaiah Davis,RB,00-0039798,1.0,0.0,0.0,0.0,0.0,6.58,22.1,0.09,3.59,2.37,16.3,0.13,0.2002,72.0,43.0,26.29,241.2,96.1,1.552221802011626,0.4695315700264773,1.075066325660699,1.0,1.0
2025,5,0.0,2025_05_DAL_NYJ,New York Jets,Avery Williams,RB,00-0036950,1.0,0.0,0.0,0.0,0.0,0.0,0.0,0.0,0.0,0.0,0.0,0.0,0.0,72.0,43.0,26.29,241.2,96.1,1.552221802011626,0.4695315700264773,1.075066325660699,1.0,1.0
2025,5,0.0,2025_05_DAL_NYJ,New York Jets,Khalil Herbert,RB,00-0036906,1.0,0.0,0.0,0.0,0.0,0.0,0.0,0.0,0.0,0.0,0.0,0.0,0.0,72.0,43.0,26.29,241.2,96.1,1.552221802011626,0.4695315700264773,1.075066325660699,1.0,1.0
2025,5,0.0,2025_05_DAL_NYJ,New York Jets,Mason Taylor,TE,00-0040736,1.0,0.0,0.0,0.0,0.0,0.0,0.0,0.0,7.36,4.08,33.0,0.25,0.2193,72.0,43.0,26.29,241.2,96.1,1.552221802011626,0.4695315700264773,1.075066325660699,1.0,1.0
2025,5,0.0,2025_05_DAL_NYJ,New York Jets,Jeremy Ruckert,TE,00-0037805,1.0,0.0,0.0,0.0,0.0,0.0,0.0,0.0,3.8,2.29,15.8,0.12,0.1161,72.0,43.0,26.29,241.2,96.1,1.552221802011626,0.4695315700264773,1.075066325660699,1.0,1.0
2025,5,0.0,2025_05_DAL_NYJ,New York Jets,Jelani Woods,TE,00-0037755,1.0,0.0,0.0,0.0,0.0,0.0,0.0,0.0,0.0,0.0,0.0,0.0,0.0,72.0,43.0,26.29,241.2,96.1,1.552221802011626,0.4695315700264773,1.075066325660699,0.0,0.0
2025,5,0.0,2025_05_DAL_NYJ,New York Jets,Garrett Wilson,WR,00-0037740,1.0,0.0,0.0,0.0,0.0,0.0,0.0,0.0,9.82,5.39,44.6,0.33,0.2827,72.0,43.0,26.29,241.2,96.1,1.552221802011626,0.4695315700264773,1.075066325660699,1.0,1.0
2025,5,0.0,2025_05_DAL_NYJ,New York Jets,Josh Reynolds,WR,00-0033943,1.0,0.0,0.0,0.0,0.0,0.0,0.0,0.0,7.39,4.27,36.3,0.26,0.2327,72.0,43.0,26.29,241.2,96.1,1.552221802011626,0.4695315700264773,1.075066325660699,1.0,1.0
2025,5,0.0,2025_05_DAL_NYJ,New York Jets,Arian Smith,WR,00-0040582,1.0,0.0,0.0,0.0,0.0,0.0,0.0,0.0,4.93,2.7,34.2,0.17,0.1554,72.0,43.0,26.29,241.2,96.1,1.552221802011626,0.4695315700264773,1.075066325660699,1.0,1.0
2025,5,0.0,2025_05_DAL_NYJ,New York Jets,Adonai Mitchell,WR,00-0039890,1.0,0.0,0.0,0.0,0.0,0.0,0.0,0.0,0.0,0.0,0.0,0.0,0.0,72.0,43.0,26.29,241.2,96.1,1.552221802011626,0.4695315700264773,1.075066325660699,0.0,0.0
2025,5,0.0,2025_05_DAL_NYJ,New York Jets,Allen Lazard,WR,00-0034521,1.0,0.0,0.0,0.0,0.0,0.0,0.0,0.0,0.0,0.0,0.0,0.0,0.0,72.0,43.0,26.29,241.2,96.1,1.552221802011626,0.4695315700264773,1.075066325660699,1.0,1.0
2025,5,0.0,2025_05_DAL_NYJ,New York Jets,Tyler Johnson,WR,00-0036427,1.0,0.0,0.0,0.0,0.0,0.0,0.0,0.0,0.0,0.0,0.0,0.0,0.0,72.0,43.0,26.29,241.2,96.1,1.552221802011626,0.4695315700264773,1.075066325660699,1.0,1.0
2025,5,0.0,2025_05_DEN_PHI,Denver Broncos,Bo Nix,QB,00-0039732,1.0,36.73,248.5,1.65,0.87,8.5,30.8,0.19,0.0,0.0,0.0,0.0,0.1726,72.0,38.92,31.38,295.4,155.2,1.665287401281453,0.6643924144778948,0.9731168151746914,1.0,1.0
2025,5,0.0,2025_05_DEN_PHI,Denver Broncos,J.K. Dobbins,RB,00-0036158,1.0,0.0,0.0,0.0,0.0,14.71,61.8,0.37,5.03,3.54,30.0,0.22,0.4451,72.0,38.92,31.38,295.4,155.2,1.665287401281453,0.6643924144778948,0.9731168151746914,1.0,1.0
2025,5,0.0,2025_05_DEN_PHI,Denver Broncos,RJ Harvey,RB,00-0040730,1.0,0.0,0.0,0.0,0.0,8.17,35.5,0.14,3.13,2.31,18.9,0.14,0.2415,72.0,38.92,31.38,295.4,155.2,1.665287401281453,0.6643924144778948,0.9731168151746914,1.0,1.0
2025,5,0.0,2025_05_DEN_PHI,Denver Broncos,Tyler Badie,RB,00-0037085,1.0,0.0,0.0,0.0,0.0,0.0,0.0,0.0,0.0,0.0,0.0,0.0,0.0,72.0,38.92,31.38,295.4,155.2,1.665287401281453,0.6643924144778948,0.9731168151746914,1.0,1.0
2025,5,0.0,2025_05_DEN_PHI,Denver Broncos,Evan Engram,TE,00-0033881,1.0,0.0,0.0,0.0,0.0,0.0,0.0,0.0,6.62,4.06,32.0,0.25,0.2203,72.0,38.92,31.38,295.4,155.2,1.665287401281453,0.6643924144778948,0.9731168151746914,1.0,1.0
2025,5,0.0,2025_05_DEN_PHI,Denver Broncos,Adam Trautman,TE,00-0036422,1.0,0.0,0.0,0.0,0.0,0.0,0.0,0.0,3.42,2.09,17.7,0.14,0.1323,72.0,38.92,31.38,295.4,155.2,1.665287401281453,0.6643924144778948,0.9731168151746914,1.0,1.0
2025,5,0.0,2025_05_DEN_PHI,Denver Broncos,Nate Adkins,TE,00-0038783,1.0,0.0,0.0,0.0,0.0,0.0,0.0,0.0,0.0,0.0,0.0,0.0,0.0,72.0,38.92,31.38,295.4,155.2,1.665287401281453,0.6643924144778948,0.9731168151746914,1.0,1.0
2025,5,0.0,2025_05_DEN_PHI,Denver Broncos,Courtland Sutton,WR,00-0034348,1.0,0.0,0.0,0.0,0.0,0.0,0.0,0.0,9.14,5.15,54.0,0.38,0.3141,72.0,38.92,31.38,295.4,155.2,1.665287401281453,0.6643924144778948,0.9731168151746914,1.0,1.0
2025,5,0.0,2025_05_DEN_PHI,Denver Broncos,Troy Franklin,WR,00-0039868,1.0,0.0,0.0,0.0,0.0,0.0,0.0,0.0,6.88,3.87,41.8,0.29,0.2515,72.0,38.92,31.38,295.4,155.2,1.665287401281453,0.6643924144778948,0.9731168151746914,1.0,1.0
2025,5,0.0,2025_05_DEN_PHI,Denver Broncos,Marvin Mims Jr.,WR,00-0038976,1.0,0.0,0.0,0.0,0.0,0.0,0.0,0.0,4.59,2.96,26.2,0.18,0.1622,72.0,38.92,31.38,295.4,155.2,1.665287401281453,0.6643924144778948,0.9731168151746914,1.0,1.0
2025,5,0.0,2025_05_DEN_PHI,Denver Broncos,Elijah Moore,WR,00-0036980,1.0,0.0,0.0,0.0,0.0,0.0,0.0,0.0,0.0,0.0,0.0,0.0,0.0,72.0,38.92,31.38,295.4,155.2,1.665287401281453,0.6643924144778948,0.9731168151746914,0.0,0.0
2025,5,0.0,2025_05_DEN_PHI,Denver Broncos,Pat Bryant,WR,00-0040134,1.0,0.0,0.0,0.0,0.0,0.0,0.0,0.0,0.0,0.0,0.0,0.0,0.0,72.0,38.92,31.38,295.4,155.2,1.665287401281453,0.6643924144778948,0.9731168151746914,1.0,1.0
2025,5,0.0,2025_05_DEN_PHI,Philadelphia Eagles,Jalen Hurts,QB,00-0036389,1.0,29.54,204.4,1.96,0.67,9.39,32.9,0.35,0.0,0.0,0.0,0.0,0.2979,60.5,29.88,28.17,226.8,139.3,2.3743363932828476,1.0969670795426492,0.7469530760197347,1.0,1.0
2025,5,0.0,2025_05_DEN_PHI,Philadelphia Eagles,Saquon Barkley,RB,00-0034844,1.0,0.0,0.0,0.0,0.0,12.07,52.2,0.62,3.78,2.58,20.8,0.3,0.6009,60.5,29.88,28.17,226.8,139.3,2.3743363932828476,1.0969670795426492,0.7469530760197347,1.0,1.0
2025,5,0.0,2025_05_DEN_PHI,Philadelphia Eagles,AJ Dillon,RB,00-0036265,1.0,0.0,0.0,0.0,0.0,6.71,29.1,0.22,2.35,1.51,13.2,0.18,0.334,60.5,29.88,28.17,226.8,139.3,2.3743363932828476,1.0969670795426492,0.7469530760197347,1.0,1.0
2025,5,0.0,2025_05_DEN_PHI,Philadelphia Eagles,Tank Bigsby,RB,00-0038555,1.0,0.0,0.0,0.0,0.0,0.0,0.0,0.0,0.0,0.0,0.0,0.0,0.0,60.5,29.88,28.17,226.8,139.3,2.3743363932828476,1.0969670795426492,0.7469530760197347,1.0,1.0
2025,5,0.0,2025_05_DEN_PHI,Philadelphia Eagles,Will Shipley,RB,00-0039746,1.0,0.0,0.0,0.0,0.0,0.0,0.0,0.0,0.0,0.0,0.0,0.0,0.0,60.5,29.88,28.17,226.8,139.3,2.3743363932828476,1.0969670795426492,0.7469530760197347,1.0,1.0
2025,5,0.0,2025_05_DEN_PHI,Philadelphia Eagles,Dallas Goedert,TE,00-0034351,1.0,0.0,0.0,0.0,0.0,0.0,0.0,0.0,5.05,3.15,25.9,0.37,0.3067,60.5,29.88,28.17,226.8,139.3,2.3743363932828476,1.0969670795426492,0.7469530760197347,1.0,1.0
2025,5,0.0,2025_05_DEN_PHI,Philadelphia Eagles,Grant Calcaterra,TE,00-0037086,1.0,0.0,0.0,0.0,0.0,0.0,0.0,0.0,2.61,1.64,15.6,0.2,0.1783,60.5,29.88,28.17,226.8,139.3,2.3743363932828476,1.0969670795426492,0.7469530760197347,1.0,1.0
2025,5,0.0,2025_05_DEN_PHI,Philadelphia Eagles,Cameron Latu,TE,00-0038564,1.0,0.0,0.0,0.0,0.0,0.0,0.0,0.0,0.0,0.0,0.0,0.0,0.0,60.5,29.88,28.17,226.8,139.3,2.3743363932828476,1.0969670795426492,0.7469530760197347,1.0,1.0
2025,5,0.0,2025_05_DEN_PHI,Philadelphia Eagles,Kylen Granson,TE,00-0036876,1.0,0.0,0.0,0.0,0.0,0.0,0.0,0.0,0.0,0.0,0.0,0.0,0.0,60.5,29.88,28.17,226.8,139.3,2.3743363932828476,1.0969670795426492,0.7469530760197347,1.0,1.0
2025,5,0.0,2025_05_DEN_PHI,Philadelphia Eagles,A.J. Brown,WR,00-0035676,1.0,0.0,0.0,0.0,0.0,0.0,0.0,0.0,7.09,4.08,38.6,0.52,0.4052,60.5,29.88,28.17,226.8,139.3,2.3743363932828476,1.0969670795426492,0.7469530760197347,1.0,1.0
2025,5,0.0,2025_05_DEN_PHI,Philadelphia Eagles,DeVonta Smith,WR,00-0036912,1.0,0.0,0.0,0.0,0.0,0.0,0.0,0.0,5.34,3.61,28.9,0.39,0.3217,60.5,29.88,28.17,226.8,139.3,2.3743363932828476,1.0969670795426492,0.7469530760197347,1.0,1.0
2025,5,0.0,2025_05_DEN_PHI,Philadelphia Eagles,Jahan Dotson,WR,00-0037741,1.0,0.0,0.0,0.0,0.0,0.0,0.0,0.0,3.56,1.86,18.9,0.27,0.2366,60.5,29.88,28.17,226.8,139.3,2.3743363932828476,1.0969670795426492,0.7469530760197347,1.0,1.0
2025,5,0.0,2025_05_DEN_PHI,Philadelphia Eagles,Danny Gray,WR,00-0037828,1.0,0.0,0.0,0.0,0.0,0.0,0.0,0.0,0.0,0.0,0.0,0.0,0.0,60.5,29.88,28.17,226.8,139.3,2.3743363932828476,1.0969670795426492,0.7469530760197347,0.0,0.0
2025,5,0.0,2025_05_DET_CIN,Cincinnati Bengals,Jake Browning,QB,00-0035100,1.0,39.82,280.7,1.72,1.03,1.39,5.7,0.03,0.0,0.0,0.0,0.0,0.0278,72.0,46.15,21.6,350.3,106.8,1.900949537719319,0.43690332367081064,1.1538116470588236,1.0,1.0
2025,5,0.0,2025_05_DET_CIN,Cincinnati Bengals,Chase Brown,RB,00-0038597,1.0,0.0,0.0,0.0,0.0,12.99,53.8,0.32,5.89,4.34,31.6,0.25,0.4336,72.0,46.15,21.6,350.3,106.8,1.900949537719319,0.43690332367081064,1.1538116470588236,1.0,1.0
2025,5,0.0,2025_05_DET_CIN,Cincinnati Bengals,Samaje Perine,RB,00-0033526,1.0,0.0,0.0,0.0,0.0,7.22,31.2,0.11,3.67,2.68,18.6,0.15,0.2305,72.0,46.15,21.6,350.3,106.8,1.900949537719319,0.43690332367081064,1.1538116470588236,1.0,1.0
2025,5,0.0,2025_05_DET_CIN,Cincinnati Bengals,Tahj Brooks,RB,00-0040208,1.0,0.0,0.0,0.0,0.0,0.0,0.0,0.0,0.0,0.0,0.0,0.0,0.0,72.0,46.15,21.6,350.3,106.8,1.900949537719319,0.43690332367081064,1.1538116470588236,1.0,1.0
2025,5,0.0,2025_05_DET_CIN,Cincinnati Bengals,Mike Gesicki,TE,00-0034829,1.0,0.0,0.0,0.0,0.0,0.0,0.0,0.0,8.21,4.58,41.6,0.32,0.2732,72.0,46.15,21.6,350.3,106.8,1.900949537719319,0.43690332367081064,1.1538116470588236,1.0,1.0
2025,5,0.0,2025_05_DET_CIN,Cincinnati Bengals,Noah Fant,TE,00-0035644,1.0,0.0,0.0,0.0,0.0,0.0,0.0,0.0,4.24,2.64,20.2,0.15,0.1425,72.0,46.15,21.6,350.3,106.8,1.900949537719319,0.43690332367081064,1.1538116470588236,1.0,1.0
2025,5,0.0,2025_05_DET_CIN,Cincinnati Bengals,Drew Sample,TE,00-0035631,1.0,0.0,0.0,0.0,0.0,0.0,0.0,0.0,0.0,0.0,0.0,0.0,0.0,72.0,46.15,21.6,350.3,106.8,1.900949537719319,0.43690332367081064,1.1538116470588236,1.0,1.0
2025,5,0.0,2025_05_DET_CIN,Cincinnati Bengals,Tanner Hudson,TE,00-0034613,1.0,0.0,0.0,0.0,0.0,0.0,0.0,0.0,0.0,0.0,0.0,0.0,0.0,72.0,46.15,21.6,350.3,106.8,1.900949537719319,0.43690332367081064,1.1538116470588236,1.0,1.0
2025,5,0.0,2025_05_DET_CIN,Cincinnati Bengals,Ja'Marr Chase,WR,00-0036900,1.0,0.0,0.0,0.0,0.0,0.0,0.0,0.0,10.7,6.74,63.3,0.43,0.3463,72.0,46.15,21.6,350.3,106.8,1.900949537719319,0.43690332367081064,1.1538116470588236,1.0,1.0
2025,5,0.0,2025_05_DET_CIN,Cincinnati Bengals,Tee Higgins,WR,00-0036410,1.0,0.0,0.0,0.0,0.0,0.0,0.0,0.0,8.06,4.74,48.2,0.32,0.2763,72.0,46.15,21.6,350.3,106.8,1.900949537719319,0.43690332367081064,1.1538116470588236,1.0,1.0
2025,5,0.0,2025_05_DET_CIN,Cincinnati Bengals,Andrei Iosivas,WR,00-0038619,1.0,0.0,0.0,0.0,0.0,0.0,0.0,0.0,5.37,2.84,32.5,0.21,0.1934,72.0,46.15,21.6,350.3,106.8,1.900949537719319,0.43690332367081064,1.1538116470588236,1.0,1.0
2025,5,0.0,2025_05_DET_CIN,Cincinnati Bengals,Charlie Jones,WR,00-0038576,1.0,0.0,0.0,0.0,0.0,0.0,0.0,0.0,0.0,0.0,0.0,0.0,0.0,72.0,46.15,21.6,350.3,106.8,1.900949537719319,0.43690332367081064,1.1538116470588236,1.0,1.0
2025,5,0.0,2025_05_DET_CIN,Cincinnati Bengals,Cole Burgess,WR,00-0039626,1.0,0.0,0.0,0.0,0.0,0.0,0.0,0.0,0.0,0.0,0.0,0.0,0.0,72.0,46.15,21.6,350.3,106.8,1.900949537719319,0.43690332367081064,1.1538116470588236,0.0,0.0
2025,5,0.0,2025_05_DET_CIN,Cincinnati Bengals,Mitchell Tinsley,WR,00-0038839,1.0,0.0,0.0,0.0,0.0,0.0,0.0,0.0,0.0,0.0,0.0,0.0,0.0,72.0,46.15,21.6,350.3,106.8,1.900949537719319,0.43690332367081064,1.1538116470588236,1.0,1.0
2025,5,0.0,2025_05_DET_CIN,Detroit Lions,Jared Goff,QB,00-0033106,1.0,33.9,201.6,1.99,0.75,4.06,12.0,0.14,0.0,0.0,0.0,0.0,0.1266,67.89,33.51,32.78,188.0,119.8,2.075332703533554,1.0301624260989466,0.8377050609085892,1.0,1.0
2025,5,0.0,2025_05_DET_CIN,Detroit Lions,Jahmyr Gibbs,RB,00-0039139,1.0,0.0,0.0,0.0,0.0,18.46,58.3,0.73,4.34,3.1,17.4,0.28,0.6361,67.89,33.51,32.78,188.0,119.8,2.075332703533554,1.0301624260989466,0.8377050609085892,1.0,1.0
2025,5,0.0,2025_05_DET_CIN,Detroit Lions,David Montgomery,RB,00-0035685,1.0,0.0,0.0,0.0,0.0,10.26,31.8,0.26,2.7,2.0,10.8,0.16,0.3473,67.89,33.51,32.78,188.0,119.8,2.075332703533554,1.0301624260989466,0.8377050609085892,1.0,1.0
2025,5,0.0,2025_05_DET_CIN,Detroit Lions,Jacob Saylors,RB,00-0038896,1.0,0.0,0.0,0.0,0.0,0.0,0.0,0.0,0.0,0.0,0.0,0.0,0.0,67.89,33.51,32.78,188.0,119.8,2.075332703533554,1.0301624260989466,0.8377050609085892,1.0,1.0
2025,5,0.0,2025_05_DET_CIN,Detroit Lions,Sam LaPorta,TE,00-0039065,1.0,0.0,0.0,0.0,0.0,0.0,0.0,0.0,6.02,3.7,21.4,0.35,0.2956,67.89,33.51,32.78,188.0,119.8,2.075332703533554,1.0301624260989466,0.8377050609085892,1.0,1.0
2025,5,0.0,2025_05_DET_CIN,Detroit Lions,Brock Wright,TE,00-0036754,1.0,0.0,0.0,0.0,0.0,0.0,0.0,0.0,3.11,1.92,11.7,0.18,0.1675,67.89,33.51,32.78,188.0,119.8,2.075332703533554,1.0301624260989466,0.8377050609085892,1.0,1.0
2025,5,0.0,2025_05_DET_CIN,Detroit Lions,Anthony Firkser,TE,00-0033455,1.0,0.0,0.0,0.0,0.0,0.0,0.0,0.0,0.0,0.0,0.0,0.0,0.0,67.89,33.51,32.78,188.0,119.8,2.075332703533554,1.0301624260989466,0.8377050609085892,0.0,0.0
2025,5,0.0,2025_05_DET_CIN,Detroit Lions,Giovanni Ricci,TE,00-0035956,1.0,0.0,0.0,0.0,0.0,0.0,0.0,0.0,0.0,0.0,0.0,0.0,0.0,67.89,33.51,32.78,188.0,119.8,2.075332703533554,1.0301624260989466,0.8377050609085892,0.0,0.0
2025,5,0.0,2025_05_DET_CIN,Detroit Lions,Amon-Ra St. Brown,WR,00-0036963,1.0,0.0,0.0,0.0,0.0,0.0,0.0,0.0,7.6,5.26,32.8,0.46,0.3708,67.89,33.51,32.78,188.0,119.8,2.075332703533554,1.0301624260989466,0.8377050609085892,1.0,1.0
2025,5,0.0,2025_05_DET_CIN,Detroit Lions,Jameson Williams,WR,00-0037240,1.0,0.0,0.0,0.0,0.0,0.0,0.0,0.0,5.73,3.22,26.2,0.33,0.279,67.89,33.51,32.78,188.0,119.8,2.075332703533554,1.0301624260989466,0.8377050609085892,1.0,1.0
2025,5,0.0,2025_05_DET_CIN,Detroit Lions,Kalif Raymond,WR,00-0032464,1.0,0.0,0.0,0.0,0.0,0.0,0.0,0.0,3.82,2.61,16.8,0.22,0.1969,67.89,33.51,32.78,188.0,119.8,2.075332703533554,1.0301624260989466,0.8377050609085892,1.0,1.0
2025,5,0.0,2025_05_DET_CIN,Detroit Lions,Andrew Armstrong,WR,00-0040298,1.0,0.0,0.0,0.0,0.0,0.0,0.0,0.0,0.0,0.0,0.0,0.0,0.0,67.89,33.51,32.78,188.0,119.8,2.075332703533554,1.0301624260989466,0.8377050609085892,0.0,0.0
2025,5,0.0,2025_05_DET_CIN,Detroit Lions,Dominic Lovett,WR,00-0040241,1.0,0.0,0.0,0.0,0.0,0.0,0.0,0.0,0.0,0.0,0.0,0.0,0.0,67.89,33.51,32.78,188.0,119.8,2.075332703533554,1.0301624260989466,0.8377050609085892,1.0,1.0
2025,5,0.0,2025_05_DET_CIN,Detroit Lions,Isaac TeSlaa,WR,00-0040669,1.0,0.0,0.0,0.0,0.0,0.0,0.0,0.0,0.0,0.0,0.0,0.0,0.0,67.89,33.51,32.78,188.0,119.8,2.075332703533554,1.0301624260989466,0.8377050609085892,1.0,1.0
2025,5,0.0,2025_05_HOU_BAL,Baltimore Ravens,Cooper Rush,QB,00-0033662,1.0,35.51,243.6,2.59,0.97,2.63,10.5,0.08,0.0,0.0,0.0,0.0,0.0744,67.8,43.61,20.34,331.0,100.6,3.577885939692255,0.6133858183378988,1.0902512698426643,1.0,1.0
2025,5,0.0,2025_05_HOU_BAL,Baltimore Ravens,Derrick Henry,RB,00-0032764,1.0,0.0,0.0,0.0,0.0,11.38,46.8,0.41,5.55,3.8,28.4,0.46,0.5817,67.8,43.61,20.34,331.0,100.6,3.577885939692255,0.6133858183378988,1.0902512698426643,1.0,1.0
2025,5,0.0,2025_05_HOU_BAL,Baltimore Ravens,Justice Hill,RB,00-0034975,1.0,0.0,0.0,0.0,0.0,6.32,27.1,0.15,3.46,2.42,16.7,0.28,0.3472,67.8,43.61,20.34,331.0,100.6,3.577885939692255,0.6133858183378988,1.0902512698426643,1.0,1.0
2025,5,0.0,2025_05_HOU_BAL,Baltimore Ravens,Keaton Mitchell,RB,00-0038454,1.0,0.0,0.0,0.0,0.0,0.0,0.0,0.0,0.0,0.0,0.0,0.0,0.0,67.8,43.61,20.34,331.0,100.6,3.577885939692255,0.6133858183378988,1.0902512698426643,1.0,1.0
2025,5,0.0,2025_05_HOU_BAL,Baltimore Ravens,Rasheen Ali,RB,00-0039796,1.0,0.0,0.0,0.0,0.0,0.0,0.0,0.0,0.0,0.0,0.0,0.0,0.0,67.8,43.61,20.34,331.0,100.6,3.577885939692255,0.6133858183378988,1.0902512698426643,1.0,1.0
2025,5,0.0,2025_05_HOU_BAL,Baltimore Ravens,Mark Andrews,TE,00-0034753,1.0,0.0,0.0,0.0,0.0,0.0,0.0,0.0,7.43,4.15,34.5,0.58,0.4427,67.8,43.61,20.34,331.0,100.6,3.577885939692255,0.6133858183378988,1.0902512698426643,1.0,1.0
2025,5,0.0,2025_05_HOU_BAL,Baltimore Ravens,Isaiah Likely,TE,00-0037838,1.0,0.0,0.0,0.0,0.0,0.0,0.0,0.0,3.84,2.23,18.2,0.3,0.2583,67.8,43.61,20.34,331.0,100.6,3.577885939692255,0.6133858183378988,1.0902512698426643,1.0,1.0
2025,5,0.0,2025_05_HOU_BAL,Baltimore Ravens,Baylor Cupp,TE,00-0039316,1.0,0.0,0.0,0.0,0.0,0.0,0.0,0.0,0.0,0.0,0.0,0.0,0.0,67.8,43.61,20.34,331.0,100.6,3.577885939692255,0.6133858183378988,1.0902512698426643,0.0,0.0
2025,5,0.0,2025_05_HOU_BAL,Baltimore Ravens,Charlie Kolar,TE,00-0038046,1.0,0.0,0.0,0.0,0.0,0.0,0.0,0.0,0.0,0.0,0.0,0.0,0.0,67.8,43.61,20.34,331.0,100.6,3.577885939692255,0.6133858183378988,1.0902512698426643,1.0,1.0
2025,5,0.0,2025_05_HOU_BAL,Baltimore Ravens,Zay Flowers,WR,00-0039064,1.0,0.0,0.0,0.0,0.0,0.0,0.0,0.0,10.35,6.83,62.0,0.78,0.5412,67.8,43.61,20.34,331.0,100.6,3.577885939692255,0.6133858183378988,1.0902512698426643,1.0,1.0
2025,5,0.0,2025_05_HOU_BAL,Baltimore Ravens,Rashod Bateman,WR,00-0036550,1.0,0.0,0.0,0.0,0.0,0.0,0.0,0.0,7.79,4.46,46.8,0.6,0.4516,67.8,43.61,20.34,331.0,100.6,3.577885939692255,0.6133858183378988,1.0902512698426643,1.0,1.0
2025,5,0.0,2025_05_HOU_BAL,Baltimore Ravens,DeAndre Hopkins,WR,00-0030564,1.0,0.0,0.0,0.0,0.0,0.0,0.0,0.0,5.2,2.97,28.6,0.39,0.3259,67.8,43.61,20.34,331.0,100.6,3.577885939692255,0.6133858183378988,1.0902512698426643,1.0,1.0
2025,5,0.0,2025_05_HOU_BAL,Baltimore Ravens,Anthony Miller,WR,00-0034353,1.0,0.0,0.0,0.0,0.0,0.0,0.0,0.0,0.0,0.0,0.0,0.0,0.0,67.8,43.61,20.34,331.0,100.6,3.577885939692255,0.6133858183378988,1.0902512698426643,0.0,0.0
2025,5,0.0,2025_05_HOU_BAL,Baltimore Ravens,Devontez Walker,WR,00-0039792,1.0,0.0,0.0,0.0,0.0,0.0,0.0,0.0,0.0,0.0,0.0,0.0,0.0,67.8,43.61,20.34,331.0,100.6,3.577885939692255,0.6133858183378988,1.0902512698426643,1.0,1.0
2025,5,0.0,2025_05_HOU_BAL,Baltimore Ravens,LaJohntay Wester,WR,00-0040075,1.0,0.0,0.0,0.0,0.0,0.0,0.0,0.0,0.0,0.0,0.0,0.0,0.0,67.8,43.61,20.34,331.0,100.6,3.577885939692255,0.6133858183378988,1.0902512698426643,1.0,1.0
2025,5,0.0,2025_05_HOU_BAL,Baltimore Ravens,Tylan Wallace,WR,00-0036630,1.0,0.0,0.0,0.0,0.0,0.0,0.0,0.0,0.0,0.0,0.0,0.0,0.0,67.8,43.61,20.34,331.0,100.6,3.577885939692255,0.6133858183378988,1.0902512698426643,1.0,1.0
2025,5,0.0,2025_05_HOU_BAL,Houston Texans,C.J. Stroud,QB,00-0039163,1.0,33.49,192.8,1.3,0.75,6.34,18.5,0.13,0.0,0.0,0.0,0.0,0.1246,72.0,33.58,36.51,188.4,133.4,1.2491822299310584,0.7250686410951905,0.8394748907236522,1.0,1.0
2025,5,0.0,2025_05_HOU_BAL,Houston Texans,Nick Chubb,RB,00-0034791,1.0,0.0,0.0,0.0,0.0,19.39,59.7,0.45,4.39,2.82,18.6,0.16,0.4568,72.0,33.58,36.51,188.4,133.4,1.2491822299310584,0.7250686410951905,0.8394748907236522,1.0,1.0
2025,5,0.0,2025_05_HOU_BAL,Houston Texans,Woody Marks,RB,00-0040583,1.0,0.0,0.0,0.0,0.0,10.77,33.9,0.17,2.73,1.71,11.9,0.11,0.2375,72.0,33.58,36.51,188.4,133.4,1.2491822299310584,0.7250686410951905,0.8394748907236522,1.0,1.0
2025,5,0.0,2025_05_HOU_BAL,Houston Texans,Dare Ogunbowale,RB,00-0033854,1.0,0.0,0.0,0.0,0.0,0.0,0.0,0.0,0.0,0.0,0.0,0.0,0.0,72.0,33.58,36.51,188.4,133.4,1.2491822299310584,0.7250686410951905,0.8394748907236522,1.0,1.0
2025,5,0.0,2025_05_HOU_BAL,Houston Texans,Dalton Schultz,TE,00-0034383,1.0,0.0,0.0,0.0,0.0,0.0,0.0,0.0,5.84,3.38,23.0,0.2,0.1775,72.0,33.58,36.51,188.4,133.4,1.2491822299310584,0.7250686410951905,0.8394748907236522,1.0,1.0
2025,5,0.0,2025_05_HOU_BAL,Houston Texans,Harrison Bryant,TE,00-0036232,1.0,0.0,0.0,0.0,0.0,0.0,0.0,0.0,3.02,1.66,12.4,0.11,0.1012,72.0,33.58,36.51,188.4,133.4,1.2491822299310584,0.7250686410951905,0.8394748907236522,1.0,1.0
2025,5,0.0,2025_05_HOU_BAL,Houston Texans,Dalton Keene,TE,00-0036225,1.0,0.0,0.0,0.0,0.0,0.0,0.0,0.0,0.0,0.0,0.0,0.0,0.0,72.0,33.58,36.51,188.4,133.4,1.2491822299310584,0.7250686410951905,0.8394748907236522,0.0,0.0
2025,5,0.0,2025_05_HOU_BAL,Houston Texans,Nico Collins,WR,00-0036554,1.0,0.0,0.0,0.0,0.0,0.0,0.0,0.0,7.81,4.58,33.0,0.28,0.2405,72.0,33.58,36.51,188.4,133.4,1.2491822299310584,0.7250686410951905,0.8394748907236522,1.0,1.0
2025,5,0.0,2025_05_HOU_BAL,Houston Texans,Christian Kirk,WR,00-0034775,1.0,0.0,0.0,0.0,0.0,0.0,0.0,0.0,5.88,3.44,24.9,0.21,0.186,72.0,33.58,36.51,188.4,133.4,1.2491822299310584,0.7250686410951905,0.8394748907236522,1.0,1.0
2025,5,0.0,2025_05_HOU_BAL,Houston Texans,Xavier Hutchinson,WR,00-0038618,1.0,0.0,0.0,0.0,0.0,0.0,0.0,0.0,3.92,2.02,17.8,0.14,0.1264,72.0,33.58,36.51,188.4,133.4,1.2491822299310584,0.7250686410951905,0.8394748907236522,1.0,1.0
2025,5,0.0,2025_05_HOU_BAL,Houston Texans,Braxton Berrios,WR,00-0034419,1.0,0.0,0.0,0.0,0.0,0.0,0.0,0.0,0.0,0.0,0.0,0.0,0.0,72.0,33.58,36.51,188.4,133.4,1.2491822299310584,0.7250686410951905,0.8394748907236522,0.0,0.0
2025,5,0.0,2025_05_HOU_BAL,Houston Texans,Daniel Jackson,WR,00-0040412,1.0,0.0,0.0,0.0,0.0,0.0,0.0,0.0,0.0,0.0,0.0,0.0,0.0,72.0,33.58,36.51,188.4,133.4,1.2491822299310584,0.7250686410951905,0.8394748907236522,0.0,0.0
2025,5,0.0,2025_05_HOU_BAL,Houston Texans,Jayden Higgins,WR,00-0040130,1.0,0.0,0.0,0.0,0.0,0.0,0.0,0.0,0.0,0.0,0.0,0.0,0.0,72.0,33.58,36.51,188.4,133.4,1.2491822299310584,0.7250686410951905,0.8394748907236522,1.0,1.0
2025,5,0.0,2025_05_HOU_BAL,Houston Texans,Jaylin Noel,WR,00-0040138,1.0,0.0,0.0,0.0,0.0,0.0,0.0,0.0,0.0,0.0,0.0,0.0,0.0,72.0,33.58,36.51,188.4,133.4,1.2491822299310584,0.7250686410951905,0.8394748907236522,1.0,1.0
2025,5,0.0,2025_05_KC_JAX,Jacksonville Jaguars,Trevor Lawrence,QB,00-0036971,1.0,35.26,223.7,1.29,0.81,5.11,16.4,0.1,0.0,0.0,0.0,0.0,0.0975,72.0,36.25,33.75,245.9,149.2,1.3596116067232045,0.590386789931004,0.9061861184210527,1.0,1.0
2025,5,0.0,2025_05_KC_JAX,Jacksonville Jaguars,Travis Etienne Jr.,RB,None,1.0,0.0,0.0,0.0,0.0,18.41,92.7,0.37,4.87,3.24,33.6,0.18,0.4261,72.0,36.25,33.75,245.9,149.2,1.3596116067232045,0.590386789931004,0.9061861184210527,0.0,0.0
2025,5,0.0,2025_05_KC_JAX,Jacksonville Jaguars,Bhayshul Tuten,RB,00-0040719,1.0,0.0,0.0,0.0,0.0,10.23,39.8,0.15,3.03,2.07,18.5,0.11,0.232,72.0,36.25,33.75,245.9,149.2,1.3596116067232045,0.590386789931004,0.9061861184210527,1.0,1.0
2025,5,0.0,2025_05_KC_JAX,Jacksonville Jaguars,LeQuint Allen Jr.,RB,00-0040238,1.0,0.0,0.0,0.0,0.0,0.0,0.0,0.0,0.0,0.0,0.0,0.0,0.0,72.0,36.25,33.75,245.9,149.2,1.3596116067232045,0.590386789931004,0.9061861184210527,1.0,1.0
2025,5,0.0,2025_05_KC_JAX,Jacksonville Jaguars,Brenton Strange,TE,00-0038935,1.0,0.0,0.0,0.0,0.0,0.0,0.0,0.0,6.03,3.53,29.9,0.21,0.1914,72.0,36.25,33.75,245.9,149.2,1.3596116067232045,0.590386789931004,0.9061861184210527,1.0,1.0
2025,5,0.0,2025_05_KC_JAX,Jacksonville Jaguars,Johnny Mundt,TE,00-0033246,1.0,0.0,0.0,0.0,0.0,0.0,0.0,0.0,3.12,1.81,15.0,0.11,0.103,72.0,36.25,33.75,245.9,149.2,1.3596116067232045,0.590386789931004,0.9061861184210527,1.0,1.0
2025,5,0.0,2025_05_KC_JAX,Jacksonville Jaguars,Hunter Long,TE,00-0037004,1.0,0.0,0.0,0.0,0.0,0.0,0.0,0.0,0.0,0.0,0.0,0.0,0.0,72.0,36.25,33.75,245.9,149.2,1.3596116067232045,0.590386789931004,0.9061861184210527,1.0,1.0
2025,5,0.0,2025_05_KC_JAX,Jacksonville Jaguars,John Copenhaver,TE,00-0040327,1.0,0.0,0.0,0.0,0.0,0.0,0.0,0.0,0.0,0.0,0.0,0.0,0.0,72.0,36.25,33.75,245.9,149.2,1.3596116067232045,0.590386789931004,0.9061861184210527,0.0,0.0
2025,5,0.0,2025_05_KC_JAX,Jacksonville Jaguars,Quintin Morris,TE,00-0036590,1.0,0.0,0.0,0.0,0.0,0.0,0.0,0.0,0.0,0.0,0.0,0.0,0.0,72.0,36.25,33.75,245.9,149.2,1.3596116067232045,0.590386789931004,0.9061861184210527,1.0,1.0
2025,5,0.0,2025_05_KC_JAX,Jacksonville Jaguars,Brian Thomas Jr.,WR,00-0039893,1.0,0.0,0.0,0.0,0.0,0.0,0.0,0.0,8.38,4.56,44.2,0.29,0.2528,72.0,36.25,33.75,245.9,149.2,1.3596116067232045,0.590386789931004,0.9061861184210527,1.0,1.0
2025,5,0.0,2025_05_KC_JAX,Jacksonville Jaguars,Travis Hunter,WR,00-0040718,1.0,0.0,0.0,0.0,0.0,0.0,0.0,0.0,6.31,3.78,42.2,0.23,0.2023,72.0,36.25,33.75,245.9,149.2,1.3596116067232045,0.590386789931004,0.9061861184210527,1.0,1.0
2025,5,0.0,2025_05_KC_JAX,Jacksonville Jaguars,Dyami Brown,WR,00-0036626,1.0,0.0,0.0,0.0,0.0,0.0,0.0,0.0,4.21,2.35,22.3,0.15,0.1392,72.0,36.25,33.75,245.9,149.2,1.3596116067232045,0.590386789931004,0.9061861184210527,1.0,1.0
2025,5,0.0,2025_05_KC_JAX,Jacksonville Jaguars,Cam Camper,WR,00-0040324,1.0,0.0,0.0,0.0,0.0,0.0,0.0,0.0,0.0,0.0,0.0,0.0,0.0,72.0,36.25,33.75,245.9,149.2,1.3596116067232045,0.590386789931004,0.9061861184210527,0.0,0.0
2025,5,0.0,2025_05_KC_JAX,Jacksonville Jaguars,Parker Washington,WR,00-0038606,1.0,0.0,0.0,0.0,0.0,0.0,0.0,0.0,0.0,0.0,0.0,0.0,0.0,72.0,36.25,33.75,245.9,149.2,1.3596116067232045,0.590386789931004,0.9061861184210527,1.0,1.0
2025,5,0.0,2025_05_KC_JAX,Jacksonville Jaguars,Tim Patrick,WR,00-0033375,1.0,0.0,0.0,0.0,0.0,0.0,0.0,0.0,0.0,0.0,0.0,0.0,0.0,72.0,36.25,33.75,245.9,149.2,1.3596116067232045,0.590386789931004,0.9061861184210527,1.0,1.0
2025,5,0.0,2025_05_KC_JAX,Kansas City Chiefs,Patrick Mahomes,QB,00-0033873,1.0,39.73,271.1,2.07,0.92,5.6,22.0,0.15,0.0,0.0,0.0,0.0,0.1355,72.0,41.4,28.39,314.2,140.4,2.160018621607569,0.7168839018498208,1.0350546064465422,1.0,1.0
2025,5,0.0,2025_05_KC_JAX,Kansas City Chiefs,Isiah Pacheco,RB,00-0037197,1.0,0.0,0.0,0.0,0.0,14.76,60.9,0.46,5.22,3.83,27.2,0.28,0.5196,72.0,41.4,28.39,314.2,140.4,2.160018621607569,0.7168839018498208,1.0350546064465422,1.0,1.0
2025,5,0.0,2025_05_KC_JAX,Kansas City Chiefs,Kareem Hunt,RB,00-0033923,1.0,0.0,0.0,0.0,0.0,8.04,33.6,0.17,3.25,2.14,16.4,0.18,0.2943,72.0,41.4,28.39,314.2,140.4,2.160018621607569,0.7168839018498208,1.0350546064465422,1.0,1.0
2025,5,0.0,2025_05_KC_JAX,Kansas City Chiefs,Brashard Smith,RB,00-0040078,1.0,0.0,0.0,0.0,0.0,0.0,0.0,0.0,0.0,0.0,0.0,0.0,0.0,72.0,41.4,28.39,314.2,140.4,2.160018621607569,0.7168839018498208,1.0350546064465422,1.0,1.0
2025,5,0.0,2025_05_KC_JAX,Kansas City Chiefs,Travis Kelce,TE,00-0030506,1.0,0.0,0.0,0.0,0.0,0.0,0.0,0.0,7.15,4.27,34.8,0.35,0.2941,72.0,41.4,28.39,314.2,140.4,2.160018621607569,0.7168839018498208,1.0350546064465422,1.0,1.0
2025,5,0.0,2025_05_KC_JAX,Kansas City Chiefs,Noah Gray,TE,00-0036637,1.0,0.0,0.0,0.0,0.0,0.0,0.0,0.0,3.69,2.16,18.6,0.17,0.1593,72.0,41.4,28.39,314.2,140.4,2.160018621607569,0.7168839018498208,1.0350546064465422,1.0,1.0
2025,5,0.0,2025_05_KC_JAX,Kansas City Chiefs,Geor'Quarius Spivey,TE,00-0039941,1.0,0.0,0.0,0.0,0.0,0.0,0.0,0.0,0.0,0.0,0.0,0.0,0.0,72.0,41.4,28.39,314.2,140.4,2.160018621607569,0.7168839018498208,1.0350546064465422,0.0,0.0
2025,5,0.0,2025_05_KC_JAX,Kansas City Chiefs,Jared Wiley,TE,00-0039824,1.0,0.0,0.0,0.0,0.0,0.0,0.0,0.0,0.0,0.0,0.0,0.0,0.0,72.0,41.4,28.39,314.2,140.4,2.160018621607569,0.7168839018498208,1.0350546064465422,0.0,0.0
2025,5,0.0,2025_05_KC_JAX,Kansas City Chiefs,Robert Tonyan,TE,00-0033757,1.0,0.0,0.0,0.0,0.0,0.0,0.0,0.0,0.0,0.0,0.0,0.0,0.0,72.0,41.4,28.39,314.2,140.4,2.160018621607569,0.7168839018498208,1.0350546064465422,1.0,1.0
2025,5,0.0,2025_05_KC_JAX,Kansas City Chiefs,Xavier Worthy,WR,00-0039894,1.0,0.0,0.0,0.0,0.0,0.0,0.0,0.0,9.79,5.83,61.4,0.5,0.3906,72.0,41.4,28.39,314.2,140.4,2.160018621607569,0.7168839018498208,1.0350546064465422,1.0,1.0
2025,5,0.0,2025_05_KC_JAX,Kansas City Chiefs,Marquise Brown,WR,00-0035662,1.0,0.0,0.0,0.0,0.0,0.0,0.0,0.0,7.38,3.83,40.7,0.36,0.3011,72.0,41.4,28.39,314.2,140.4,2.160018621607569,0.7168839018498208,1.0350546064465422,1.0,1.0
2025,5,0.0,2025_05_KC_JAX,Kansas City Chiefs,JuJu Smith-Schuster,WR,00-0033857,1.0,0.0,0.0,0.0,0.0,0.0,0.0,0.0,4.92,3.23,26.8,0.25,0.2203,72.0,41.4,28.39,314.2,140.4,2.160018621607569,0.7168839018498208,1.0350546064465422,1.0,1.0
2025,5,0.0,2025_05_KC_JAX,Kansas City Chiefs,Elijhah Badger,WR,00-0040080,1.0,0.0,0.0,0.0,0.0,0.0,0.0,0.0,0.0,0.0,0.0,0.0,0.0,72.0,41.4,28.39,314.2,140.4,2.160018621607569,0.7168839018498208,1.0350546064465422,0.0,0.0
2025,5,0.0,2025_05_KC_JAX,Kansas City Chiefs,Jalen Royals,WR,00-0040646,1.0,0.0,0.0,0.0,0.0,0.0,0.0,0.0,0.0,0.0,0.0,0.0,0.0,72.0,41.4,28.39,314.2,140.4,2.160018621607569,0.7168839018498208,1.0350546064465422,1.0,1.0
2025,5,0.0,2025_05_KC_JAX,Kansas City Chiefs,Jason Brownlee,WR,00-0038492,1.0,0.0,0.0,0.0,0.0,0.0,0.0,0.0,0.0,0.0,0.0,0.0,0.0,72.0,41.4,28.39,314.2,140.4,2.160018621607569,0.7168839018498208,1.0350546064465422,1.0,1.0
2025,5,0.0,2025_05_KC_JAX,Kansas City Chiefs,Nikko Remigio,WR,00-0038519,1.0,0.0,0.0,0.0,0.0,0.0,0.0,0.0,0.0,0.0,0.0,0.0,0.0,72.0,41.4,28.39,314.2,140.4,2.160018621607569,0.7168839018498208,1.0350546064465422,1.0,1.0
2025,5,0.0,2025_05_KC_JAX,Kansas City Chiefs,Tyquan Thornton,WR,00-0038104,1.0,0.0,0.0,0.0,0.0,0.0,0.0,0.0,0.0,0.0,0.0,0.0,0.0,72.0,41.4,28.39,314.2,140.4,2.160018621607569,0.7168839018498208,1.0350546064465422,1.0,1.0
2025,5,0.0,2025_05_LV_IND,Indianapolis Colts,Daniel Jones,QB,00-0035710,1.0,39.66,244.6,2.68,0.96,7.12,22.2,0.3,0.0,0.0,0.0,0.0,0.2569,67.76,42.88,22.59,288.0,98.8,3.741037556855384,0.9816035576576598,1.0721167748427525,1.0,1.0
2025,5,0.0,2025_05_LV_IND,Indianapolis Colts,Jonathan Taylor,RB,00-0036223,1.0,0.0,0.0,0.0,0.0,9.94,37.3,0.58,5.68,3.73,25.4,0.49,0.6569,67.76,42.88,22.59,288.0,98.8,3.741037556855384,0.9816035576576598,1.0721167748427525,1.0,1.0
2025,5,0.0,2025_05_LV_IND,Indianapolis Colts,DJ Giddens,RB,00-0040179,1.0,0.0,0.0,0.0,0.0,5.52,24.1,0.2,3.54,2.42,22.6,0.31,0.399,67.76,42.88,22.59,288.0,98.8,3.741037556855384,0.9816035576576598,1.0721167748427525,1.0,1.0
2025,5,0.0,2025_05_LV_IND,Indianapolis Colts,Ameer Abdullah,RB,00-0032104,1.0,0.0,0.0,0.0,0.0,0.0,0.0,0.0,0.0,0.0,0.0,0.0,0.0,67.76,42.88,22.59,288.0,98.8,3.741037556855384,0.9816035576576598,1.0721167748427525,1.0,1.0
2025,5,0.0,2025_05_LV_IND,Indianapolis Colts,Tyler Warren,TE,00-0040128,1.0,0.0,0.0,0.0,0.0,0.0,0.0,0.0,7.1,3.87,35.3,0.6,0.4519,67.76,42.88,22.59,288.0,98.8,3.741037556855384,0.9816035576576598,1.0721167748427525,1.0,1.0
2025,5,0.0,2025_05_LV_IND,Indianapolis Colts,Mo Alie-Cox,TE,00-0033217,1.0,0.0,0.0,0.0,0.0,0.0,0.0,0.0,3.67,1.99,18.5,0.32,0.2709,67.76,42.88,22.59,288.0,98.8,3.741037556855384,0.9816035576576598,1.0721167748427525,1.0,1.0
2025,5,0.0,2025_05_LV_IND,Indianapolis Colts,Andrew Ogletree,TE,00-0037292,1.0,0.0,0.0,0.0,0.0,0.0,0.0,0.0,0.0,0.0,0.0,0.0,0.0,67.76,42.88,22.59,288.0,98.8,3.741037556855384,0.9816035576576598,1.0721167748427525,1.0,1.0
2025,5,0.0,2025_05_LV_IND,Indianapolis Colts,Will Mallory,TE,00-0038394,1.0,0.0,0.0,0.0,0.0,0.0,0.0,0.0,0.0,0.0,0.0,0.0,0.0,67.76,42.88,22.59,288.0,98.8,3.741037556855384,0.9816035576576598,1.0721167748427525,1.0,1.0
2025,5,0.0,2025_05_LV_IND,Indianapolis Colts,Michael Pittman Jr.,WR,None,1.0,0.0,0.0,0.0,0.0,0.0,0.0,0.0,9.88,5.94,104.4,0.86,0.5775,67.76,42.88,22.59,288.0,98.8,3.741037556855384,0.9816035576576598,1.0721167748427525,0.0,0.0
2025,5,0.0,2025_05_LV_IND,Indianapolis Colts,Josh Downs,WR,00-0038997,1.0,0.0,0.0,0.0,0.0,0.0,0.0,0.0,7.44,4.55,39.2,0.61,0.4566,67.76,42.88,22.59,288.0,98.8,3.741037556855384,0.9816035576576598,1.0721167748427525,1.0,1.0
2025,5,0.0,2025_05_LV_IND,Indianapolis Colts,Ashton Dulin,WR,00-0035021,1.0,0.0,0.0,0.0,0.0,0.0,0.0,0.0,4.96,2.57,32.7,0.42,0.3427,67.76,42.88,22.59,288.0,98.8,3.741037556855384,0.9816035576576598,1.0721167748427525,1.0,1.0
2025,5,0.0,2025_05_LV_IND,Indianapolis Colts,Ajou Ajou,WR,00-0039957,1.0,0.0,0.0,0.0,0.0,0.0,0.0,0.0,0.0,0.0,0.0,0.0,0.0,67.76,42.88,22.59,288.0,98.8,3.741037556855384,0.9816035576576598,1.0721167748427525,0.0,0.0
2025,5,0.0,2025_05_LV_IND,Indianapolis Colts,Anthony Gould,WR,00-0039816,1.0,0.0,0.0,0.0,0.0,0.0,0.0,0.0,0.0,0.0,0.0,0.0,0.0,67.76,42.88,22.59,288.0,98.8,3.741037556855384,0.9816035576576598,1.0721167748427525,1.0,1.0
2025,5,0.0,2025_05_LV_IND,Las Vegas Raiders,Geno Smith,QB,00-0030565,1.0,29.28,168.9,1.52,0.58,6.06,17.0,0.18,0.0,0.0,0.0,0.0,0.1656,62.47,26.15,34.36,146.7,125.6,1.6005734471802124,1.014385397804949,0.6537656957339621,1.0,1.0
2025,5,0.0,2025_05_LV_IND,Las Vegas Raiders,Ashton Jeanty,RB,00-0040122,1.0,0.0,0.0,0.0,0.0,18.19,57.3,0.63,3.29,2.25,12.9,0.2,0.5648,62.47,26.15,34.36,146.7,125.6,1.6005734471802124,1.014385397804949,0.6537656957339621,1.0,1.0
2025,5,0.0,2025_05_LV_IND,Las Vegas Raiders,Raheem Mostert,RB,00-0031687,1.0,0.0,0.0,0.0,0.0,10.11,32.3,0.23,2.05,1.42,7.4,0.13,0.3038,62.47,26.15,34.36,146.7,125.6,1.6005734471802124,1.014385397804949,0.6537656957339621,1.0,1.0
2025,5,0.0,2025_05_LV_IND,Las Vegas Raiders,Dylan Laube,RB,00-0039407,1.0,0.0,0.0,0.0,0.0,0.0,0.0,0.0,0.0,0.0,0.0,0.0,0.0,62.47,26.15,34.36,146.7,125.6,1.6005734471802124,1.014385397804949,0.6537656957339621,1.0,1.0
2025,5,0.0,2025_05_LV_IND,Las Vegas Raiders,Zamir White,RB,00-0038040,1.0,0.0,0.0,0.0,0.0,0.0,0.0,0.0,0.0,0.0,0.0,0.0,0.0,62.47,26.15,34.36,146.7,125.6,1.6005734471802124,1.014385397804949,0.6537656957339621,1.0,1.0
2025,5,0.0,2025_05_LV_IND,Las Vegas Raiders,Ian Thomas,TE,00-0034365,1.0,0.0,0.0,0.0,0.0,0.0,0.0,0.0,4.53,2.64,19.7,0.25,0.2245,62.47,26.15,34.36,146.7,125.6,1.6005734471802124,1.014385397804949,0.6537656957339621,1.0,1.0
2025,5,0.0,2025_05_LV_IND,Las Vegas Raiders,Albert Okwuegbunam Jr.,TE,None,1.0,0.0,0.0,0.0,0.0,0.0,0.0,0.0,2.34,1.38,14.7,0.14,0.1336,62.47,26.15,34.36,146.7,125.6,1.6005734471802124,1.014385397804949,0.6537656957339621,0.0,0.0
2025,5,0.0,2025_05_LV_IND,Las Vegas Raiders,Carter Runyon,TE,00-0040488,1.0,0.0,0.0,0.0,0.0,0.0,0.0,0.0,0.0,0.0,0.0,0.0,0.0,62.47,26.15,34.36,146.7,125.6,1.6005734471802124,1.014385397804949,0.6537656957339621,1.0,1.0
2025,5,0.0,2025_05_LV_IND,Las Vegas Raiders,Jakobi Meyers,WR,None,1.0,0.0,0.0,0.0,0.0,0.0,0.0,0.0,6.18,3.79,53.7,0.38,0.315,62.47,26.15,34.36,146.7,125.6,1.6005734471802124,1.014385397804949,0.6537656957339621,0.0,1.0
2025,5,0.0,2025_05_LV_IND,Las Vegas Raiders,Tre Tucker,WR,00-0038563,1.0,0.0,0.0,0.0,0.0,0.0,0.0,0.0,4.66,2.52,20.6,0.26,0.2292,62.47,26.15,34.36,146.7,125.6,1.6005734471802124,1.014385397804949,0.6537656957339621,1.0,1.0
2025,5,0.0,2025_05_LV_IND,Las Vegas Raiders,Jack Bech,WR,00-0040729,1.0,0.0,0.0,0.0,0.0,0.0,0.0,0.0,3.1,1.98,18.7,0.18,0.1687,62.47,26.15,34.36,146.7,125.6,1.6005734471802124,1.014385397804949,0.6537656957339621,1.0,1.0
2025,5,0.0,2025_05_LV_IND,Las Vegas Raiders,Alex Bachman,WR,00-0035602,1.0,0.0,0.0,0.0,0.0,0.0,0.0,0.0,0.0,0.0,0.0,0.0,0.0,62.47,26.15,34.36,146.7,125.6,1.6005734471802124,1.014385397804949,0.6537656957339621,1.0,1.0
2025,5,0.0,2025_05_LV_IND,Las Vegas Raiders,Amari Cooper,WR,00-0031544,1.0,0.0,0.0,0.0,0.0,0.0,0.0,0.0,0.0,0.0,0.0,0.0,0.0,62.47,26.15,34.36,146.7,125.6,1.6005734471802124,1.014385397804949,0.6537656957339621,1.0,1.0
2025,5,0.0,2025_05_LV_IND,Las Vegas Raiders,Brenden Rice,WR,00-0039415,1.0,0.0,0.0,0.0,0.0,0.0,0.0,0.0,0.0,0.0,0.0,0.0,0.0,62.47,26.15,34.36,146.7,125.6,1.6005734471802124,1.014385397804949,0.6537656957339621,0.0,0.0
2025,5,0.0,2025_05_LV_IND,Las Vegas Raiders,Dont'e Thornton Jr.,WR,00-0040581,1.0,0.0,0.0,0.0,0.0,0.0,0.0,0.0,0.0,0.0,0.0,0.0,0.0,62.47,26.15,34.36,146.7,125.6,1.6005734471802124,1.014385397804949,0.6537656957339621,1.0,1.0
2025,5,0.0,2025_05_LV_IND,Las Vegas Raiders,Justin Shorter,WR,00-0038590,1.0,0.0,0.0,0.0,0.0,0.0,0.0,0.0,0.0,0.0,0.0,0.0,0.0,62.47,26.15,34.36,146.7,125.6,1.6005734471802124,1.014385397804949,0.6537656957339621,1.0,1.0
2025,5,0.0,2025_05_MIA_CAR,Carolina Panthers,Bryce Young,QB,00-0039150,1.0,37.43,203.9,1.87,0.9,5.09,14.8,0.15,0.0,0.0,0.0,0.0,0.1427,72.0,40.43,29.22,226.8,106.8,2.2996493902582418,0.8903091008466038,1.010699397993311,1.0,1.0
2025,5,0.0,2025_05_MIA_CAR,Carolina Panthers,Rico Dowdle,RB,00-0036139,1.0,0.0,0.0,0.0,0.0,15.51,47.5,0.55,5.36,3.87,23.2,0.32,0.5812,72.0,40.43,29.22,226.8,106.8,2.2996493902582418,0.8903091008466038,1.010699397993311,1.0,1.0
2025,5,0.0,2025_05_MIA_CAR,Carolina Panthers,Trevor Etienne,RB,00-0040644,1.0,0.0,0.0,0.0,0.0,8.62,30.2,0.2,3.33,2.4,19.4,0.19,0.3222,72.0,40.43,29.22,226.8,106.8,2.2996493902582418,0.8903091008466038,1.010699397993311,1.0,1.0
2025,5,0.0,2025_05_MIA_CAR,Carolina Panthers,Tommy Tremble,TE,00-0037005,1.0,0.0,0.0,0.0,0.0,0.0,0.0,0.0,7.41,4.27,31.3,0.39,0.3234,72.0,40.43,29.22,226.8,106.8,2.2996493902582418,0.8903091008466038,1.010699397993311,1.0,1.0
2025,5,0.0,2025_05_MIA_CAR,Carolina Panthers,Mitchell Evans,TE,00-0040187,1.0,0.0,0.0,0.0,0.0,0.0,0.0,0.0,3.83,2.27,19.1,0.21,0.1923,72.0,40.43,29.22,226.8,106.8,2.2996493902582418,0.8903091008466038,1.010699397993311,1.0,1.0
2025,5,0.0,2025_05_MIA_CAR,Carolina Panthers,Dominique Dafney,TE,00-0036456,1.0,0.0,0.0,0.0,0.0,0.0,0.0,0.0,0.0,0.0,0.0,0.0,0.0,72.0,40.43,29.22,226.8,106.8,2.2996493902582418,0.8903091008466038,1.010699397993311,0.0,0.0
2025,5,0.0,2025_05_MIA_CAR,Carolina Panthers,James Mitchell,TE,00-0037282,1.0,0.0,0.0,0.0,0.0,0.0,0.0,0.0,0.0,0.0,0.0,0.0,0.0,72.0,40.43,29.22,226.8,106.8,2.2996493902582418,0.8903091008466038,1.010699397993311,1.0,1.0
2025,5,0.0,2025_05_MIA_CAR,Carolina Panthers,Tetairoa McMillan,WR,00-0040124,1.0,0.0,0.0,0.0,0.0,0.0,0.0,0.0,8.84,4.83,44.9,0.47,0.3778,72.0,40.43,29.22,226.8,106.8,2.2996493902582418,0.8903091008466038,1.010699397993311,1.0,1.0
2025,5,0.0,2025_05_MIA_CAR,Carolina Panthers,Xavier Legette,WR,00-0039342,1.0,0.0,0.0,0.0,0.0,0.0,0.0,0.0,6.66,3.47,31.5,0.37,0.3121,72.0,40.43,29.22,226.8,106.8,2.2996493902582418,0.8903091008466038,1.010699397993311,1.0,1.0
2025,5,0.0,2025_05_MIA_CAR,Carolina Panthers,Hunter Renfrow,WR,00-0034983,1.0,0.0,0.0,0.0,0.0,0.0,0.0,0.0,4.44,2.66,20.6,0.24,0.2162,72.0,40.43,29.22,226.8,106.8,2.2996493902582418,0.8903091008466038,1.010699397993311,1.0,1.0
2025,5,0.0,2025_05_MIA_CAR,Carolina Panthers,Brycen Tremayne,WR,00-0038840,1.0,0.0,0.0,0.0,0.0,0.0,0.0,0.0,0.0,0.0,0.0,0.0,0.0,72.0,40.43,29.22,226.8,106.8,2.2996493902582418,0.8903091008466038,1.010699397993311,1.0,1.0
2025,5,0.0,2025_05_MIA_CAR,Carolina Panthers,Jimmy Horn Jr.,WR,00-0040218,1.0,0.0,0.0,0.0,0.0,0.0,0.0,0.0,0.0,0.0,0.0,0.0,0.0,72.0,40.43,29.22,226.8,106.8,2.2996493902582418,0.8903091008466038,1.010699397993311,1.0,1.0
2025,5,0.0,2025_05_MIA_CAR,Miami Dolphins,Tua Tagovailoa,QB,00-0036212,1.0,34.49,203.4,2.04,0.76,3.45,10.1,0.1,0.0,0.0,0.0,0.0,0.0946,72.0,34.27,36.0,195.0,133.4,2.2404082071050753,1.0778295141439527,0.8568588970588236,1.0,1.0
2025,5,0.0,2025_05_MIA_CAR,Miami Dolphins,De'Von Achane,RB,00-0039040,1.0,0.0,0.0,0.0,0.0,20.92,66.9,0.76,4.5,3.33,18.3,0.3,0.652,72.0,34.27,36.0,195.0,133.4,2.2404082071050753,1.0778295141439527,0.8568588970588236,1.0,1.0
2025,5,0.0,2025_05_MIA_CAR,Miami Dolphins,Ollie Gordon II,RB,00-0040198,1.0,0.0,0.0,0.0,0.0,11.62,39.3,0.28,2.8,2.02,15.0,0.19,0.3743,72.0,34.27,36.0,195.0,133.4,2.2404082071050753,1.0778295141439527,0.8568588970588236,1.0,1.0
2025,5,0.0,2025_05_MIA_CAR,Miami Dolphins,Darren Waller,TE,00-0031610,1.0,0.0,0.0,0.0,0.0,0.0,0.0,0.0,6.02,3.43,25.8,0.37,0.3097,72.0,34.27,36.0,195.0,133.4,2.2404082071050753,1.0778295141439527,0.8568588970588236,1.0,1.0
2025,5,0.0,2025_05_MIA_CAR,Miami Dolphins,Julian Hill,TE,00-0038720,1.0,0.0,0.0,0.0,0.0,0.0,0.0,0.0,3.11,1.7,14.1,0.2,0.1825,72.0,34.27,36.0,195.0,133.4,2.2404082071050753,1.0778295141439527,0.8568588970588236,1.0,1.0
2025,5,0.0,2025_05_MIA_CAR,Miami Dolphins,Chris Myarick,TE,00-0035345,1.0,0.0,0.0,0.0,0.0,0.0,0.0,0.0,0.0,0.0,0.0,0.0,0.0,72.0,34.27,36.0,195.0,133.4,2.2404082071050753,1.0778295141439527,0.8568588970588236,0.0,0.0
2025,5,0.0,2025_05_MIA_CAR,Miami Dolphins,Jaylen Waddle,WR,00-0036613,1.0,0.0,0.0,0.0,0.0,0.0,0.0,0.0,7.86,4.67,32.7,0.47,0.374,72.0,34.27,36.0,195.0,133.4,2.2404082071050753,1.0778295141439527,0.8568588970588236,1.0,1.0
2025,5,0.0,2025_05_MIA_CAR,Miami Dolphins,Malik Washington,WR,00-0039880,1.0,0.0,0.0,0.0,0.0,0.0,0.0,0.0,5.92,3.92,28.6,0.37,0.3102,72.0,34.27,36.0,195.0,133.4,2.2404082071050753,1.0778295141439527,0.8568588970588236,1.0,1.0
2025,5,0.0,2025_05_MIA_CAR,Miami Dolphins,Nick Westbrook-Ikhine,WR,00-0036182,1.0,0.0,0.0,0.0,0.0,0.0,0.0,0.0,3.94,1.97,16.4,0.25,0.2178,72.0,34.27,36.0,195.0,133.4,2.2404082071050753,1.0778295141439527,0.8568588970588236,1.0,1.0
2025,5,0.0,2025_05_MIA_CAR,Miami Dolphins,Dee Eskridge,WR,00-0036620,1.0,0.0,0.0,0.0,0.0,0.0,0.0,0.0,0.0,0.0,0.0,0.0,0.0,72.0,34.27,36.0,195.0,133.4,2.2404082071050753,1.0778295141439527,0.8568588970588236,1.0,1.0
2025,5,0.0,2025_05_MIA_CAR,Miami Dolphins,Tahj Washington,WR,00-0039884,1.0,0.0,0.0,0.0,0.0,0.0,0.0,0.0,0.0,0.0,0.0,0.0,0.0,72.0,34.27,36.0,195.0,133.4,2.2404082071050753,1.0778295141439527,0.8568588970588236,1.0,1.0
2025,5,0.0,2025_05_MIN_CLE,Cleveland Browns,Dillon Gabriel,QB,00-0040704,1.0,40.07,211.4,1.76,0.91,0.74,2.3,0.01,0.0,0.0,0.0,0.0,0.0141,72.0,40.67,28.36,228.2,103.7,1.7639845113081483,0.5847633124017111,1.016785625812371,1.0,1.0
2025,5,0.0,2025_05_MIN_CLE,Cleveland Browns,Quinshon Judkins,RB,00-0040784,1.0,0.0,0.0,0.0,0.0,17.76,56.4,0.43,5.45,3.64,24.1,0.23,0.4804,72.0,40.67,28.36,228.2,103.7,1.7639845113081483,0.5847633124017111,1.016785625812371,1.0,1.0
2025,5,0.0,2025_05_MIN_CLE,Cleveland Browns,Jerome Ford,RB,00-0037267,1.0,0.0,0.0,0.0,0.0,9.87,31.4,0.15,3.39,2.36,12.0,0.14,0.2515,72.0,40.67,28.36,228.2,103.7,1.7639845113081483,0.5847633124017111,1.016785625812371,1.0,1.0
2025,5,0.0,2025_05_MIN_CLE,Cleveland Browns,Dylan Sampson,RB,00-0040162,1.0,0.0,0.0,0.0,0.0,0.0,0.0,0.0,0.0,0.0,0.0,0.0,0.0,72.0,40.67,28.36,228.2,103.7,1.7639845113081483,0.5847633124017111,1.016785625812371,1.0,1.0
2025,5,0.0,2025_05_MIN_CLE,Cleveland Browns,David Njoku,TE,00-0033885,1.0,0.0,0.0,0.0,0.0,0.0,0.0,0.0,7.29,3.97,25.0,0.3,0.2565,72.0,40.67,28.36,228.2,103.7,1.7639845113081483,0.5847633124017111,1.016785625812371,1.0,1.0
2025,5,0.0,2025_05_MIN_CLE,Cleveland Browns,Harold Fannin Jr.,TE,00-0040663,1.0,0.0,0.0,0.0,0.0,0.0,0.0,0.0,3.77,2.03,13.4,0.15,0.1359,72.0,40.67,28.36,228.2,103.7,1.7639845113081483,0.5847633124017111,1.016785625812371,1.0,1.0
2025,5,0.0,2025_05_MIN_CLE,Cleveland Browns,Blake Whiteheart,TE,00-0038710,1.0,0.0,0.0,0.0,0.0,0.0,0.0,0.0,0.0,0.0,0.0,0.0,0.0,72.0,40.67,28.36,228.2,103.7,1.7639845113081483,0.5847633124017111,1.016785625812371,1.0,1.0
2025,5,0.0,2025_05_MIN_CLE,Cleveland Browns,Brenden Bates,TE,00-0039458,1.0,0.0,0.0,0.0,0.0,0.0,0.0,0.0,0.0,0.0,0.0,0.0,0.0,72.0,40.67,28.36,228.2,103.7,1.7639845113081483,0.5847633124017111,1.016785625812371,0.0,0.0
2025,5,0.0,2025_05_MIN_CLE,Cleveland Browns,Caden Prieskorn,TE,00-0040392,1.0,0.0,0.0,0.0,0.0,0.0,0.0,0.0,0.0,0.0,0.0,0.0,0.0,72.0,40.67,28.36,228.2,103.7,1.7639845113081483,0.5847633124017111,1.016785625812371,0.0,0.0
2025,5,0.0,2025_05_MIN_CLE,Cleveland Browns,Jerry Jeudy,WR,00-0036407,1.0,0.0,0.0,0.0,0.0,0.0,0.0,0.0,8.95,5.08,41.1,0.36,0.3008,72.0,40.67,28.36,228.2,103.7,1.7639845113081483,0.5847633124017111,1.016785625812371,1.0,1.0
2025,5,0.0,2025_05_MIN_CLE,Cleveland Browns,Isaiah Bond,WR,00-0040782,1.0,0.0,0.0,0.0,0.0,0.0,0.0,0.0,6.74,3.15,38.6,0.28,0.2413,72.0,40.67,28.36,228.2,103.7,1.7639845113081483,0.5847633124017111,1.016785625812371,1.0,1.0
2025,5,0.0,2025_05_MIN_CLE,Cleveland Browns,Jamari Thrash,WR,00-0039379,1.0,0.0,0.0,0.0,0.0,0.0,0.0,0.0,4.49,2.55,27.1,0.19,0.1691,72.0,40.67,28.36,228.2,103.7,1.7639845113081483,0.5847633124017111,1.016785625812371,1.0,1.0
2025,5,0.0,2025_05_MIN_CLE,Cleveland Browns,Chase Cota,WR,00-0038651,1.0,0.0,0.0,0.0,0.0,0.0,0.0,0.0,0.0,0.0,0.0,0.0,0.0,72.0,40.67,28.36,228.2,103.7,1.7639845113081483,0.5847633124017111,1.016785625812371,0.0,0.0
2025,5,0.0,2025_05_MIN_CLE,Cleveland Browns,Gage Larvadain,WR,00-0040259,1.0,0.0,0.0,0.0,0.0,0.0,0.0,0.0,0.0,0.0,0.0,0.0,0.0,72.0,40.67,28.36,228.2,103.7,1.7639845113081483,0.5847633124017111,1.016785625812371,1.0,1.0
2025,5,0.0,2025_05_MIN_CLE,Cleveland Browns,Malachi Corley,WR,00-0039920,1.0,0.0,0.0,0.0,0.0,0.0,0.0,0.0,0.0,0.0,0.0,0.0,0.0,72.0,40.67,28.36,228.2,103.7,1.7639845113081483,0.5847633124017111,1.016785625812371,1.0,1.0
2025,5,0.0,2025_05_MIN_CLE,Minnesota Vikings,Carson Wentz,QB,00-0032950,1.0,45.08,321.8,3.2,1.02,2.02,7.8,0.05,0.0,0.0,0.0,0.0,0.0526,72.0,45.75,21.6,347.3,106.8,3.399731474999132,0.568568072785574,1.143853183241642,1.0,1.0
2025,5,0.0,2025_05_MIN_CLE,Minnesota Vikings,Jordan Mason,RB,00-0037525,1.0,0.0,0.0,0.0,0.0,12.59,52.5,0.4,5.82,4.26,34.4,0.43,0.5655,72.0,45.75,21.6,347.3,106.8,3.399731474999132,0.568568072785574,1.143853183241642,1.0,1.0
2025,5,0.0,2025_05_MIN_CLE,Minnesota Vikings,Zavier Scott,RB,00-0038440,1.0,0.0,0.0,0.0,0.0,6.99,32.4,0.13,3.62,2.57,22.3,0.27,0.3345,72.0,45.75,21.6,347.3,106.8,3.399731474999132,0.568568072785574,1.143853183241642,1.0,1.0
2025,5,0.0,2025_05_MIN_CLE,Minnesota Vikings,T.J. Hockenson,TE,00-0035229,1.0,0.0,0.0,0.0,0.0,0.0,0.0,0.0,8.13,4.8,37.7,0.54,0.4194,72.0,45.75,21.6,347.3,106.8,3.399731474999132,0.568568072785574,1.143853183241642,1.0,1.0
2025,5,0.0,2025_05_MIN_CLE,Minnesota Vikings,Josh Oliver,TE,00-0035249,1.0,0.0,0.0,0.0,0.0,0.0,0.0,0.0,4.08,2.46,20.0,0.3,0.2593,72.0,45.75,21.6,347.3,106.8,3.399731474999132,0.568568072785574,1.143853183241642,1.0,1.0
2025,5,0.0,2025_05_MIN_CLE,Minnesota Vikings,Ben Sims,TE,00-0038809,1.0,0.0,0.0,0.0,0.0,0.0,0.0,0.0,0.0,0.0,0.0,0.0,0.0,72.0,45.75,21.6,347.3,106.8,3.399731474999132,0.568568072785574,1.143853183241642,0.0,0.0
2025,5,0.0,2025_05_MIN_CLE,Minnesota Vikings,Justin Jefferson,WR,00-0036322,1.0,0.0,0.0,0.0,0.0,0.0,0.0,0.0,10.8,6.58,64.2,0.77,0.5359,72.0,45.75,21.6,347.3,106.8,3.399731474999132,0.568568072785574,1.143853183241642,1.0,1.0
2025,5,0.0,2025_05_MIN_CLE,Minnesota Vikings,Jordan Addison,WR,00-0038994,1.0,0.0,0.0,0.0,0.0,0.0,0.0,0.0,7.98,4.43,46.9,0.58,0.4374,72.0,45.75,21.6,347.3,106.8,3.399731474999132,0.568568072785574,1.143853183241642,1.0,1.0
2025,5,0.0,2025_05_MIN_CLE,Minnesota Vikings,Jalen Nailor,WR,00-0037291,1.0,0.0,0.0,0.0,0.0,0.0,0.0,0.0,5.32,3.04,33.3,0.39,0.3233,72.0,45.75,21.6,347.3,106.8,3.399731474999132,0.568568072785574,1.143853183241642,1.0,1.0
2025,5,0.0,2025_05_MIN_CLE,Minnesota Vikings,Myles Price,WR,00-0040506,1.0,0.0,0.0,0.0,0.0,0.0,0.0,0.0,0.0,0.0,0.0,0.0,0.0,72.0,45.75,21.6,347.3,106.8,3.399731474999132,0.568568072785574,1.143853183241642,1.0,1.0
2025,5,0.0,2025_05_MIN_CLE,Minnesota Vikings,Tai Felton,WR,00-0040154,1.0,0.0,0.0,0.0,0.0,0.0,0.0,0.0,0.0,0.0,0.0,0.0,0.0,72.0,45.75,21.6,347.3,106.8,3.399731474999132,0.568568072785574,1.143853183241642,1.0,1.0
2025,5,0.0,2025_05_NE_BUF,Buffalo Bills,Josh Allen,QB,00-0034857,1.0,33.88,237.2,2.46,0.78,10.57,36.9,0.54,0.0,0.0,0.0,0.0,0.4159,72.0,34.97,34.71,265.5,171.7,2.8644782360847048,1.6192800562917693,0.87436811261731,1.0,1.0
2025,5,0.0,2025_05_NE_BUF,Buffalo Bills,James Cook,RB,00-0037248,1.0,0.0,0.0,0.0,0.0,15.52,65.3,0.94,4.62,3.38,25.6,0.38,0.7309,72.0,34.97,34.71,265.5,171.7,2.8644782360847048,1.6192800562917693,0.87436811261731,1.0,1.0
2025,5,0.0,2025_05_NE_BUF,Buffalo Bills,Ray Davis,RB,00-0039875,1.0,0.0,0.0,0.0,0.0,8.62,37.5,0.32,2.88,2.08,18.2,0.24,0.4313,72.0,34.97,34.71,265.5,171.7,2.8644782360847048,1.6192800562917693,0.87436811261731,1.0,1.0
2025,5,0.0,2025_05_NE_BUF,Buffalo Bills,Ty Johnson,RB,00-0035537,1.0,0.0,0.0,0.0,0.0,0.0,0.0,0.0,0.0,0.0,0.0,0.0,0.0,72.0,34.97,34.71,265.5,171.7,2.8644782360847048,1.6192800562917693,0.87436811261731,1.0,1.0
2025,5,0.0,2025_05_NE_BUF,Buffalo Bills,Dalton Kincaid,TE,00-0038933,1.0,0.0,0.0,0.0,0.0,0.0,0.0,0.0,6.25,3.68,32.5,0.46,0.3685,72.0,34.97,34.71,265.5,171.7,2.8644782360847048,1.6192800562917693,0.87436811261731,1.0,1.0
2025,5,0.0,2025_05_NE_BUF,Buffalo Bills,Dawson Knox,TE,00-0035689,1.0,0.0,0.0,0.0,0.0,0.0,0.0,0.0,3.23,1.89,16.5,0.26,0.2284,72.0,34.97,34.71,265.5,171.7,2.8644782360847048,1.6192800562917693,0.87436811261731,1.0,1.0
2025,5,0.0,2025_05_NE_BUF,Buffalo Bills,Jackson Hawes,TE,00-0040194,1.0,0.0,0.0,0.0,0.0,0.0,0.0,0.0,0.0,0.0,0.0,0.0,0.0,72.0,34.97,34.71,265.5,171.7,2.8644782360847048,1.6192800562917693,0.87436811261731,1.0,1.0
2025,5,0.0,2025_05_NE_BUF,Buffalo Bills,Keon Coleman,WR,00-0039901,1.0,0.0,0.0,0.0,0.0,0.0,0.0,0.0,7.83,3.74,52.8,0.64,0.4728,72.0,34.97,34.71,265.5,171.7,2.8644782360847048,1.6192800562917693,0.87436811261731,1.0,1.0
2025,5,0.0,2025_05_NE_BUF,Buffalo Bills,Khalil Shakir,WR,00-0037261,1.0,0.0,0.0,0.0,0.0,0.0,0.0,0.0,5.9,4.12,35.3,0.45,0.3624,72.0,34.97,34.71,265.5,171.7,2.8644782360847048,1.6192800562917693,0.87436811261731,1.0,1.0
2025,5,0.0,2025_05_NE_BUF,Buffalo Bills,Joshua Palmer,WR,None,1.0,0.0,0.0,0.0,0.0,0.0,0.0,0.0,3.93,2.41,44.6,0.32,0.2753,72.0,34.97,34.71,265.5,171.7,2.8644782360847048,1.6192800562917693,0.87436811261731,0.0,0.0
2025,5,0.0,2025_05_NE_BUF,Buffalo Bills,Brandin Cooks,WR,00-0031236,1.0,0.0,0.0,0.0,0.0,0.0,0.0,0.0,0.0,0.0,0.0,0.0,0.0,72.0,34.97,34.71,265.5,171.7,2.8644782360847048,1.6192800562917693,0.87436811261731,0.0,0.0
2025,5,0.0,2025_05_NE_BUF,Buffalo Bills,Curtis Samuel,WR,00-0033282,1.0,0.0,0.0,0.0,0.0,0.0,0.0,0.0,0.0,0.0,0.0,0.0,0.0,72.0,34.97,34.71,265.5,171.7,2.8644782360847048,1.6192800562917693,0.87436811261731,1.0,1.0
2025,5,0.0,2025_05_NE_BUF,Buffalo Bills,David White,WR,00-0039562,1.0,0.0,0.0,0.0,0.0,0.0,0.0,0.0,0.0,0.0,0.0,0.0,0.0,72.0,34.97,34.71,265.5,171.7,2.8644782360847048,1.6192800562917693,0.87436811261731,1.0,1.0
2025,5,0.0,2025_05_NE_BUF,Buffalo Bills,Tyrell Shavers,WR,00-0038679,1.0,0.0,0.0,0.0,0.0,0.0,0.0,0.0,0.0,0.0,0.0,0.0,0.0,72.0,34.97,34.71,265.5,171.7,2.8644782360847048,1.6192800562917693,0.87436811261731,1.0,1.0
2025,5,0.0,2025_05_NE_BUF,New England Patriots,Drake Maye,QB,00-0039851,1.0,27.11,180.5,1.36,0.6,6.42,24.1,0.18,0.0,0.0,0.0,0.0,0.1637,57.83,26.8,28.92,203.4,143.0,1.4572523731231561,0.7970616967181547,0.6699693150006961,1.0,1.0
2025,5,0.0,2025_05_NE_BUF,New England Patriots,Rhamondre Stevenson,RB,00-0036875,1.0,0.0,0.0,0.0,0.0,14.46,61.8,0.49,3.58,2.5,17.6,0.2,0.4958,57.83,26.8,28.92,203.4,143.0,1.4572523731231561,0.7970616967181547,0.6699693150006961,1.0,1.0
2025,5,0.0,2025_05_NE_BUF,New England Patriots,TreVeyon Henderson,RB,00-0040734,1.0,0.0,0.0,0.0,0.0,8.03,35.6,0.18,2.23,1.67,12.4,0.12,0.2555,57.83,26.8,28.92,203.4,143.0,1.4572523731231561,0.7970616967181547,0.6699693150006961,1.0,1.0
2025,5,0.0,2025_05_NE_BUF,New England Patriots,Antonio Gibson,RB,00-0036328,1.0,0.0,0.0,0.0,0.0,0.0,0.0,0.0,0.0,0.0,0.0,0.0,0.0,57.83,26.8,28.92,203.4,143.0,1.4572523731231561,0.7970616967181547,0.6699693150006961,1.0,1.0
2025,5,0.0,2025_05_NE_BUF,New England Patriots,Hunter Henry,TE,00-0033090,1.0,0.0,0.0,0.0,0.0,0.0,0.0,0.0,4.44,2.6,22.0,0.23,0.2024,57.83,26.8,28.92,203.4,143.0,1.4572523731231561,0.7970616967181547,0.6699693150006961,1.0,1.0
2025,5,0.0,2025_05_NE_BUF,New England Patriots,Austin Hooper,TE,00-0032392,1.0,0.0,0.0,0.0,0.0,0.0,0.0,0.0,2.3,1.37,10.7,0.11,0.1086,57.83,26.8,28.92,203.4,143.0,1.4572523731231561,0.7970616967181547,0.6699693150006961,1.0,1.0
2025,5,0.0,2025_05_NE_BUF,New England Patriots,Cole Fotheringham,TE,00-0037506,1.0,0.0,0.0,0.0,0.0,0.0,0.0,0.0,0.0,0.0,0.0,0.0,0.0,57.83,26.8,28.92,203.4,143.0,1.4572523731231561,0.7970616967181547,0.6699693150006961,0.0,0.0
2025,5,0.0,2025_05_NE_BUF,New England Patriots,Stefon Diggs,WR,00-0031588,1.0,0.0,0.0,0.0,0.0,0.0,0.0,0.0,6.32,4.23,37.8,0.32,0.2721,57.83,26.8,28.92,203.4,143.0,1.4572523731231561,0.7970616967181547,0.6699693150006961,1.0,1.0
2025,5,0.0,2025_05_NE_BUF,New England Patriots,Kayshon Boutte,WR,00-0038608,1.0,0.0,0.0,0.0,0.0,0.0,0.0,0.0,4.76,2.73,29.4,0.24,0.2124,57.83,26.8,28.92,203.4,143.0,1.4572523731231561,0.7970616967181547,0.6699693150006961,1.0,1.0
2025,5,0.0,2025_05_NE_BUF,New England Patriots,Mack Hollins,WR,00-0033555,1.0,0.0,0.0,0.0,0.0,0.0,0.0,0.0,3.17,1.87,17.8,0.16,0.1476,57.83,26.8,28.92,203.4,143.0,1.4572523731231561,0.7970616967181547,0.6699693150006961,1.0,1.0
2025,5,0.0,2025_05_NE_BUF,New England Patriots,Brandon Smith,WR,00-0036775,1.0,0.0,0.0,0.0,0.0,0.0,0.0,0.0,0.0,0.0,0.0,0.0,0.0,57.83,26.8,28.92,203.4,143.0,1.4572523731231561,0.7970616967181547,0.6699693150006961,0.0,0.0
2025,5,0.0,2025_05_NE_BUF,New England Patriots,DeMario Douglas,WR,00-0038621,1.0,0.0,0.0,0.0,0.0,0.0,0.0,0.0,0.0,0.0,0.0,0.0,0.0,57.83,26.8,28.92,203.4,143.0,1.4572523731231561,0.7970616967181547,0.6699693150006961,1.0,1.0
2025,5,0.0,2025_05_NE_BUF,New England Patriots,Efton Chism III,WR,00-0040563,1.0,0.0,0.0,0.0,0.0,0.0,0.0,0.0,0.0,0.0,0.0,0.0,0.0,57.83,26.8,28.92,203.4,143.0,1.4572523731231561,0.7970616967181547,0.6699693150006961,0.0,0.0
2025,5,0.0,2025_05_NE_BUF,New England Patriots,Kyle Williams,WR,00-0040131,1.0,0.0,0.0,0.0,0.0,0.0,0.0,0.0,0.0,0.0,0.0,0.0,0.0,57.83,26.8,28.92,203.4,143.0,1.4572523731231561,0.7970616967181547,0.6699693150006961,1.0,1.0
2025,5,0.0,2025_05_NYG_NO,New Orleans Saints,Spencer Rattler,QB,00-0039376,1.0,35.04,224.2,1.66,0.79,5.16,18.9,0.14,0.0,0.0,0.0,0.0,0.1317,72.0,35.41,34.39,252.6,159.8,1.9394856225735755,0.981223870426496,0.8852652418501612,1.0,1.0
2025,5,0.0,2025_05_NYG_NO,New Orleans Saints,Alvin Kamara,RB,00-0033906,1.0,0.0,0.0,0.0,0.0,18.79,74.8,0.64,4.44,3.27,20.8,0.24,0.5857,72.0,35.41,34.39,252.6,159.8,1.9394856225735755,0.981223870426496,0.8852652418501612,1.0,1.0
2025,5,0.0,2025_05_NYG_NO,New Orleans Saints,Kendre Miller,RB,00-0038551,1.0,0.0,0.0,0.0,0.0,10.44,44.4,0.22,2.76,1.97,15.5,0.15,0.3029,72.0,35.41,34.39,252.6,159.8,1.9394856225735755,0.981223870426496,0.8852652418501612,1.0,1.0
2025,5,0.0,2025_05_NYG_NO,New Orleans Saints,Juwan Johnson,TE,00-0036040,1.0,0.0,0.0,0.0,0.0,0.0,0.0,0.0,6.27,3.52,27.3,0.31,0.263,72.0,35.41,34.39,252.6,159.8,1.9394856225735755,0.981223870426496,0.8852652418501612,1.0,1.0
2025,5,0.0,2025_05_NYG_NO,New Orleans Saints,Foster Moreau,TE,00-0034981,1.0,0.0,0.0,0.0,0.0,0.0,0.0,0.0,3.24,1.85,14.5,0.16,0.151,72.0,35.41,34.39,252.6,159.8,1.9394856225735755,0.981223870426496,0.8852652418501612,1.0,1.0
2025,5,0.0,2025_05_NYG_NO,New Orleans Saints,Jack Stoll,TE,00-0036741,1.0,0.0,0.0,0.0,0.0,0.0,0.0,0.0,0.0,0.0,0.0,0.0,0.0,72.0,35.41,34.39,252.6,159.8,1.9394856225735755,0.981223870426496,0.8852652418501612,1.0,1.0
2025,5,0.0,2025_05_NYG_NO,New Orleans Saints,Chris Olave,WR,00-0037239,1.0,0.0,0.0,0.0,0.0,0.0,0.0,0.0,8.29,4.91,46.2,0.41,0.3378,72.0,35.41,34.39,252.6,159.8,1.9394856225735755,0.981223870426496,0.8852652418501612,1.0,1.0
2025,5,0.0,2025_05_NYG_NO,New Orleans Saints,Rashid Shaheed,WR,None,1.0,0.0,0.0,0.0,0.0,0.0,0.0,0.0,6.24,3.92,67.0,0.34,0.2895,72.0,35.41,34.39,252.6,159.8,1.9394856225735755,0.981223870426496,0.8852652418501612,0.0,1.0
2025,5,0.0,2025_05_NYG_NO,New Orleans Saints,Brandin Cooks,WR,None,1.0,0.0,0.0,0.0,0.0,0.0,0.0,0.0,4.16,2.6,42.8,0.23,0.2038,72.0,35.41,34.39,252.6,159.8,1.9394856225735755,0.981223870426496,0.8852652418501612,0.0,1.0
2025,5,0.0,2025_05_NYG_NO,New Orleans Saints,Devaughn Vele,WR,00-0039424,1.0,0.0,0.0,0.0,0.0,0.0,0.0,0.0,0.0,0.0,0.0,0.0,0.0,72.0,35.41,34.39,252.6,159.8,1.9394856225735755,0.981223870426496,0.8852652418501612,1.0,1.0
2025,5,0.0,2025_05_NYG_NO,New Orleans Saints,Mason Tipton,WR,00-0039623,1.0,0.0,0.0,0.0,0.0,0.0,0.0,0.0,0.0,0.0,0.0,0.0,0.0,72.0,35.41,34.39,252.6,159.8,1.9394856225735755,0.981223870426496,0.8852652418501612,1.0,1.0
2025,5,0.0,2025_05_NYG_NO,New York Giants,Jaxson Dart,QB,00-0040691,1.0,29.49,155.6,2.54,0.67,5.86,16.9,0.28,0.0,0.0,0.0,0.0,0.2438,72.0,29.94,39.6,167.9,144.7,2.545200414523551,1.6842461384964977,0.7483875166139241,1.0,1.0
2025,5,0.0,2025_05_NYG_NO,New York Giants,Cam Skattebo,RB,00-0040715,1.0,0.0,0.0,0.0,0.0,21.69,72.9,1.16,3.92,2.72,18.0,0.33,0.7746,72.0,29.94,39.6,167.9,144.7,2.545200414523551,1.6842461384964977,0.7483875166139241,1.0,1.0
2025,5,0.0,2025_05_NYG_NO,New York Giants,Devin Singletary,RB,00-0035250,1.0,0.0,0.0,0.0,0.0,12.05,38.0,0.4,2.44,1.73,9.1,0.2,0.4517,72.0,29.94,39.6,167.9,144.7,2.545200414523551,1.6842461384964977,0.7483875166139241,1.0,1.0
2025,5,0.0,2025_05_NYG_NO,New York Giants,Theo Johnson,TE,00-0039847,1.0,0.0,0.0,0.0,0.0,0.0,0.0,0.0,5.3,2.72,21.5,0.41,0.339,72.0,29.94,39.6,167.9,144.7,2.545200414523551,1.6842461384964977,0.7483875166139241,1.0,1.0
2025,5,0.0,2025_05_NYG_NO,New York Giants,Daniel Bellinger,TE,00-0038115,1.0,0.0,0.0,0.0,0.0,0.0,0.0,0.0,2.74,1.78,10.7,0.22,0.1942,72.0,29.94,39.6,167.9,144.7,2.545200414523551,1.6842461384964977,0.7483875166139241,1.0,1.0
2025,5,0.0,2025_05_NYG_NO,New York Giants,Chris Manhertz,TE,00-0031484,1.0,0.0,0.0,0.0,0.0,0.0,0.0,0.0,0.0,0.0,0.0,0.0,0.0,72.0,29.94,39.6,167.9,144.7,2.545200414523551,1.6842461384964977,0.7483875166139241,1.0,1.0
2025,5,0.0,2025_05_NYG_NO,New York Giants,Jermaine Terry,TE,00-0040457,1.0,0.0,0.0,0.0,0.0,0.0,0.0,0.0,0.0,0.0,0.0,0.0,0.0,72.0,29.94,39.6,167.9,144.7,2.545200414523551,1.6842461384964977,0.7483875166139241,0.0,0.0
2025,5,0.0,2025_05_NYG_NO,New York Giants,Thomas Fidone II,TE,00-0040225,1.0,0.0,0.0,0.0,0.0,0.0,0.0,0.0,0.0,0.0,0.0,0.0,0.0,72.0,29.94,39.6,167.9,144.7,2.545200414523551,1.6842461384964977,0.7483875166139241,1.0,1.0
2025,5,0.0,2025_05_NYG_NO,New York Giants,Wan'Dale Robinson,WR,00-0038117,1.0,0.0,0.0,0.0,0.0,0.0,0.0,0.0,6.84,4.35,31.6,0.53,0.4091,72.0,29.94,39.6,167.9,144.7,2.545200414523551,1.6842461384964977,0.7483875166139241,1.0,1.0
2025,5,0.0,2025_05_NYG_NO,New York Giants,Darius Slayton,WR,00-0035535,1.0,0.0,0.0,0.0,0.0,0.0,0.0,0.0,5.15,2.79,23.4,0.39,0.3247,72.0,29.94,39.6,167.9,144.7,2.545200414523551,1.6842461384964977,0.7483875166139241,1.0,1.0
2025,5,0.0,2025_05_NYG_NO,New York Giants,Jalin Hyatt,WR,00-0038938,1.0,0.0,0.0,0.0,0.0,0.0,0.0,0.0,3.44,1.61,17.3,0.26,0.2274,72.0,29.94,39.6,167.9,144.7,2.545200414523551,1.6842461384964977,0.7483875166139241,1.0,1.0
2025,5,0.0,2025_05_NYG_NO,New York Giants,Antwane Wells Jr.,WR,00-0040438,1.0,0.0,0.0,0.0,0.0,0.0,0.0,0.0,0.0,0.0,0.0,0.0,0.0,72.0,29.94,39.6,167.9,144.7,2.545200414523551,1.6842461384964977,0.7483875166139241,0.0,0.0
2025,5,0.0,2025_05_NYG_NO,New York Giants,Beaux Collins,WR,00-0040432,1.0,0.0,0.0,0.0,0.0,0.0,0.0,0.0,0.0,0.0,0.0,0.0,0.0,72.0,29.94,39.6,167.9,144.7,2.545200414523551,1.6842461384964977,0.7483875166139241,1.0,1.0
2025,5,0.0,2025_05_NYG_NO,New York Giants,Gunner Olszewski,WR,00-0035645,1.0,0.0,0.0,0.0,0.0,0.0,0.0,0.0,0.0,0.0,0.0,0.0,0.0,72.0,29.94,39.6,167.9,144.7,2.545200414523551,1.6842461384964977,0.7483875166139241,1.0,1.0
2025,5,0.0,2025_05_SF_LA,Los Angeles Rams,Matthew Stafford,QB,00-0026498,1.0,41.44,273.9,2.58,1.01,2.74,10.2,0.08,0.0,0.0,0.0,0.0,0.0794,72.0,45.44,24.0,318.2,109.5,3.1688971725179678,0.7299556068230735,1.136044705882353,1.0,1.0
2025,5,0.0,2025_05_SF_LA,Los Angeles Rams,Kyren Williams,RB,00-0037840,1.0,0.0,0.0,0.0,0.0,13.67,52.9,0.52,5.93,4.1,28.6,0.45,0.6217,72.0,45.44,24.0,318.2,109.5,3.1688971725179678,0.7299556068230735,1.136044705882353,1.0,1.0
2025,5,0.0,2025_05_SF_LA,Los Angeles Rams,Blake Corum,RB,00-0039738,1.0,0.0,0.0,0.0,0.0,7.59,29.5,0.18,3.69,2.46,20.0,0.25,0.3482,72.0,45.44,24.0,318.2,109.5,3.1688971725179678,0.7299556068230735,1.136044705882353,1.0,1.0
2025,5,0.0,2025_05_SF_LA,Los Angeles Rams,Jarquez Hunter,RB,00-0040692,1.0,0.0,0.0,0.0,0.0,0.0,0.0,0.0,0.0,0.0,0.0,0.0,0.0,72.0,45.44,24.0,318.2,109.5,3.1688971725179678,0.7299556068230735,1.136044705882353,1.0,1.0
2025,5,0.0,2025_05_SF_LA,Los Angeles Rams,Davis Allen,TE,00-0039074,1.0,0.0,0.0,0.0,0.0,0.0,0.0,0.0,8.22,4.47,41.7,0.57,0.4369,72.0,45.44,24.0,318.2,109.5,3.1688971725179678,0.7299556068230735,1.136044705882353,1.0,1.0
2025,5,0.0,2025_05_SF_LA,Los Angeles Rams,Colby Parkinson,TE,00-0036244,1.0,0.0,0.0,0.0,0.0,0.0,0.0,0.0,4.25,2.43,17.9,0.3,0.2587,72.0,45.44,24.0,318.2,109.5,3.1688971725179678,0.7299556068230735,1.136044705882353,1.0,1.0
2025,5,0.0,2025_05_SF_LA,Los Angeles Rams,Terrance Ferguson,TE,00-0040737,1.0,0.0,0.0,0.0,0.0,0.0,0.0,0.0,0.0,0.0,0.0,0.0,0.0,72.0,45.44,24.0,318.2,109.5,3.1688971725179678,0.7299556068230735,1.136044705882353,1.0,1.0
2025,5,0.0,2025_05_SF_LA,Los Angeles Rams,Puka Nacua,WR,00-0039075,1.0,0.0,0.0,0.0,0.0,0.0,0.0,0.0,10.22,6.81,55.1,0.66,0.4815,72.0,45.44,24.0,318.2,109.5,3.1688971725179678,0.7299556068230735,1.136044705882353,1.0,1.0
2025,5,0.0,2025_05_SF_LA,Los Angeles Rams,Davante Adams,WR,00-0031381,1.0,0.0,0.0,0.0,0.0,0.0,0.0,0.0,7.7,4.01,38.2,0.53,0.4093,72.0,45.44,24.0,318.2,109.5,3.1688971725179678,0.7299556068230735,1.136044705882353,1.0,1.0
2025,5,0.0,2025_05_SF_LA,Los Angeles Rams,Jordan Whittington,WR,00-0039751,1.0,0.0,0.0,0.0,0.0,0.0,0.0,0.0,5.13,3.43,31.9,0.33,0.2839,72.0,45.44,24.0,318.2,109.5,3.1688971725179678,0.7299556068230735,1.136044705882353,1.0,1.0
2025,5,0.0,2025_05_SF_LA,Los Angeles Rams,Drake Stoops,WR,00-0039773,1.0,0.0,0.0,0.0,0.0,0.0,0.0,0.0,0.0,0.0,0.0,0.0,0.0,72.0,45.44,24.0,318.2,109.5,3.1688971725179678,0.7299556068230735,1.136044705882353,0.0,0.0
2025,5,0.0,2025_05_SF_LA,Los Angeles Rams,Konata Mumpfield,WR,00-0040590,1.0,0.0,0.0,0.0,0.0,0.0,0.0,0.0,0.0,0.0,0.0,0.0,0.0,72.0,45.44,24.0,318.2,109.5,3.1688971725179678,0.7299556068230735,1.136044705882353,1.0,1.0
2025,5,0.0,2025_05_SF_LA,Los Angeles Rams,Tutu Atwell,WR,00-0036849,1.0,0.0,0.0,0.0,0.0,0.0,0.0,0.0,0.0,0.0,0.0,0.0,0.0,72.0,45.44,24.0,318.2,109.5,3.1688971725179678,0.7299556068230735,1.136044705882353,1.0,1.0
2025,5,0.0,2025_05_SF_LA,Los Angeles Rams,Xavier Smith,WR,00-0038359,1.0,0.0,0.0,0.0,0.0,0.0,0.0,0.0,0.0,0.0,0.0,0.0,0.0,72.0,45.44,24.0,318.2,109.5,3.1688971725179678,0.7299556068230735,1.136044705882353,1.0,1.0
2025,5,0.0,2025_05_SF_LA,San Francisco 49ers,Mac Jones,QB,00-0036972,1.0,32.08,182.8,1.61,0.75,3.09,8.9,0.08,0.0,0.0,0.0,0.0,0.0745,55.0,33.5,19.17,200.6,74.8,1.9446745715632643,0.501388591460743,0.8375850646658928,1.0,1.0
2025,5,0.0,2025_05_SF_LA,San Francisco 49ers,Christian McCaffrey,RB,00-0033280,1.0,0.0,0.0,0.0,0.0,10.33,33.9,0.34,4.16,3.13,16.3,0.25,0.4455,55.0,33.5,19.17,200.6,74.8,1.9446745715632643,0.501388591460743,0.8375850646658928,1.0,1.0
2025,5,0.0,2025_05_SF_LA,San Francisco 49ers,Brian Robinson Jr.,RB,None,1.0,0.0,0.0,0.0,0.0,5.74,23.8,0.11,2.59,1.79,14.7,0.15,0.2307,55.0,33.5,19.17,200.6,74.8,1.9446745715632643,0.501388591460743,0.8375850646658928,0.0,0.0
2025,5,0.0,2025_05_SF_LA,San Francisco 49ers,Isaac Guerendo,RB,00-0039363,1.0,0.0,0.0,0.0,0.0,0.0,0.0,0.0,0.0,0.0,0.0,0.0,0.0,55.0,33.5,19.17,200.6,74.8,1.9446745715632643,0.501388591460743,0.8375850646658928,1.0,1.0
2025,5,0.0,2025_05_SF_LA,San Francisco 49ers,Jake Tonges,TE,00-0037112,1.0,0.0,0.0,0.0,0.0,0.0,0.0,0.0,5.8,3.4,28.8,0.32,0.2704,55.0,33.5,19.17,200.6,74.8,1.9446745715632643,0.501388591460743,0.8375850646658928,1.0,1.0
2025,5,0.0,2025_05_SF_LA,San Francisco 49ers,Luke Farrell,TE,00-0036887,1.0,0.0,0.0,0.0,0.0,0.0,0.0,0.0,3.0,1.85,13.8,0.16,0.1491,55.0,33.5,19.17,200.6,74.8,1.9446745715632643,0.501388591460743,0.8375850646658928,1.0,1.0
2025,5,0.0,2025_05_SF_LA,San Francisco 49ers,Brayden Willis,TE,00-0038643,1.0,0.0,0.0,0.0,0.0,0.0,0.0,0.0,0.0,0.0,0.0,0.0,0.0,55.0,33.5,19.17,200.6,74.8,1.9446745715632643,0.501388591460743,0.8375850646658928,1.0,1.0
2025,5,0.0,2025_05_SF_LA,San Francisco 49ers,Hayden Rucci,TE,00-0039489,1.0,0.0,0.0,0.0,0.0,0.0,0.0,0.0,0.0,0.0,0.0,0.0,0.0,55.0,33.5,19.17,200.6,74.8,1.9446745715632643,0.501388591460743,0.8375850646658928,0.0,0.0
2025,5,0.0,2025_05_SF_LA,San Francisco 49ers,Kendrick Bourne,WR,00-0033307,1.0,0.0,0.0,0.0,0.0,0.0,0.0,0.0,7.96,5.11,39.3,0.42,0.3429,55.0,33.5,19.17,200.6,74.8,1.9446745715632643,0.501388591460743,0.8375850646658928,1.0,1.0
2025,5,0.0,2025_05_SF_LA,San Francisco 49ers,Demarcus Robinson,WR,00-0032775,1.0,0.0,0.0,0.0,0.0,0.0,0.0,0.0,5.99,3.35,27.9,0.34,0.2868,55.0,33.5,19.17,200.6,74.8,1.9446745715632643,0.501388591460743,0.8375850646658928,1.0,1.0
2025,5,0.0,2025_05_SF_LA,San Francisco 49ers,Skyy Moore,WR,00-0038090,1.0,0.0,0.0,0.0,0.0,0.0,0.0,0.0,4.0,2.17,19.8,0.22,0.1939,55.0,33.5,19.17,200.6,74.8,1.9446745715632643,0.501388591460743,0.8375850646658928,1.0,1.0
2025,5,0.0,2025_05_SF_LA,San Francisco 49ers,Colton Dowell,WR,00-0038632,1.0,0.0,0.0,0.0,0.0,0.0,0.0,0.0,0.0,0.0,0.0,0.0,0.0,55.0,33.5,19.17,200.6,74.8,1.9446745715632643,0.501388591460743,0.8375850646658928,0.0,0.0
2025,5,0.0,2025_05_SF_LA,San Francisco 49ers,Malik Turner,WR,00-0034867,1.0,0.0,0.0,0.0,0.0,0.0,0.0,0.0,0.0,0.0,0.0,0.0,0.0,55.0,33.5,19.17,200.6,74.8,1.9446745715632643,0.501388591460743,0.8375850646658928,1.0,1.0
2025,5,0.0,2025_05_TB_SEA,Seattle Seahawks,Sam Darnold,QB,00-0034869,1.0,30.99,215.5,1.87,0.73,7.9,29.2,0.26,0.0,0.0,0.0,0.0,0.2286,72.0,32.77,37.09,248.7,183.4,2.076910850335516,1.1771884341980012,0.8192129672087444,1.0,1.0
2025,5,0.0,2025_05_TB_SEA,Seattle Seahawks,Kenneth Walker III,RB,00-0038134,1.0,0.0,0.0,0.0,0.0,18.76,81.5,0.73,4.3,3.15,23.6,0.27,0.6341,72.0,32.77,37.09,248.7,183.4,2.076910850335516,1.1771884341980012,0.8192129672087444,1.0,1.0
2025,5,0.0,2025_05_TB_SEA,Seattle Seahawks,Zach Charbonnet,RB,00-0039165,1.0,0.0,0.0,0.0,0.0,10.42,45.0,0.27,2.68,1.96,14.6,0.16,0.3512,72.0,32.77,37.09,248.7,183.4,2.076910850335516,1.1771884341980012,0.8192129672087444,1.0,1.0
2025,5,0.0,2025_05_TB_SEA,Seattle Seahawks,George Holani,RB,00-0039299,1.0,0.0,0.0,0.0,0.0,0.0,0.0,0.0,0.0,0.0,0.0,0.0,0.0,72.0,32.77,37.09,248.7,183.4,2.076910850335516,1.1771884341980012,0.8192129672087444,1.0,1.0
2025,5,0.0,2025_05_TB_SEA,Seattle Seahawks,AJ Barner,TE,00-0039793,1.0,0.0,0.0,0.0,0.0,0.0,0.0,0.0,5.66,3.7,31.5,0.34,0.2899,72.0,32.77,37.09,248.7,183.4,2.076910850335516,1.1771884341980012,0.8192129672087444,1.0,1.0
2025,5,0.0,2025_05_TB_SEA,Seattle Seahawks,Elijah Arroyo,TE,00-0040739,1.0,0.0,0.0,0.0,0.0,0.0,0.0,0.0,2.93,1.53,18.3,0.18,0.1673,72.0,32.77,37.09,248.7,183.4,2.076910850335516,1.1771884341980012,0.8192129672087444,1.0,1.0
2025,5,0.0,2025_05_TB_SEA,Seattle Seahawks,Eric Saubert,TE,00-0033576,1.0,0.0,0.0,0.0,0.0,0.0,0.0,0.0,0.0,0.0,0.0,0.0,0.0,72.0,32.77,37.09,248.7,183.4,2.076910850335516,1.1771884341980012,0.8192129672087444,1.0,1.0
2025,5,0.0,2025_05_TB_SEA,Seattle Seahawks,Jaxon Smith-Njigba,WR,00-0038543,1.0,0.0,0.0,0.0,0.0,0.0,0.0,0.0,7.59,5.13,44.3,0.45,0.3596,72.0,32.77,37.09,248.7,183.4,2.076910850335516,1.1771884341980012,0.8192129672087444,1.0,1.0
2025,5,0.0,2025_05_TB_SEA,Seattle Seahawks,Cooper Kupp,WR,00-0033908,1.0,0.0,0.0,0.0,0.0,0.0,0.0,0.0,5.71,3.6,31.1,0.35,0.2958,72.0,32.77,37.09,248.7,183.4,2.076910850335516,1.1771884341980012,0.8192129672087444,1.0,1.0
2025,5,0.0,2025_05_TB_SEA,Seattle Seahawks,Tory Horton,WR,00-0040648,1.0,0.0,0.0,0.0,0.0,0.0,0.0,0.0,3.81,2.14,29.6,0.24,0.212,72.0,32.77,37.09,248.7,183.4,2.076910850335516,1.1771884341980012,0.8192129672087444,1.0,1.0
2025,5,0.0,2025_05_TB_SEA,Seattle Seahawks,Cody White,WR,00-0035891,1.0,0.0,0.0,0.0,0.0,0.0,0.0,0.0,0.0,0.0,0.0,0.0,0.0,72.0,32.77,37.09,248.7,183.4,2.076910850335516,1.1771884341980012,0.8192129672087444,0.0,0.0
2025,5,0.0,2025_05_TB_SEA,Seattle Seahawks,Dareke Young,WR,00-0037093,1.0,0.0,0.0,0.0,0.0,0.0,0.0,0.0,0.0,0.0,0.0,0.0,0.0,72.0,32.77,37.09,248.7,183.4,2.076910850335516,1.1771884341980012,0.8192129672087444,1.0,1.0
2025,5,0.0,2025_05_TB_SEA,Seattle Seahawks,Jake Bobo,WR,00-0038752,1.0,0.0,0.0,0.0,0.0,0.0,0.0,0.0,0.0,0.0,0.0,0.0,0.0,72.0,32.77,37.09,248.7,183.4,2.076910850335516,1.1771884341980012,0.8192129672087444,1.0,1.0
2025,5,0.0,2025_05_TB_SEA,Tampa Bay Buccaneers,Baker Mayfield,QB,00-0034855,1.0,40.42,230.5,2.53,0.98,4.95,14.1,0.14,0.0,0.0,0.0,0.0,0.1315,72.0,43.79,25.35,245.7,92.7,2.639045887849237,0.7125241636109587,1.094749216810296,1.0,1.0
2025,5,0.0,2025_05_TB_SEA,Tampa Bay Buccaneers,Rachaad White,RB,00-0037256,1.0,0.0,0.0,0.0,0.0,13.12,41.3,0.43,5.69,4.53,23.1,0.35,0.5435,72.0,43.79,25.35,245.7,92.7,2.639045887849237,0.7125241636109587,1.094749216810296,1.0,1.0
2025,5,0.0,2025_05_TB_SEA,Tampa Bay Buccaneers,Sean Tucker,RB,00-0038951,1.0,0.0,0.0,0.0,0.0,7.29,23.6,0.16,3.54,2.45,17.2,0.21,0.3114,72.0,43.79,25.35,245.7,92.7,2.639045887849237,0.7125241636109587,1.094749216810296,1.0,1.0
2025,5,0.0,2025_05_TB_SEA,Tampa Bay Buccaneers,Josh Williams,RB,00-0040429,1.0,0.0,0.0,0.0,0.0,0.0,0.0,0.0,0.0,0.0,0.0,0.0,0.0,72.0,43.79,25.35,245.7,92.7,2.639045887849237,0.7125241636109587,1.094749216810296,1.0,1.0
2025,5,0.0,2025_05_TB_SEA,Tampa Bay Buccaneers,Cade Otton,TE,00-0038129,1.0,0.0,0.0,0.0,0.0,0.0,0.0,0.0,8.06,4.57,28.8,0.45,0.3623,72.0,43.79,25.35,245.7,92.7,2.639045887849237,0.7125241636109587,1.094749216810296,1.0,1.0
2025,5,0.0,2025_05_TB_SEA,Tampa Bay Buccaneers,Payne Durham,TE,00-0039050,1.0,0.0,0.0,0.0,0.0,0.0,0.0,0.0,4.17,2.44,19.2,0.24,0.2156,72.0,43.79,25.35,245.7,92.7,2.639045887849237,0.7125241636109587,1.094749216810296,1.0,1.0
2025,5,0.0,2025_05_TB_SEA,Tampa Bay Buccaneers,Devin Culp,TE,00-0039754,1.0,0.0,0.0,0.0,0.0,0.0,0.0,0.0,0.0,0.0,0.0,0.0,0.0,72.0,43.79,25.35,245.7,92.7,2.639045887849237,0.7125241636109587,1.094749216810296,1.0,1.0
2025,5,0.0,2025_05_TB_SEA,Tampa Bay Buccaneers,Chris Godwin Jr.,WR,00-0033921,1.0,0.0,0.0,0.0,0.0,0.0,0.0,0.0,9.9,6.33,41.1,0.56,0.4293,72.0,43.79,25.35,245.7,92.7,2.639045887849237,0.7125241636109587,1.094749216810296,1.0,1.0
2025,5,0.0,2025_05_TB_SEA,Tampa Bay Buccaneers,Emeka Egbuka,WR,00-0040129,1.0,0.0,0.0,0.0,0.0,0.0,0.0,0.0,7.46,3.6,33.5,0.43,0.3463,72.0,43.79,25.35,245.7,92.7,2.639045887849237,0.7125241636109587,1.094749216810296,1.0,1.0
2025,5,0.0,2025_05_TB_SEA,Tampa Bay Buccaneers,Sterling Shepard,WR,00-0032385,1.0,0.0,0.0,0.0,0.0,0.0,0.0,0.0,4.97,2.88,21.0,0.29,0.2515,72.0,43.79,25.35,245.7,92.7,2.639045887849237,0.7125241636109587,1.094749216810296,1.0,1.0
2025,5,0.0,2025_05_TB_SEA,Tampa Bay Buccaneers,Kameron Johnson,WR,00-0039589,1.0,0.0,0.0,0.0,0.0,0.0,0.0,0.0,0.0,0.0,0.0,0.0,0.0,72.0,43.79,25.35,245.7,92.7,2.639045887849237,0.7125241636109587,1.094749216810296,1.0,1.0
2025,5,0.0,2025_05_TB_SEA,Tampa Bay Buccaneers,Tez Johnson,WR,00-0040237,1.0,0.0,0.0,0.0,0.0,0.0,0.0,0.0,0.0,0.0,0.0,0.0,0.0,72.0,43.79,25.35,245.7,92.7,2.639045887849237,0.7125241636109587,1.094749216810296,1.0,1.0
2025,5,0.0,2025_05_TEN_ARI,Arizona Cardinals,Kyler Murray,QB,00-0035228,1.0,42.26,235.4,3.2,1.06,5.18,13.9,0.16,0.0,0.0,0.0,0.0,0.1494,72.0,47.42,21.6,269.1,79.9,4.833050981680237,0.6265066087363268,1.1854081405923103,1.0,1.0
2025,5,0.0,2025_05_TEN_ARI,Arizona Cardinals,Michael Carter,RB,00-0036924,1.0,0.0,0.0,0.0,0.0,10.56,34.6,0.36,6.18,4.6,26.4,0.66,0.6374,72.0,47.42,21.6,269.1,79.9,4.833050981680237,0.6265066087363268,1.1854081405923103,1.0,1.0
2025,5,0.0,2025_05_TEN_ARI,Arizona Cardinals,Emari Demercado,RB,00-0038705,1.0,0.0,0.0,0.0,0.0,5.87,19.7,0.12,3.85,2.62,15.7,0.39,0.4026,72.0,47.42,21.6,269.1,79.9,4.833050981680237,0.6265066087363268,1.1854081405923103,1.0,1.0
2025,5,0.0,2025_05_TEN_ARI,Arizona Cardinals,Bam Knight,RB,00-0037157,1.0,0.0,0.0,0.0,0.0,0.0,0.0,0.0,0.0,0.0,0.0,0.0,0.0,72.0,47.42,21.6,269.1,79.9,4.833050981680237,0.6265066087363268,1.1854081405923103,1.0,1.0
2025,5,0.0,2025_05_TEN_ARI,Arizona Cardinals,Trey McBride,TE,00-0037744,1.0,0.0,0.0,0.0,0.0,0.0,0.0,0.0,8.08,5.04,29.5,0.75,0.5271,72.0,47.42,21.6,269.1,79.9,4.833050981680237,0.6265066087363268,1.1854081405923103,1.0,1.0
2025,5,0.0,2025_05_TEN_ARI,Arizona Cardinals,Tip Reiman,TE,00-0039737,1.0,0.0,0.0,0.0,0.0,0.0,0.0,0.0,4.17,2.48,22.8,0.4,0.3321,72.0,47.42,21.6,269.1,79.9,4.833050981680237,0.6265066087363268,1.1854081405923103,1.0,1.0
2025,5,0.0,2025_05_TEN_ARI,Arizona Cardinals,Elijah Higgins,TE,00-0039041,1.0,0.0,0.0,0.0,0.0,0.0,0.0,0.0,0.0,0.0,0.0,0.0,0.0,72.0,47.42,21.6,269.1,79.9,4.833050981680237,0.6265066087363268,1.1854081405923103,1.0,1.0
2025,5,0.0,2025_05_TEN_ARI,Arizona Cardinals,Oscar Cardenas,TE,00-0040381,1.0,0.0,0.0,0.0,0.0,0.0,0.0,0.0,0.0,0.0,0.0,0.0,0.0,72.0,47.42,21.6,269.1,79.9,4.833050981680237,0.6265066087363268,1.1854081405923103,0.0,0.0
2025,5,0.0,2025_05_TEN_ARI,Arizona Cardinals,Travis Vokolek,TE,00-0038456,1.0,0.0,0.0,0.0,0.0,0.0,0.0,0.0,0.0,0.0,0.0,0.0,0.0,72.0,47.42,21.6,269.1,79.9,4.833050981680237,0.6265066087363268,1.1854081405923103,1.0,1.0
2025,5,0.0,2025_05_TEN_ARI,Arizona Cardinals,Marvin Harrison Jr.,WR,00-0039849,1.0,0.0,0.0,0.0,0.0,0.0,0.0,0.0,11.15,5.51,54.2,1.07,0.6578,72.0,47.42,21.6,269.1,79.9,4.833050981680237,0.6265066087363268,1.1854081405923103,1.0,1.0
2025,5,0.0,2025_05_TEN_ARI,Arizona Cardinals,Michael Wilson,WR,00-0038559,1.0,0.0,0.0,0.0,0.0,0.0,0.0,0.0,8.39,4.64,46.7,0.84,0.5694,72.0,47.42,21.6,269.1,79.9,4.833050981680237,0.6265066087363268,1.1854081405923103,1.0,1.0
2025,5,0.0,2025_05_TEN_ARI,Arizona Cardinals,Zay Jones,WR,00-0033891,1.0,0.0,0.0,0.0,0.0,0.0,0.0,0.0,5.6,3.39,25.5,0.55,0.4237,72.0,47.42,21.6,269.1,79.9,4.833050981680237,0.6265066087363268,1.1854081405923103,1.0,1.0
2025,5,0.0,2025_05_TEN_ARI,Arizona Cardinals,Bryson Green,WR,00-0040383,1.0,0.0,0.0,0.0,0.0,0.0,0.0,0.0,0.0,0.0,0.0,0.0,0.0,72.0,47.42,21.6,269.1,79.9,4.833050981680237,0.6265066087363268,1.1854081405923103,0.0,0.0
2025,5,0.0,2025_05_TEN_ARI,Arizona Cardinals,Greg Dortch,WR,00-0035500,1.0,0.0,0.0,0.0,0.0,0.0,0.0,0.0,0.0,0.0,0.0,0.0,0.0,72.0,47.42,21.6,269.1,79.9,4.833050981680237,0.6265066087363268,1.1854081405923103,1.0,1.0
2025,5,0.0,2025_05_TEN_ARI,Arizona Cardinals,Simi Fehoko,WR,00-0036646,1.0,0.0,0.0,0.0,0.0,0.0,0.0,0.0,0.0,0.0,0.0,0.0,0.0,72.0,47.42,21.6,269.1,79.9,4.833050981680237,0.6265066087363268,1.1854081405923103,1.0,1.0
2025,5,0.0,2025_05_TEN_ARI,Tennessee Titans,Cam Ward,QB,00-0040676,1.0,33.82,178.4,2.71,0.77,0.7,2.1,0.03,0.0,0.0,0.0,0.0,0.0283,55.0,34.32,17.96,192.5,65.6,2.6703439162581186,0.744122456601795,0.8580620762421678,1.0,1.0
2025,5,0.0,2025_05_TEN_ARI,Tennessee Titans,Tony Pollard,RB,00-0035261,1.0,0.0,0.0,0.0,0.0,11.1,35.2,0.54,4.42,2.94,17.0,0.34,0.5878,55.0,34.32,17.96,192.5,65.6,2.6703439162581186,0.744122456601795,0.8580620762421678,1.0,1.0
2025,5,0.0,2025_05_TEN_ARI,Tennessee Titans,Tyjae Spears,RB,00-0039032,1.0,0.0,0.0,0.0,0.0,6.16,19.6,0.19,2.75,1.99,10.4,0.21,0.3302,55.0,34.32,17.96,192.5,65.6,2.6703439162581186,0.744122456601795,0.8580620762421678,1.0,1.0
2025,5,0.0,2025_05_TEN_ARI,Tennessee Titans,Julius Chestnut,RB,00-0037594,1.0,0.0,0.0,0.0,0.0,0.0,0.0,0.0,0.0,0.0,0.0,0.0,0.0,55.0,34.32,17.96,192.5,65.6,2.6703439162581186,0.744122456601795,0.8580620762421678,1.0,1.0
2025,5,0.0,2025_05_TEN_ARI,Tennessee Titans,Chig Okonkwo,TE,00-0037809,1.0,0.0,0.0,0.0,0.0,0.0,0.0,0.0,6.06,3.61,23.8,0.41,0.3343,55.0,34.32,17.96,192.5,65.6,2.6703439162581186,0.744122456601795,0.8580620762421678,1.0,1.0
2025,5,0.0,2025_05_TEN_ARI,Tennessee Titans,Gunnar Helm,TE,00-0040584,1.0,0.0,0.0,0.0,0.0,0.0,0.0,0.0,3.13,2.07,14.0,0.23,0.2072,55.0,34.32,17.96,192.5,65.6,2.6703439162581186,0.744122456601795,0.8580620762421678,1.0,1.0
2025,5,0.0,2025_05_TEN_ARI,Tennessee Titans,Cole Turner,TE,00-0037078,1.0,0.0,0.0,0.0,0.0,0.0,0.0,0.0,0.0,0.0,0.0,0.0,0.0,55.0,34.32,17.96,192.5,65.6,2.6703439162581186,0.744122456601795,0.8580620762421678,0.0,0.0
2025,5,0.0,2025_05_TEN_ARI,Tennessee Titans,David Martin-Robinson,TE,00-0039648,1.0,0.0,0.0,0.0,0.0,0.0,0.0,0.0,0.0,0.0,0.0,0.0,0.0,55.0,34.32,17.96,192.5,65.6,2.6703439162581186,0.744122456601795,0.8580620762421678,1.0,1.0
2025,5,0.0,2025_05_TEN_ARI,Tennessee Titans,Calvin Ridley,WR,00-0034837,1.0,0.0,0.0,0.0,0.0,0.0,0.0,0.0,7.97,3.86,33.9,0.58,0.4405,55.0,34.32,17.96,192.5,65.6,2.6703439162581186,0.744122456601795,0.8580620762421678,1.0,1.0
2025,5,0.0,2025_05_TEN_ARI,Tennessee Titans,Elic Ayomanor,WR,00-0040170,1.0,0.0,0.0,0.0,0.0,0.0,0.0,0.0,6.0,2.77,28.4,0.44,0.353,55.0,34.32,17.96,192.5,65.6,2.6703439162581186,0.744122456601795,0.8580620762421678,1.0,1.0
2025,5,0.0,2025_05_TEN_ARI,Tennessee Titans,Chimere Dike,WR,00-0040705,1.0,0.0,0.0,0.0,0.0,0.0,0.0,0.0,4.0,2.42,19.7,0.31,0.2636,55.0,34.32,17.96,192.5,65.6,2.6703439162581186,0.744122456601795,0.8580620762421678,1.0,1.0
2025,5,0.0,2025_05_TEN_ARI,Tennessee Titans,Van Jefferson,WR,00-0036415,1.0,0.0,0.0,0.0,0.0,0.0,0.0,0.0,0.0,0.0,0.0,0.0,0.0,55.0,34.32,17.96,192.5,65.6,2.6703439162581186,0.744122456601795,0.8580620762421678,1.0,1.0
2025,5,0.0,2025_05_WAS_LAC,Los Angeles Chargers,Justin Herbert,QB,00-0036355,1.0,41.76,233.3,2.33,1.04,4.67,12.7,0.11,0.0,0.0,0.0,0.0,0.101,71.46,46.63,21.44,261.6,78.4,2.81512463848141,0.4708822800780106,1.1656991848624958,1.0,1.0
2025,5,0.0,2025_05_WAS_LAC,Los Angeles Chargers,Omarion Hampton,RB,00-0040666,1.0,0.0,0.0,0.0,0.0,10.78,35.4,0.3,5.95,4.75,29.8,0.35,0.4756,71.46,46.63,21.44,261.6,78.4,2.81512463848141,0.4708822800780106,1.1656991848624958,1.0,1.0
2025,5,0.0,2025_05_WAS_LAC,Los Angeles Chargers,Hassan Haskins,RB,00-0037617,1.0,0.0,0.0,0.0,0.0,5.99,20.0,0.1,3.7,2.84,18.7,0.22,0.273,71.46,46.63,21.44,261.6,78.4,2.81512463848141,0.4708822800780106,1.1656991848624958,1.0,1.0
2025,5,0.0,2025_05_WAS_LAC,Los Angeles Chargers,Kimani Vidal,RB,00-0039391,1.0,0.0,0.0,0.0,0.0,0.0,0.0,0.0,0.0,0.0,0.0,0.0,0.0,71.46,46.63,21.44,261.6,78.4,2.81512463848141,0.4708822800780106,1.1656991848624958,1.0,1.0
2025,5,0.0,2025_05_WAS_LAC,Los Angeles Chargers,Oronde Gadsden II,TE,00-0040189,1.0,0.0,0.0,0.0,0.0,0.0,0.0,0.0,8.16,4.83,37.5,0.48,0.3788,71.46,46.63,21.44,261.6,78.4,2.81512463848141,0.4708822800780106,1.1656991848624958,1.0,1.0
2025,5,0.0,2025_05_WAS_LAC,Los Angeles Chargers,Tyler Conklin,TE,00-0034270,1.0,0.0,0.0,0.0,0.0,0.0,0.0,0.0,4.22,2.34,15.2,0.22,0.1983,71.46,46.63,21.44,261.6,78.4,2.81512463848141,0.4708822800780106,1.1656991848624958,1.0,1.0
2025,5,0.0,2025_05_WAS_LAC,Los Angeles Chargers,Stevo Klotz,TE,00-0040469,1.0,0.0,0.0,0.0,0.0,0.0,0.0,0.0,0.0,0.0,0.0,0.0,0.0,71.46,46.63,21.44,261.6,78.4,2.81512463848141,0.4708822800780106,1.1656991848624958,0.0,0.0
2025,5,0.0,2025_05_WAS_LAC,Los Angeles Chargers,Tanner McLachlan,TE,00-0039399,1.0,0.0,0.0,0.0,0.0,0.0,0.0,0.0,0.0,0.0,0.0,0.0,0.0,71.46,46.63,21.44,261.6,78.4,2.81512463848141,0.4708822800780106,1.1656991848624958,0.0,0.0
2025,5,0.0,2025_05_WAS_LAC,Los Angeles Chargers,Tucker Fisk,TE,00-0037654,1.0,0.0,0.0,0.0,0.0,0.0,0.0,0.0,0.0,0.0,0.0,0.0,0.0,71.46,46.63,21.44,261.6,78.4,2.81512463848141,0.4708822800780106,1.1656991848624958,1.0,1.0
2025,5,0.0,2025_05_WAS_LAC,Los Angeles Chargers,Ladd McConkey,WR,00-0039915,1.0,0.0,0.0,0.0,0.0,0.0,0.0,0.0,10.91,6.92,52.5,0.61,0.4546,71.46,46.63,21.44,261.6,78.4,2.81512463848141,0.4708822800780106,1.1656991848624958,1.0,1.0
2025,5,0.0,2025_05_WAS_LAC,Los Angeles Chargers,Quentin Johnston,WR,00-0038544,1.0,0.0,0.0,0.0,0.0,0.0,0.0,0.0,8.22,4.34,36.3,0.47,0.3749,71.46,46.63,21.44,261.6,78.4,2.81512463848141,0.4708822800780106,1.1656991848624958,1.0,1.0
2025,5,0.0,2025_05_WAS_LAC,Los Angeles Chargers,Keenan Allen,WR,00-0030279,1.0,0.0,0.0,0.0,0.0,0.0,0.0,0.0,5.48,3.41,23.1,0.31,0.269,71.46,46.63,21.44,261.6,78.4,2.81512463848141,0.4708822800780106,1.1656991848624958,1.0,1.0
2025,5,0.0,2025_05_WAS_LAC,Los Angeles Chargers,Dalevon Campbell,WR,00-0040629,1.0,0.0,0.0,0.0,0.0,0.0,0.0,0.0,0.0,0.0,0.0,0.0,0.0,71.46,46.63,21.44,261.6,78.4,2.81512463848141,0.4708822800780106,1.1656991848624958,0.0,0.0
2025,5,0.0,2025_05_WAS_LAC,Los Angeles Chargers,KeAndre Lambert-Smith,WR,00-0040184,1.0,0.0,0.0,0.0,0.0,0.0,0.0,0.0,0.0,0.0,0.0,0.0,0.0,71.46,46.63,21.44,261.6,78.4,2.81512463848141,0.4708822800780106,1.1656991848624958,1.0,1.0
2025,5,0.0,2025_05_WAS_LAC,Los Angeles Chargers,Tre Harris,WR,00-0040727,1.0,0.0,0.0,0.0,0.0,0.0,0.0,0.0,0.0,0.0,0.0,0.0,0.0,71.46,46.63,21.44,261.6,78.4,2.81512463848141,0.4708822800780106,1.1656991848624958,1.0,1.0
2025,5,0.0,2025_05_WAS_LAC,Washington Commanders,Jayden Daniels,QB,00-0039910,1.0,37.95,262.1,2.32,0.93,9.0,32.6,0.28,0.0,0.0,0.0,0.0,0.2413,72.0,41.77,27.0,317.0,133.5,2.757403419733612,0.8701909742850269,1.0441469972702457,1.0,1.0
2025,5,0.0,2025_05_WAS_LAC,Washington Commanders,Jacory Croskey-Merritt,RB,00-0040242,1.0,0.0,0.0,0.0,0.0,11.57,52.2,0.5,5.34,3.54,35.1,0.35,0.5717,72.0,41.77,27.0,317.0,133.5,2.757403419733612,0.8701909742850269,1.0441469972702457,1.0,1.0
2025,5,0.0,2025_05_WAS_LAC,Washington Commanders,Chris Rodriguez Jr.,RB,00-0038611,1.0,0.0,0.0,0.0,0.0,6.43,27.7,0.19,3.33,2.35,22.1,0.22,0.3356,72.0,41.77,27.0,317.0,133.5,2.757403419733612,0.8701909742850269,1.0441469972702457,1.0,1.0
2025,5,0.0,2025_05_WAS_LAC,Washington Commanders,Jeremy McNichols,RB,00-0033955,1.0,0.0,0.0,0.0,0.0,0.0,0.0,0.0,0.0,0.0,0.0,0.0,0.0,72.0,41.77,27.0,317.0,133.5,2.757403419733612,0.8701909742850269,1.0441469972702457,1.0,1.0
2025,5,0.0,2025_05_WAS_LAC,Washington Commanders,Zach Ertz,TE,00-0030061,1.0,0.0,0.0,0.0,0.0,0.0,0.0,0.0,7.12,3.97,34.0,0.45,0.3605,72.0,41.77,27.0,317.0,133.5,2.757403419733612,0.8701909742850269,1.0441469972702457,1.0,1.0
2025,5,0.0,2025_05_WAS_LAC,Washington Commanders,John Bates,TE,00-0036628,1.0,0.0,0.0,0.0,0.0,0.0,0.0,0.0,3.68,2.05,19.3,0.22,0.2004,72.0,41.77,27.0,317.0,133.5,2.757403419733612,0.8701909742850269,1.0441469972702457,1.0,1.0
2025,5,0.0,2025_05_WAS_LAC,Washington Commanders,Ben Sinnott,TE,00-0039912,1.0,0.0,0.0,0.0,0.0,0.0,0.0,0.0,0.0,0.0,0.0,0.0,0.0,72.0,41.77,27.0,317.0,133.5,2.757403419733612,0.8701909742850269,1.0441469972702457,1.0,1.0
2025,5,0.0,2025_05_WAS_LAC,Washington Commanders,Colson Yankoff,TE,00-0039686,1.0,0.0,0.0,0.0,0.0,0.0,0.0,0.0,0.0,0.0,0.0,0.0,0.0,72.0,41.77,27.0,317.0,133.5,2.757403419733612,0.8701909742850269,1.0441469972702457,1.0,1.0
2025,5,0.0,2025_05_WAS_LAC,Washington Commanders,Gee Scott Jr.,TE,00-0040571,1.0,0.0,0.0,0.0,0.0,0.0,0.0,0.0,0.0,0.0,0.0,0.0,0.0,72.0,41.77,27.0,317.0,133.5,2.757403419733612,0.8701909742850269,1.0441469972702457,0.0,0.0
2025,5,0.0,2025_05_WAS_LAC,Washington Commanders,Deebo Samuel,WR,None,1.0,0.0,0.0,0.0,0.0,0.0,0.0,0.0,9.89,6.03,108.9,0.65,0.4793,72.0,41.77,27.0,317.0,133.5,2.757403419733612,0.8701909742850269,1.0441469972702457,0.0,0.0
2025,5,0.0,2025_05_WAS_LAC,Washington Commanders,Luke McCaffrey,WR,00-0039355,1.0,0.0,0.0,0.0,0.0,0.0,0.0,0.0,7.44,4.61,53.9,0.48,0.3819,72.0,41.77,27.0,317.0,133.5,2.757403419733612,0.8701909742850269,1.0441469972702457,1.0,1.0
2025,5,0.0,2025_05_WAS_LAC,Washington Commanders,Jaylin Lane,WR,00-0040164,1.0,0.0,0.0,0.0,0.0,0.0,0.0,0.0,4.96,2.71,37.3,0.31,0.2662,72.0,41.77,27.0,317.0,133.5,2.757403419733612,0.8701909742850269,1.0441469972702457,1.0,1.0
2025,5,0.0,2025_05_WAS_LAC,Washington Commanders,Braylon Sanders,WR,00-0037355,1.0,0.0,0.0,0.0,0.0,0.0,0.0,0.0,0.0,0.0,0.0,0.0,0.0,72.0,41.77,27.0,317.0,133.5,2.757403419733612,0.8701909742850269,1.0441469972702457,0.0,0.0
2025,5,0.0,2025_05_WAS_LAC,Washington Commanders,Chris Moore,WR,00-0032398,1.0,0.0,0.0,0.0,0.0,0.0,0.0,0.0,0.0,0.0,0.0,0.0,0.0,72.0,41.77,27.0,317.0,133.5,2.757403419733612,0.8701909742850269,1.0441469972702457,1.0,1.0
2025,5,0.0,2025_05_WAS_LAC,Washington Commanders,Tay Martin,WR,00-0037524,1.0,0.0,0.0,0.0,0.0,0.0,0.0,0.0,0.0,0.0,0.0,0.0,0.0,72.0,41.77,27.0,317.0,133.5,2.757403419733612,0.8701909742850269,1.0441469972702457,1.0,1.0
