season,week,team,off_epa,def_epa,off_epa_1h,off_epa_2h,def_epa_1h,def_epa_2h,pace_secs_play,pass_rate,rush_rate,qb_adj,sos
2025,1,Arizona Cardinals,0.016025031,-0.090947315,0.2429334,-0.26761043,0.09391606,-0.19878429,49.555557,0.6212121212121212,0.3787878787878788,,
2025,2,Arizona Cardinals,0.041357316,-0.005964335,0.12657377,-0.06310157,-0.370751,0.24134867,56.607143,0.6296296296296297,0.37037037037037035,,0.0
2025,3,Arizona Cardinals,-0.0027177036,-0.022365734,-0.09542723,0.104254834,-0.02170812,-0.02280891,45.054054,0.6212121212121212,0.3787878787878788,,-0.10131762341534267
2025,4,Arizona Cardinals,-0.0059085665,0.060625177,-0.23257942,0.24982266,0.106656395,0.024600739,47.0,0.8059701492537313,0.19402985074626866,,-0.01994346426313517
2025,5,Arizona Cardinals,-0.06345323,-0.025630914,0.09485889,-0.26759252,-0.23440714,0.18314531,45.95238,0.5882352941176471,0.4117647058823529,,0.04075137812211937
2025,6,Arizona Cardinals,0.11739498,0.16656564,-0.049114313,0.2993935,-0.0015487835,0.35869643,39.101265,0.684931506849315,0.31506849315068497,,-0.04502897347252335
2025,7,Arizona Cardinals,0.039248846,0.12457735,0.12400228,-0.049446605,-0.02005758,0.22788802,45.324677,0.6710526315789473,0.32894736842105265,,0.02450198034698451
2025,1,Atlanta Falcons,0.010881628,0.07608795,-0.0048203175,0.023757225,0.06024092,0.092815384,45.79452,0.68,0.31999999999999995,,
2025,2,Atlanta Falcons,0.011947632,-0.36889225,-0.0986169,0.1074352,-0.24455208,-0.53319895,48.95,0.4,0.6,,0.0
2025,3,Atlanta Falcons,-0.37877744,0.067211956,-0.22047064,-0.55374813,0.091300815,0.045658756,44.139534,0.6818181818181818,0.31818181818181823,,0.026182779192443172
2025,4,Atlanta Falcons,0.2091765,0.1680928,0.23293523,0.17659308,0.15945484,0.17398232,41.862743,0.46774193548387094,0.532258064516129,,-0.03296791788718992
2025,6,Atlanta Falcons,0.053390145,-0.08761878,0.23307961,-0.1783147,-0.084095426,-0.09104427,46.25641,0.5507246376811594,0.4492753623188406,,0.00794234036759175
2025,7,Atlanta Falcons,-0.07739639,0.043582465,-0.12706445,-0.020829989,0.06422525,0.02588865,50.794117,0.7230769230769231,0.27692307692307694,,0.032983716186474415
2025,1,Baltimore Ravens,0.3402929,0.20376052,0.4559804,0.2143977,0.15463758,0.23235448,42.916668,0.45098039215686275,0.5490196078431373,,
2025,2,Baltimore Ravens,0.10090515,-0.22689463,-0.09581385,0.29258007,-0.29142216,-0.16511297,40.627907,0.6792452830188679,0.3207547169811321,,0.0
2025,3,Baltimore Ravens,0.15812726,0.28674892,0.29910207,0.07231651,0.18310969,0.41766164,46.84127,0.7192982456140351,0.2807017543859649,,-0.011137818343927288
2025,4,Baltimore Ravens,-0.042857096,0.18448718,-0.08996182,0.021519357,0.2022703,0.16453537,53.09375,0.7592592592592593,0.2407407407407407,,0.028522494269634983
2025,5,Baltimore Ravens,-0.25048137,0.3162619,-0.14710349,-0.35385922,0.42172167,0.20025614,56.4,0.5348837209302325,0.4651162790697675,,0.02480239737654736
2025,6,Baltimore Ravens,-0.26304027,-0.08507097,-0.27394435,-0.25188833,-0.3421077,0.15638779,43.333332,0.5324675324675324,0.4675324675324676,,0.03930014217746268
2025,1,Buffalo Bills,0.20376052,0.3402929,0.15463758,0.23235448,0.4559804,0.2143977,47.55102,0.7037037037037037,0.2962962962962963,,
2025,2,Buffalo Bills,0.17933832,-0.1699251,0.26286677,0.07701597,-0.30408862,-0.027105842,32.322582,0.4788732394366197,0.5211267605633803,,0.0
2025,3,Buffalo Bills,0.2206857,0.067907505,0.24304269,0.20269108,0.16553031,-0.04366142,45.49231,0.5666666666666667,0.43333333333333335,,-0.02870385892298148
2025,4,Buffalo Bills,0.124079086,-0.027740166,0.048863336,0.19543763,0.008069308,-0.061802834,47.20339,0.5178571428571429,0.4821428571428571,,-0.11617168152917422
2025,5,Buffalo Bills,0.01964284,0.06881056,-0.30535996,0.27399284,-0.20274661,0.3946792,43.694443,0.6323529411764706,0.36764705882352944,,-0.14389326345821515
2025,6,Buffalo Bills,-0.08761878,0.053390145,-0.084095426,-0.09104427,0.23307961,-0.1783147,48.589745,0.6491228070175439,0.3508771929824561,,-0.086510606620307
2025,1,Carolina Panthers,-0.106979914,0.08952295,-0.12367194,-0.091539815,0.23703736,-0.0812832,47.62963,0.6825396825396826,0.31746031746031744,,
2025,2,Carolina Panthers,-0.005964335,0.041357316,-0.370751,0.24134867,0.12657377,-0.06310157,48.13889,0.7738095238095238,0.22619047619047616,,0.0
2025,3,Carolina Panthers,0.067211956,-0.37877744,0.091300815,0.045658756,-0.22047064,-0.55374813,48.935482,0.5087719298245614,0.49122807017543857,,0.05782288876739708
2025,4,Carolina Panthers,-0.17894189,0.25019103,-0.27015302,-0.043428186,0.3317461,0.16608739,39.243244,0.5942028985507246,0.4057971014492754,,0.0943433157349545
2025,5,Carolina Panthers,0.11509171,0.12118798,0.027344232,0.18353476,0.25876173,-0.05077923,41.724136,0.5671641791044776,0.4328358208955224,,0.049087039375158126
2025,6,Carolina Panthers,0.15452723,0.17656729,0.097520724,0.19329166,0.1941068,0.15280406,44.59722,0.453125,0.546875,,-0.00010625171271760092
2025,7,Carolina Panthers,-0.05396388,-0.19517705,0.0063348967,-0.10784789,-0.2367053,-0.14632027,41.7,0.5362318840579711,0.46376811594202894,,-0.0032735345436282178
2025,1,Chicago Bears,-0.11061523,-0.06429665,-0.017111927,-0.1888527,-0.1651091,0.012512844,42.66102,0.6865671641791045,0.31343283582089554,,
2025,2,Chicago Bears,-0.12246118,0.30406547,-0.0970851,-0.1466838,0.18268035,0.49423543,44.18182,0.6470588235294118,0.3529411764705882,,0.0
2025,3,Chicago Bears,0.2032344,-0.0045705857,0.312804,0.08077425,0.12765276,-0.13986889,55.18421,0.543859649122807,0.45614035087719296,,-0.13494120752827476
2025,4,Chicago Bears,-0.07257224,-0.17201698,-0.30839637,0.18625914,-0.28810373,-0.0691973,44.133335,0.6567164179104478,0.34328358208955223,,-0.1000150809839083
2025,6,Chicago Bears,0.09301964,0.036365766,0.0936655,0.092357226,-0.124276266,0.17405894,45.77941,0.6031746031746031,0.39682539682539686,,-0.09718037495079103
2025,7,Chicago Bears,-0.010088376,-0.23134267,-0.026355434,0.010349726,-0.4000588,0.007187013,39.46154,0.42424242424242425,0.5757575757575757,,-0.03314435111522577
2025,1,Cincinnati Bengals,-0.06649989,-0.088101394,0.24728474,-0.44101703,0.11948902,-0.246847,60.666668,0.5576923076923077,0.4423076923076923,,
2025,2,Cincinnati Bengals,0.08231229,0.07620942,-0.0049091484,0.1596222,0.19719547,-0.042026944,48.138462,0.7391304347826086,0.26086956521739135,,0.0
2025,3,Cincinnati Bengals,-0.51310503,0.04211352,-0.76247483,-0.17801432,0.011099163,0.08088147,40.9,0.6071428571428571,0.3928571428571429,,0.10131762341534267
2025,4,Cincinnati Bengals,-0.1551574,0.1716648,-0.11445111,-0.23480013,0.31527454,0.024933131,37.411766,0.7021276595744681,0.2978723404255319,,-0.006478138506865336
2025,5,Cincinnati Bengals,-0.019111942,0.18806264,-0.23316376,0.2059169,0.08953592,0.2841262,54.266666,0.7903225806451613,0.20967741935483875,,0.004653526461676332
2025,6,Cincinnati Bengals,0.096469,0.21914907,-0.25485778,0.29240125,0.06609455,0.45664746,43.67857,0.746031746031746,0.25396825396825395,,0.04260896350980689
2025,7,Cincinnati Bengals,0.21908686,0.26582983,0.2527689,0.19123437,0.08985979,0.4844593,33.444443,0.7123287671232876,0.28767123287671237,,0.05476939931597043
2025,1,Cleveland Browns,-0.088101394,-0.06649989,0.11948902,-0.246847,0.24728474,-0.44101703,36.0125,0.6973684210526315,0.3026315789473685,,
2025,2,Cleveland Browns,-0.22689463,0.10090515,-0.29142216,-0.16511297,-0.09581385,0.29258007,42.67347,0.7123287671232876,0.28767123287671237,,0.0
2025,3,Cleveland Browns,-0.09277101,-0.094478756,-0.1910355,-0.018526744,-0.016442603,-0.15724696,52.090908,0.6923076923076923,0.3076923076923077,,0.07717846580661965
2025,4,Cleveland Browns,-0.3820344,-0.08332747,-0.27635688,-0.4739279,0.06622966,-0.26196516,40.977272,0.6060606060606061,0.3939393939393939,,0.11481368153113278
2025,5,Cleveland Browns,-0.008132147,0.043526992,0.05468362,-0.08508146,0.011314318,0.07190483,41.88889,0.5072463768115942,0.49275362318840576,,0.11174963145952892
2025,6,Cleveland Browns,-0.080335334,0.11521414,-0.0905655,-0.07252321,0.093669385,0.13922116,40.591835,0.7926829268292683,0.20731707317073167,,0.09160049697682386
2025,7,Cleveland Browns,-0.054562006,-0.41674414,0.17098287,-0.36013892,-0.112525254,-0.69054115,39.57143,0.4642857142857143,0.5357142857142857,,0.06963819694654703
2025,1,Dallas Cowboys,0.13882451,0.17109823,0.39538857,-0.21705465,0.48605743,-0.10545133,50.151516,0.65,0.35,,
2025,2,Dallas Cowboys,0.13466425,0.18632808,0.039931744,0.18843135,0.11190756,0.26421005,33.075,0.6966292134831461,0.3033707865168539,,0.0
2025,3,Dallas Cowboys,-0.0045705857,0.2032344,0.12765276,-0.13986889,0.312804,0.08077425,40.0,0.6891891891891891,0.31081081081081086,,-0.0956230821894176
2025,4,Dallas Cowboys,0.23102422,0.24406399,0.13011414,0.2904891,0.061657704,0.39187598,45.057693,0.6086956521739131,0.3913043478260869,,-0.15213395369435082
2025,5,Dallas Cowboys,0.26112837,0.025449656,0.46602663,0.040468734,-0.10686056,0.1473826,35.162163,0.5789473684210527,0.42105263157894735,,-0.07137159525906257
2025,6,Dallas Cowboys,0.17656729,0.15452723,0.1941068,0.15280406,0.097520724,0.19329166,44.805557,0.6666666666666666,0.33333333333333337,,-0.08758910304556722
2025,7,Dallas Cowboys,0.19246128,-0.105735436,0.2749927,0.08012685,0.010999583,-0.2775953,36.75,0.5846153846153846,0.41538461538461535,,-0.07743091088005502
2025,1,Denver Broncos,-0.1095381,-0.2187039,-0.0774521,-0.14025874,-0.10465232,-0.3420029,38.960526,0.6486486486486487,0.3513513513513513,,
2025,2,Denver Broncos,0.16619715,0.1552927,0.33047107,-0.03189786,0.2334344,0.06347624,44.68116,0.6101694915254238,0.38983050847457623,,0.0
2025,3,Denver Broncos,-0.0961697,-0.060784478,-0.18978116,-0.015208438,-0.070339255,-0.05065642,52.360657,0.6862745098039216,0.3137254901960784,,0.23194417016502988
2025,4,Denver Broncos,0.1716648,-0.1551574,0.31527454,0.024933131,-0.11445111,-0.23480013,39.875,0.5641025641025641,0.4358974358974359,,0.18816953029948177
2025,5,Denver Broncos,0.06264112,-0.0046091503,-0.10015085,0.2091539,0.10034196,-0.11784586,42.735847,0.6216216216216216,0.3783783783783784,,0.07958028069460267
2025,6,Denver Broncos,-0.109579936,-0.14435104,0.01031542,-0.2706893,-0.093416184,-0.17943949,49.130436,0.6206896551724138,0.3793103448275862,,0.07499041246041567
2025,7,Denver Broncos,0.106575325,0.13991685,-0.23169665,0.3515309,0.10837864,0.168932,45.56,0.7125,0.2875,,0.019183657017789634
2025,1,Detroit Lions,-0.053930346,0.18478708,-0.078411594,-0.031157097,0.3987273,-0.015350542,38.08,0.6666666666666666,0.33333333333333337,,
2025,2,Detroit Lions,0.30406547,-0.12246118,0.18268035,0.49423543,-0.0970851,-0.1466838,36.840908,0.5084745762711864,0.4915254237288136,,0.0
2025,3,Detroit Lions,0.28674892,0.15812726,0.18310969,0.41766164,0.29910207,0.07231651,43.894737,0.44776119402985076,0.5522388059701493,,-0.023882037465899092
2025,4,Detroit Lions,-0.08332747,-0.3820344,0.06622966,-0.26196516,-0.27635688,-0.4739279,53.02439,0.5172413793103449,0.48275862068965514,,0.07888466248635756
2025,5,Detroit Lions,0.18806264,-0.019111942,0.08953592,0.2841262,-0.23316376,0.2059169,36.689655,0.4666666666666667,0.5333333333333333,,0.020579522096178575
2025,6,Detroit Lions,0.06693976,0.22967544,0.14536723,-0.041236073,0.23271933,0.2273563,49.0,0.5925925925925926,0.40740740740740744,,-0.04502740157047443
2025,7,Detroit Lions,-0.09183985,-0.2955939,-0.14106196,-0.017260903,-0.5439289,-0.12672606,39.511627,0.5441176470588235,0.4558823529411765,,-0.021653370977646635
2025,1,Green Bay Packers,0.18478708,-0.053930346,0.3987273,-0.015350542,-0.078411594,-0.031157097,53.583332,0.5106382978723404,0.4893617021276596,,
2025,2,Green Bay Packers,0.046424482,-0.06958293,0.09433999,-0.01009125,-0.19044162,0.009440064,36.37838,0.5606060606060606,0.43939393939393945,,0.0
2025,3,Green Bay Packers,-0.094478756,-0.09277101,-0.016442603,-0.15724696,-0.1910355,-0.018526744,42.04918,0.546875,0.453125,,0.10024781162674365
2025,4,Green Bay Packers,0.24406399,0.23102422,0.061657704,0.39187598,0.13011414,0.2904891,43.079365,0.6097560975609756,0.3902439024390244,,-0.013238851865687191
2025,6,Green Bay Packers,0.21914907,0.096469,0.06609455,0.45664746,-0.25485778,0.29240125,50.846153,0.55,0.44999999999999996,,-0.040698699665195015
2025,7,Green Bay Packers,0.12457735,0.039248846,-0.02005758,0.22788802,0.12400228,-0.049446605,45.84127,0.6545454545454545,0.34545454545454546,,-0.09053948086978099
2025,1,Houston Texans,-0.12130735,-0.07460019,-0.00844724,-0.2607228,-0.08701681,-0.06373564,50.772728,0.6031746031746031,0.39682539682539686,,
2025,2,Houston Texans,8.429153e-05,0.006007172,0.10578936,-0.10914429,0.21880959,-0.17814876,60.0,0.6666666666666666,0.33333333333333337,,0.0
2025,3,Houston Texans,-0.22187935,-0.12352672,-0.23568802,-0.20360321,-0.142017,-0.10664429,51.42623,0.7377049180327869,0.2622950819672131,,0.03362062969718892
2025,4,Houston Texans,0.069475286,-0.40415928,-0.051751014,0.17942472,-0.31691018,-0.5132206,40.540985,0.49295774647887325,0.5070422535211268,,0.05833593699250756
2025,5,Houston Texans,0.3162619,-0.25048137,0.42172167,0.20025614,-0.14710349,-0.35385922,45.75,0.5588235294117647,0.4411764705882353,,-0.027056995058849984
2025,7,Houston Texans,-0.2627055,-0.17994992,-0.14059626,-0.35151225,0.04784767,-0.37927285,72.6,0.8026315789473685,0.19736842105263153,,-0.011885892913191733
2025,1,Indianapolis Colts,0.25138664,-0.15893364,0.27882415,0.21219018,-0.41365767,-0.02812941,35.642857,0.4657534246575342,0.5342465753424658,,
2025,2,Indianapolis Colts,0.1552927,0.16619715,0.2334344,0.06347624,0.33047107,-0.03189786,44.22078,0.5633802816901409,0.43661971830985913,,0.0
2025,3,Indianapolis Colts,0.2662428,-0.079712674,0.107568726,0.4489584,-0.31396455,0.15453921,35.636364,0.5370370370370371,0.4629629629629629,,0.05900853791752377
2025,4,Indianapolis Colts,-0.06389131,0.00062225776,0.039622903,-0.14623214,0.10826402,-0.114529386,53.125,0.6666666666666666,0.33333333333333337,,-0.034456249412685
2025,5,Indianapolis Colts,0.24241038,-0.22581755,0.24424417,0.2396597,-0.15414523,-0.28608742,55.964287,0.5757575757575758,0.4242424242424242,,0.00021404239763460952
2025,6,Indianapolis Colts,0.16656564,0.11739498,-0.0015487835,0.35869643,-0.049114313,0.2993935,48.188404,0.5789473684210527,0.42105263157894735,,-0.023948148262099078
2025,7,Indianapolis Colts,0.37219894,0.089746706,0.3424131,0.43695077,-0.17620896,0.24565174,35.882355,0.6428571428571429,0.3571428571428571,,-0.015127965977686604
2025,1,Jacksonville Jaguars,0.08952295,-0.106979914,0.23703736,-0.0812832,-0.12367194,-0.091539815,50.909092,0.5238095238095238,0.47619047619047616,,
2025,2,Jacksonville Jaguars,0.07620942,0.08231229,0.19719547,-0.042026944,-0.0049091484,0.1596222,41.1,0.6338028169014085,0.3661971830985915,,0.0
2025,3,Jacksonville Jaguars,-0.12352672,-0.22187935,-0.142017,-0.10664429,-0.23568802,-0.20360321,43.521126,0.6521739130434783,0.34782608695652173,,0.012210810689874807
2025,4,Jacksonville Jaguars,-0.029039778,-0.112518385,0.2093639,-0.29014856,-0.09113679,-0.13678938,30.90566,0.53125,0.46875,,-0.0022618460266534504
2025,5,Jacksonville Jaguars,0.16188829,0.12916404,0.051553674,0.3032545,0.43449816,-0.041118465,65.41304,0.6724137931034483,0.3275862068965517,,0.018522087944722567
2025,6,Jacksonville Jaguars,-0.08716789,0.039777752,-0.12828758,-0.034013193,0.09818859,-0.010947447,39.7193,0.726027397260274,0.273972602739726,,0.03178538146013307
2025,7,Jacksonville Jaguars,-0.11441665,0.24804573,-0.21346626,-0.031214977,0.42406836,0.11513067,71.72727,0.7662337662337663,0.23376623376623373,,0.04877824054112314
2025,1,Kansas City Chiefs,0.13125317,0.21371368,-0.041456405,0.3483738,0.20866111,0.21851979,48.772728,0.8,0.19999999999999996,,
2025,2,Kansas City Chiefs,-0.03593377,0.030245066,0.05975106,-0.121804774,0.01700401,0.044917583,47.583332,0.6833333333333333,0.31666666666666665,,0.0
2025,3,Kansas City Chiefs,0.082586884,-0.117727675,0.0012441176,0.18319504,-0.14729758,-0.089636244,34.61905,0.6666666666666666,0.33333333333333337,,0.016640455056401413
2025,4,Kansas City Chiefs,0.18448718,-0.042857096,0.2022703,0.16453537,-0.08996182,0.021519357,36.157894,0.6056338028169014,0.3943661971830986,,-0.01688800923395638
2025,5,Kansas City Chiefs,0.12916404,0.16188829,0.43449816,-0.041118465,0.051553674,0.3032545,41.446156,0.71875,0.28125,,0.02166374452437546
2025,6,Kansas City Chiefs,0.22967544,0.06693976,0.23271933,0.2273563,0.14536723,-0.041236073,42.833332,0.6666666666666666,0.33333333333333337,,0.04166661511111942
2025,7,Kansas City Chiefs,0.19428311,-0.33906534,0.39908758,-0.04862447,-0.1465913,-0.5399079,34.2,0.5641025641025641,0.4358974358974359,,0.06987505131462242
2025,1,Las Vegas Raiders,0.08168634,-0.049470916,-0.024136355,0.18750903,0.06704644,-0.17393264,47.51613,0.6229508196721312,0.3770491803278688,,
2025,2,Las Vegas Raiders,-0.25033003,-0.08809849,-0.16357939,-0.35583752,0.21156327,-0.40538743,42.225,0.7571428571428571,0.24285714285714288,,0.0
2025,3,Las Vegas Raiders,-0.021253569,0.22180377,0.06981662,-0.09100945,0.27561158,0.15169054,42.714287,0.5454545454545454,0.4545454545454546,,0.04251695107896098
2025,4,Las Vegas Raiders,-0.17201698,-0.07257224,-0.28810373,-0.0691973,-0.30839637,0.18625914,57.627117,0.43137254901960786,0.5686274509803921,,0.03938980472828895
2025,5,Las Vegas Raiders,-0.22581755,0.24241038,-0.15414523,-0.28608742,0.24424417,0.2396597,52.826088,0.6323529411764706,0.36764705882352944,,0.0011538402370070498
2025,6,Las Vegas Raiders,-0.06899247,-0.21562426,-0.14170147,-0.00515042,-0.46946177,0.051934216,49.9,0.5,0.5,,0.04852048751098796
2025,7,Las Vegas Raiders,-0.33906534,0.19428311,-0.1465913,-0.5399079,0.39908758,-0.04862447,77.6875,0.6571428571428571,0.34285714285714286,,-0.013927677042171028
2025,1,Los Angeles Chargers,0.21371368,0.13125317,0.20866111,0.21851979,-0.041456405,0.3483738,49.85484,0.6935483870967742,0.30645161290322576,,
2025,2,Los Angeles Chargers,-0.08809849,-0.25033003,0.21156327,-0.40538743,-0.16357939,-0.35583752,53.78125,0.5892857142857143,0.4107142857142857,,0.0
2025,3,Los Angeles Chargers,-0.060784478,-0.0961697,-0.070339255,-0.05065642,-0.18978116,-0.015208438,37.55056,0.6744186046511628,0.32558139534883723,,0.07414003320208791
2025,4,Los Angeles Chargers,-0.06663151,-0.026105594,-0.02217516,-0.13053752,0.083358556,-0.13091168,50.375,0.7619047619047619,0.23809523809523814,,0.06884136605525558
2025,5,Los Angeles Chargers,-0.0826575,0.18510167,0.07049524,-0.2730636,0.09780532,0.2516132,42.28767,0.6307692307692307,0.36923076923076925,,0.009701170008001078
2025,6,Los Angeles Chargers,0.12844668,0.061556827,-0.06704138,0.3061631,-0.023841944,0.15387982,45.84127,0.609375,0.390625,,0.02475650757358958
2025,7,Los Angeles Chargers,0.089746706,0.37219894,-0.17620896,0.24565174,0.3424131,0.43695077,58.94737,0.8289473684210527,0.17105263157894735,,-0.010111229589447799
2025,1,Los Angeles Rams,-0.07460019,-0.12130735,-0.08701681,-0.06373564,-0.00844724,-0.2607228,47.43077,0.5862068965517241,0.4137931034482759,,
2025,2,Los Angeles Rams,0.20126362,-0.024434907,0.119674936,0.26109535,0.09136551,-0.17680387,45.83871,0.6101694915254238,0.38983050847457623,,0.0
2025,3,Los Angeles Rams,-0.10605828,-0.048487157,0.11374271,-0.38080952,-0.29495484,0.12609412,45.409836,0.5303030303030303,0.4696969696969697,,-0.061708794026804806
2025,4,Los Angeles Rams,0.00062225776,-0.06389131,0.10826402,-0.114529386,0.039622903,-0.14623214,40.71795,0.6666666666666666,0.33333333333333337,,-0.01740017226082323
2025,5,Los Angeles Rams,0.071828775,0.116799265,0.058998436,0.078849144,0.25986537,-0.010938342,63.484848,0.746268656716418,0.25373134328358204,,0.061909278939451994
2025,6,Los Angeles Rams,-0.08507097,-0.26304027,-0.3421077,0.15638779,-0.27394435,-0.25188833,36.863636,0.5882352941176471,0.4117647058823529,,0.052303459982936944
2025,7,Los Angeles Rams,0.24804573,-0.11441665,0.42406836,0.11513067,-0.21346626,-0.031214977,31.90909,0.6363636363636364,0.36363636363636365,,0.01594807217123322
2025,1,Miami Dolphins,-0.15893364,0.25138664,-0.41365767,-0.02812941,0.27882415,0.21219018,90.666664,0.7872340425531915,0.21276595744680848,,
2025,2,Miami Dolphins,0.07262062,0.18538214,0.36748978,-0.07481395,0.2570861,0.08230768,54.16,0.7368421052631579,0.26315789473684215,,0.0
2025,3,Miami Dolphins,0.067907505,0.2206857,0.16553031,-0.04366142,0.24304269,0.20269108,49.55224,0.6065573770491803,0.39344262295081966,,-0.06762517598461425
2025,4,Miami Dolphins,0.17593622,0.07462583,0.1677662,0.18267648,-0.05417042,0.19713932,49.634148,0.5,0.5,,0.0022072040537447334
2025,5,Miami Dolphins,0.12118798,0.11509171,0.25876173,-0.05077923,0.027344232,0.18353476,44.78125,0.7636363636363637,0.23636363636363633,,-0.03993223039017877
2025,6,Miami Dolphins,0.061556827,0.12844668,-0.023841944,0.15387982,-0.06704138,0.3061631,52.959183,0.6610169491525424,0.3389830508474576,,-0.04464192065533798
2025,7,Miami Dolphins,-0.41674414,-0.054562006,-0.112525254,-0.69054115,0.17098287,-0.36013892,80.875,0.6379310344827587,0.3620689655172413,,-0.03568283146307538
2025,1,Minnesota Vikings,-0.06429665,-0.11061523,-0.1651091,0.012512844,-0.017111927,-0.1888527,50.723404,0.5357142857142857,0.4642857142857143,,
2025,2,Minnesota Vikings,-0.36889225,0.011947632,-0.24455208,-0.53319895,-0.0986169,0.1074352,47.275864,0.6382978723404256,0.36170212765957444,,0.0
2025,3,Minnesota Vikings,0.04211352,-0.51310503,0.011099163,0.08088147,-0.76247483,-0.17801432,40.923077,0.5,0.5,,-0.03362062969718892
2025,4,Minnesota Vikings,0.05569001,0.140713,0.027166614,0.08013863,0.2977404,0.0011330909,43.194443,0.76,0.24,,-0.015696568322126028
2025,5,Minnesota Vikings,0.043526992,-0.008132147,0.011314318,0.07190483,0.05468362,-0.08508146,49.03077,0.703125,0.296875,,-0.017930092195176134
2025,7,Minnesota Vikings,-0.018735167,0.06453937,-0.30313468,0.20383836,-0.09508372,0.2338366,44.395348,0.6956521739130435,0.30434782608695654,,-0.058046440213160806
2025,1,New England Patriots,-0.049470916,0.08168634,0.06704644,-0.17393264,-0.024136355,0.18750903,41.52055,0.7605633802816901,0.23943661971830987,,
2025,2,New England Patriots,0.18538214,0.07262062,0.2570861,0.08230768,0.36748978,-0.07481395,45.685715,0.5614035087719298,0.4385964912280702,,0.0
2025,3,New England Patriots,-0.08275977,0.03746809,0.016879082,-0.19517283,0.3296928,-0.2461618,50.412697,0.6756756756756757,0.32432432432432434,,-0.23194417016502988
2025,4,New England Patriots,0.25019103,-0.17894189,0.3317461,0.16608739,-0.27015302,-0.043428186,62.25,0.5,0.5,,-0.18006122708585778
2025,5,New England Patriots,0.06881056,0.01964284,-0.20274661,0.3946792,-0.30535996,0.27399284,50.188404,0.6666666666666666,0.33333333333333337,,-0.10421875966695358
2025,6,New England Patriots,0.09258063,0.006609895,0.42282343,-0.16427487,0.16658178,-0.254085,46.78125,0.5737704918032787,0.42622950819672134,,-0.0376640123749437
2025,7,New England Patriots,0.16324677,-0.13107038,0.38504663,-0.0055140103,0.20092587,-0.56609994,42.857143,0.5806451612903226,0.4193548387096774,,-0.05855864390424706
2025,1,New Orleans Saints,-0.090947315,0.016025031,0.09391606,-0.19878429,0.2429334,-0.26761043,38.6,0.6986301369863014,0.3013698630136986,,
2025,2,New Orleans Saints,-0.08166733,0.027331552,-0.14878075,-0.022010947,0.16357927,-0.12553173,52.017544,0.6197183098591549,0.3802816901408451,,0.0
2025,3,New Orleans Saints,-0.23953944,0.16434415,-0.27274317,-0.1700192,0.6656081,-0.17371757,34.53846,0.6575342465753424,0.34246575342465757,,0.050735707218582574
2025,4,New Orleans Saints,-0.027740166,0.124079086,0.008069308,-0.061802834,0.048863336,0.19543763,46.072727,0.5223880597014925,0.4776119402985075,,0.059633140795108196
2025,5,New Orleans Saints,-0.043219347,-0.2104796,0.066221334,-0.2621007,0.055923965,-0.41827437,43.442307,0.5384615384615384,0.46153846153846156,,0.07996547871324736
2025,6,New Orleans Saints,0.006609895,0.09258063,0.16658178,-0.254085,0.42282343,-0.16427487,46.31818,0.625,0.375,,0.040379764935679
2025,7,New Orleans Saints,-0.23134267,-0.010088376,-0.4000588,0.007187013,-0.026355434,0.010349726,63.033333,0.6964285714285714,0.3035714285714286,,0.0467984539374457
2025,1,New York Giants,-0.11321851,0.07223995,-0.11491072,-0.11182713,0.14718853,-0.010203475,44.129032,0.75,0.25,,
2025,2,New York Giants,0.18632808,0.13466425,0.11190756,0.26421005,0.039931744,0.18843135,46.45714,0.6865671641791045,0.31343283582089554,,0.0
2025,3,New York Giants,-0.117727675,0.082586884,-0.14729758,-0.089636244,0.0012441176,0.18319504,55.655174,0.6363636363636364,0.36363636363636365,,-0.017445256581177584
2025,4,New York Giants,-0.026105594,-0.06663151,0.083358556,-0.13091168,-0.02217516,-0.13053752,40.409092,0.4473684210526316,0.5526315789473684,,-0.03821730501998124
2025,5,New York Giants,-0.2104796,-0.043219347,0.055923965,-0.41827437,0.066221334,-0.2621007,43.14754,0.6666666666666666,0.33333333333333337,,0.001326922919819283
2025,6,New York Giants,0.17245735,-0.032345142,0.3679181,0.024864538,0.2578231,-0.47796062,41.396225,0.5303030303030303,0.4696969696969697,,-0.05325373709024303
2025,7,New York Giants,0.13991685,0.106575325,0.10837864,0.168932,-0.23169665,0.3515309,36.4,0.5714285714285714,0.4285714285714286,,-0.03245697251799096
2025,1,New York Jets,0.15785076,0.20862925,0.31989947,-0.021255717,0.34847778,0.08924635,46.069443,0.40625,0.59375,,
2025,2,New York Jets,-0.1699251,0.17933832,-0.30408862,-0.027105842,0.26286677,0.07701597,68.42857,0.6595744680851063,0.34042553191489366,,0.0
2025,3,New York Jets,-0.06889767,-0.053230092,-0.33065003,0.25484866,-0.008612543,-0.09420539,39.622223,0.746268656716418,0.25373134328358204,,-0.07380128712267489
2025,4,New York Jets,0.07462583,0.17593622,-0.05417042,0.19713932,0.1677662,0.18267648,48.80488,0.6349206349206349,0.3650793650793651,,-0.02865984535706838
2025,5,New York Jets,0.025449656,0.26112837,-0.10686056,0.1473826,0.46602663,0.040468734,43.575,0.759493670886076,0.240506329113924,,-0.09293110507785193
2025,6,New York Jets,-0.14435104,-0.109579936,-0.093416184,-0.17943949,0.01031542,-0.2706893,48.343285,0.5087719298245614,0.49122807017543857,,-0.08861132051269513
2025,7,New York Jets,-0.19517705,-0.05396388,-0.2367053,-0.14632027,0.0063348967,-0.10784789,53.122807,0.7377049180327869,0.2622950819672131,,-0.04566667440829904
2025,1,Philadelphia Eagles,0.17109823,0.13882451,0.48605743,-0.10545133,0.39538857,-0.21705465,48.092308,0.559322033898305,0.44067796610169496,,
2025,2,Philadelphia Eagles,0.030245066,-0.03593377,0.01700401,0.044917583,0.05975106,-0.121804774,49.714287,0.4482758620689655,0.5517241379310345,,0.0
2025,3,Philadelphia Eagles,-0.048487157,-0.10605828,-0.29495484,0.12609412,0.11374271,-0.38080952,54.22222,0.6060606060606061,0.3939393939393939,,-0.046612938432321255
2025,4,Philadelphia Eagles,-0.051268544,-0.14787646,0.3545744,-0.3816058,-0.24614285,-0.049610075,59.5,0.5344827586206896,0.4655172413793104,,0.02206384272412984
2025,5,Philadelphia Eagles,-0.0046091503,0.06264112,0.10034196,-0.11784586,-0.10015085,0.2091539,42.982758,0.8333333333333334,0.16666666666666663,,0.024317864293700517
2025,6,Philadelphia Eagles,-0.032345142,0.17245735,0.2578231,-0.47796062,0.3679181,0.024864538,44.85965,0.6842105263157895,0.3157894736842105,,0.044655435149164084
2025,7,Philadelphia Eagles,0.06453937,-0.018735167,-0.09508372,0.2338366,-0.30313468,0.20383836,49.207546,0.5306122448979592,0.4693877551020408,,0.01019645827855192
2025,1,Pittsburgh Steelers,0.20862925,0.15785076,0.34847778,0.08924635,0.31989947,-0.021255717,45.02941,0.6545454545454545,0.34545454545454546,,
2025,2,Pittsburgh Steelers,-0.21041146,0.028033318,-0.011627815,-0.37525645,-0.2168056,0.2979839,46.80328,0.6774193548387096,0.32258064516129037,,0.0
2025,3,Pittsburgh Steelers,0.03746809,-0.08275977,0.3296928,-0.2461618,0.016879082,-0.19517283,51.263157,0.5294117647058824,0.47058823529411764,,-0.04839511828312557
2025,4,Pittsburgh Steelers,0.140713,0.05569001,0.2977404,0.0011330909,0.027166614,0.08013863,85.291664,0.49019607843137253,0.5098039215686274,,-0.032663027392313616
2025,6,Pittsburgh Steelers,0.11521414,-0.080335334,0.093669385,0.13922116,-0.0905655,-0.07252321,43.86,0.5535714285714286,0.4464285714285714,,-0.0008650792207698417
2025,7,Pittsburgh Steelers,0.26582983,0.21908686,0.08985979,0.4844593,0.2527689,0.19123437,50.4375,0.6491228070175439,0.3508771929824561,,-0.04150935564004565
2025,1,San Francisco 49ers,0.011684797,-0.08217626,0.05351241,-0.025693059,0.090779305,-0.2954881,40.772152,0.5675675675675675,0.43243243243243246,,
2025,2,San Francisco 49ers,0.027331552,-0.08166733,0.16357927,-0.12553173,-0.14878075,-0.022010947,37.24,0.6567164179104478,0.34328358208955223,,0.0
2025,3,San Francisco 49ers,-0.022365734,-0.0027177036,-0.02170812,-0.02280891,-0.09542723,0.104254834,46.640625,0.6984126984126984,0.3015873015873016,,-0.05782288876739708
2025,4,San Francisco 49ers,-0.112518385,-0.029039778,-0.09113679,-0.13678938,0.2093639,-0.29014856,66.1875,0.6515151515151515,0.3484848484848485,,-0.008528298111214893
2025,5,San Francisco 49ers,0.116799265,0.071828775,0.25986537,-0.010938342,0.058998436,0.078849144,30.30303,0.611764705882353,0.388235294117647,,0.022962239422185487
2025,6,San Francisco 49ers,0.015573463,0.15911333,0.14209254,-0.11683023,0.18725047,0.11891745,35.539474,0.6956521739130435,0.30434782608695654,,0.036133499667847915
2025,7,San Francisco 49ers,0.043582465,-0.07739639,0.06422525,0.02588865,-0.12706445,-0.020829989,48.859375,0.4375,0.5625,,0.031247324914165372
2025,1,Seattle Seahawks,-0.08217626,0.011684797,0.090779305,-0.2954881,0.05351241,-0.025693059,59.607143,0.5098039215686274,0.4901960784313726,,
2025,2,Seattle Seahawks,0.028033318,-0.21041146,-0.2168056,0.2979839,-0.011627815,-0.37525645,45.376812,0.5538461538461539,0.4461538461538461,,0.0
2025,3,Seattle Seahawks,0.16434415,-0.23953944,0.6656081,-0.17371757,-0.27274317,-0.1700192,41.285713,0.375,0.625,,0.02870385892298148
2025,4,Seattle Seahawks,0.060625177,-0.0059085665,0.106656395,0.024600739,-0.23257942,0.24982266,45.47222,0.48484848484848486,0.5151515151515151,,-0.02264506001590557
2025,5,Seattle Seahawks,0.2467,0.3388434,-0.05966207,0.49470744,0.18426551,0.48549423,48.403507,0.65,0.35,,0.0038140318560237543
2025,6,Seattle Seahawks,0.039777752,-0.08716789,0.09818859,-0.010947447,-0.12828758,-0.034013193,47.55814,0.5576923076923077,0.4423076923076923,,0.0021916610668484752
2025,7,Seattle Seahawks,-0.17994992,-0.2627055,0.04784767,-0.37927285,-0.14059626,-0.35151225,41.17857,0.5428571428571428,0.4571428571428572,,0.022037193211834803
2025,1,Tampa Bay Buccaneers,0.07608795,0.010881628,0.06024092,0.092815384,-0.0048203175,0.023757225,51.646152,0.6666666666666666,0.33333333333333337,,
2025,2,Tampa Bay Buccaneers,0.006007172,8.429153e-05,0.21880959,-0.17814876,0.10578936,-0.10914429,38.641975,0.65,0.35,,0.0
2025,3,Tampa Bay Buccaneers,-0.053230092,-0.06889767,-0.008612543,-0.09420539,-0.33065003,0.25484866,32.136364,0.5352112676056338,0.46478873239436624,,-0.02524711393021248
2025,4,Tampa Bay Buccaneers,-0.14787646,-0.051268544,-0.24614285,-0.049610075,0.3545744,-0.3816058,38.714287,0.647887323943662,0.352112676056338,,-0.0890791693510696
2025,5,Tampa Bay Buccaneers,0.3388434,0.2467,0.18426551,0.48549423,-0.05966207,0.49470744,52.04762,0.6833333333333333,0.31666666666666665,,-0.04667658629769276
2025,6,Tampa Bay Buccaneers,0.15911333,0.015573463,0.18725047,0.11891745,0.14209254,-0.11683023,55.039215,0.5,0.5,,0.009640975906462904
2025,7,Tampa Bay Buccaneers,-0.2955939,-0.09183985,-0.5439289,-0.12672606,-0.14106196,-0.017260903,60.72,0.8382352941176471,0.16176470588235292,,0.01408438369774472
2025,1,Tennessee Titans,-0.2187039,-0.1095381,-0.10465232,-0.3420029,-0.0774521,-0.14025874,49.109375,0.631578947368421,0.368421052631579,,
2025,2,Tennessee Titans,-0.024434907,0.20126362,0.09136551,-0.17680387,0.119674936,0.26109535,43.768116,0.6515151515151515,0.3484848484848485,,0.0
2025,3,Tennessee Titans,-0.079712674,0.2662428,-0.31396455,0.15453921,0.107568726,0.4489584,55.533333,0.7142857142857143,0.2857142857142857,,0.024082389542658584
2025,4,Tennessee Titans,-0.40415928,0.069475286,-0.31691018,-0.5132206,-0.051751014,0.17942472,65.97561,0.673469387755102,0.326530612244898,,0.09039239079860209
2025,5,Tennessee Titans,-0.025630914,-0.06345323,-0.23440714,0.18314531,0.09485889,-0.26759252,47.307693,0.6984126984126984,0.3015873015873016,,0.04405512035616081
2025,6,Tennessee Titans,-0.21562426,-0.06899247,-0.46946177,0.051934216,-0.14170147,-0.00515042,58.07895,0.75,0.25,,0.039251588550702966
2025,7,Tennessee Titans,-0.13107038,0.16324677,0.20092587,-0.56609994,0.38504663,-0.0055140103,59.18421,0.7547169811320755,0.24528301886792447,,-0.012085104905483928
2025,1,Washington Commanders,0.07223995,-0.11321851,0.14718853,-0.010203475,-0.11491072,-0.11182713,49.411766,0.6119402985074627,0.3880597014925373,,
2025,2,Washington Commanders,-0.06958293,0.046424482,-0.19044162,0.009440064,0.09433999,-0.01009125,75.5,0.8088235294117647,0.19117647058823528,,0.0
2025,3,Washington Commanders,0.22180377,-0.021253569,0.27561158,0.15169054,0.06981662,-0.09100945,44.425533,0.43859649122807015,0.5614035087719298,,0.13494120752827476
2025,4,Washington Commanders,0.1680928,0.2091765,0.15945484,0.17398232,0.23293523,0.17659308,44.785713,0.625,0.375,,0.07841234280867335
2025,5,Washington Commanders,0.18510167,-0.0826575,0.09780532,0.2516132,0.07049524,-0.2730636,46.479168,0.5862068965517241,0.4137931034482759,,0.03841992051623295
2025,6,Washington Commanders,0.036365766,0.09301964,-0.124276266,0.17405894,0.0936655,0.092357226,43.265625,0.625,0.375,,0.04439966374611242
2025,7,Washington Commanders,-0.105735436,0.19246128,0.010999583,-0.2775953,0.2749927,0.08012685,35.5,0.6363636363636364,0.36363636363636365,,0.02477875232142954
