season,week,scenario_id,scenario_label,game_id,home_team,away_team,scenario_applies,delta_pred_margin,delta_pred_total,delta_spread_ref,delta_total_ref,delta_home_points_mean,delta_away_points_mean,delta_total_points_mean,delta_prob_home_win_mc,delta_prob_home_cover_mc,delta_prob_over_total_mc
2025,10,v2_baseline,Baseline,2025_10_ARI_SEA,Seattle Seahawks,Arizona Cardinals,1,0.0,0.0,0.0,0.0,0.0,0.0,0.0,0.0,0.0,0.0
2025,10,v2_baseline,Baseline,2025_10_ATL_IND,Indianapolis Colts,Atlanta Falcons,1,0.0,0.0,0.0,0.0,0.0,0.0,0.0,0.0,0.0,0.0
2025,10,v2_baseline,Baseline,2025_10_BAL_MIN,Minnesota Vikings,Baltimore Ravens,1,0.0,0.0,0.0,0.0,0.0,0.0,0.0,0.0,0.0,0.0
2025,10,v2_baseline,Baseline,2025_10_BUF_MIA,Miami Dolphins,Buffalo Bills,1,0.0,0.0,0.0,0.0,0.0,0.0,0.0,0.0,0.0,0.0
2025,10,v2_baseline,Baseline,2025_10_CLE_NYJ,New York Jets,Cleveland Browns,1,0.0,0.0,0.0,0.0,0.0,0.0,0.0,0.0,0.0,0.0
2025,10,v2_baseline,Baseline,2025_10_DET_WAS,Washington Commanders,Detroit Lions,1,0.0,0.0,0.0,0.0,0.0,0.0,0.0,0.0,0.0,0.0
2025,10,v2_baseline,Baseline,2025_10_JAX_HOU,Houston Texans,Jacksonville Jaguars,1,0.0,0.0,0.0,0.0,0.0,0.0,0.0,0.0,0.0,0.0
2025,10,v2_baseline,Baseline,2025_10_LA_SF,San Francisco 49ers,Los Angeles Rams,1,0.0,0.0,0.0,0.0,0.0,0.0,0.0,0.0,0.0,0.0
2025,10,v2_baseline,Baseline,2025_10_LV_DEN,Denver Broncos,Las Vegas Raiders,1,0.0,0.0,0.0,0.0,0.0,0.0,0.0,0.0,0.0,0.0
2025,10,v2_baseline,Baseline,2025_10_NE_TB,Tampa Bay Buccaneers,New England Patriots,1,0.0,0.0,0.0,0.0,0.0,0.0,0.0,0.0,0.0,0.0
2025,10,v2_baseline,Baseline,2025_10_NO_CAR,Carolina Panthers,New Orleans Saints,1,0.0,0.0,0.0,0.0,0.0,0.0,0.0,0.0,0.0,0.0
2025,10,v2_baseline,Baseline,2025_10_NYG_CHI,Chicago Bears,New York Giants,1,0.0,0.0,0.0,0.0,0.0,0.0,0.0,0.0,0.0,0.0
2025,10,v2_baseline,Baseline,2025_10_PHI_GB,Green Bay Packers,Philadelphia Eagles,1,0.0,0.0,0.0,0.0,0.0,0.0,0.0,0.0,0.0,0.0
2025,10,v2_baseline,Baseline,2025_10_PIT_LAC,Los Angeles Chargers,Pittsburgh Steelers,1,0.0,0.0,0.0,0.0,0.0,0.0,0.0,0.0,0.0,0.0
2025,10,v2_blend_10_20,Market blend m=0.10 t=0.20,2025_10_ARI_SEA,Seattle Seahawks,Arizona Cardinals,1,8.881784197001252e-16,0.1388369435665382,0.0,0.0,-0.27708280844539246,0.7140572482377081,0.43697443979231565,-0.03649999999999998,-0.0605,0.014500000000000013
2025,10,v2_blend_10_20,Market blend m=0.10 t=0.20,2025_10_ATL_IND,Indianapolis Colts,Atlanta Falcons,1,8.881784197001252e-16,0.2142356771280376,0.0,0.0,0.16130575506281986,-0.30882827199969753,-0.14752251693686702,0.011499999999999955,0.03049999999999997,-0.0015000000000000013
2025,10,v2_blend_10_20,Market blend m=0.10 t=0.20,2025_10_BAL_MIN,Minnesota Vikings,Baltimore Ravens,1,0.0,0.1891027659408664,0.0,0.0,0.40595142839549325,0.12699079940107438,0.5329422277965605,0.016000000000000014,0.004500000000000004,0.02749999999999997
2025,10,v2_blend_10_20,Market blend m=0.10 t=0.20,2025_10_BUF_MIA,Miami Dolphins,Buffalo Bills,1,0.0,0.2645014995023658,0.0,0.0,0.3328335745712252,0.3052294944354763,0.638063069006698,0.009500000000000008,0.0025000000000000022,0.009000000000000008
2025,10,v2_blend_10_20,Market blend m=0.10 t=0.20,2025_10_CLE_NYJ,New York Jets,Cleveland Browns,1,0.0,-0.03709343474361049,0.0,0.0,0.22076186593417546,-0.18158065270948143,0.039181213224694034,0.019499999999999962,0.019499999999999962,-0.0024999999999999467
2025,10,v2_blend_10_20,Market blend m=0.10 t=0.20,2025_10_DET_WAS,Washington Commanders,Detroit Lions,1,0.0,0.2896344106895299,0.0,0.0,0.1294276853109082,0.15532770804654916,0.28475539335745026,-0.0010000000000000009,-0.005500000000000005,0.028000000000000025
2025,10,v2_blend_10_20,Market blend m=0.10 t=0.20,2025_10_JAX_HOU,Houston Texans,Jacksonville Jaguars,1,0.0,0.0634382100050459,0.0,0.0,-0.016657674978954873,0.3552002135532426,0.33854253857428773,-0.02200000000000002,-0.033499999999999974,0.015500000000000014
2025,10,v2_blend_10_20,Market blend m=0.10 t=0.20,2025_10_LA_SF,San Francisco 49ers,Los Angeles Rams,1,0.0,0.2142356771280376,0.0,0.0,0.22187024324078308,0.08218297116003725,0.3040532144008168,0.009000000000000008,0.015500000000000014,-0.01849999999999996
2025,10,v2_blend_10_20,Market blend m=0.10 t=0.20,2025_10_LV_DEN,Denver Broncos,Las Vegas Raiders,1,1.7763568394002505e-15,0.0634382100050459,0.0,0.0,0.04116984880724672,-0.0968348620727486,-0.05566501326550366,0.0050000000000000044,0.00550000000000006,-0.021499999999999964
2025,10,v2_blend_10_20,Market blend m=0.10 t=0.20,2025_10_NE_TB,Tampa Bay Buccaneers,New England Patriots,1,0.0,0.2142356771280376,0.0,0.0,0.4103829796835221,0.36621661080100054,0.7765995904845155,0.005499999999999949,0.0050000000000000044,0.03750000000000003
2025,10,v2_blend_10_20,Market blend m=0.10 t=0.20,2025_10_NO_CAR,Carolina Panthers,New Orleans Saints,1,0.0,0.0634382100050459,0.0,0.0,-0.22295551074322972,0.09860689562805902,-0.12434861511516715,-0.009500000000000064,-0.007999999999999896,0.0030000000000000027
2025,10,v2_blend_10_20,Market blend m=0.10 t=0.20,2025_10_NYG_CHI,Chicago Bears,New York Giants,1,0.0,0.1891027659408664,0.0,0.0,-0.20365075346485284,-0.26271881591631185,-0.4663695693811789,-0.0025000000000000577,-0.005499999999999949,-0.017000000000000015
2025,10,v2_blend_10_20,Market blend m=0.10 t=0.20,2025_10_PHI_GB,Green Bay Packers,Philadelphia Eagles,1,0.0,0.1388369435665382,0.0,0.0,0.10191883368428023,-0.28025178311770915,-0.17833294943343247,0.020499999999999963,0.01050000000000001,-0.005499999999999949
2025,10,v2_blend_10_20,Market blend m=0.10 t=0.20,2025_10_PIT_LAC,Los Angeles Chargers,Pittsburgh Steelers,1,0.0,0.1639698547537023,0.0,0.0,0.09839304980593866,-0.11161309830234245,-0.013220048496393133,-0.0045000000000000595,0.0015000000000000568,0.017500000000000016
2025,10,v2_cold_minus15,Temp -15F,2025_10_ARI_SEA,Seattle Seahawks,Arizona Cardinals,1,0.0,0.0,0.0,0.0,0.03654800344553166,0.7093675808923656,0.7459155843378937,-0.020499999999999963,-0.03049999999999997,0.02400000000000002
2025,10,v2_cold_minus15,Temp -15F,2025_10_ATL_IND,Indianapolis Colts,Atlanta Falcons,1,0.0,0.0,0.0,0.0,0.16620008785992724,-0.17842858322063648,-0.012228495360716352,0.009499999999999953,0.03249999999999997,0.0020000000000000018
2025,10,v2_cold_minus15,Temp -15F,2025_10_BAL_MIN,Minnesota Vikings,Baltimore Ravens,1,0.0,0.0,0.0,0.0,0.18633456584093722,-0.12326853905495838,0.06306602678596818,0.025000000000000022,0.02400000000000002,-0.0015000000000000013
2025,10,v2_cold_minus15,Temp -15F,2025_10_BUF_MIA,Miami Dolphins,Buffalo Bills,1,0.0,0.0,0.0,0.0,-0.5202989331937324,-0.06361593446743541,-0.5839148676611714,-0.0024999999999999883,-0.017500000000000016,-0.017000000000000015
2025,10,v2_cold_minus15,Temp -15F,2025_10_CLE_NYJ,New York Jets,Cleveland Browns,1,0.0,0.0,0.0,0.0,0.47650997800559125,-0.17154785796896732,0.3049621200366275,0.021499999999999964,0.019499999999999962,-0.0014999999999999458
2025,10,v2_cold_minus15,Temp -15F,2025_10_DET_WAS,Washington Commanders,Detroit Lions,1,0.0,0.0,0.0,0.0,0.25983260757137927,0.3573173923498345,0.6171499999212102,-0.005500000000000005,-0.008500000000000008,0.03400000000000003
2025,10,v2_cold_minus15,Temp -15F,2025_10_JAX_HOU,Houston Texans,Jacksonville Jaguars,1,0.0,0.0,0.0,0.0,0.1080848670085679,0.33632712204725834,0.4444119890558227,-0.0040000000000000036,-0.01100000000000001,0.026000000000000023
2025,10,v2_cold_minus15,Temp -15F,2025_10_LA_SF,San Francisco 49ers,Los Angeles Rams,1,0.0,0.0,0.0,0.0,0.42039934411109314,-0.02249630513661316,0.39790303897447643,0.028500000000000025,0.018500000000000016,-0.01749999999999996
2025,10,v2_cold_minus15,Temp -15F,2025_10_LV_DEN,Denver Broncos,Las Vegas Raiders,1,0.0,0.0,0.0,0.0,-0.07569495383031821,-0.07012181898171477,-0.14581677281203298,-0.0024999999999999467,-0.005499999999999949,-0.017000000000000015
2025,10,v2_cold_minus15,Temp -15F,2025_10_NE_TB,Tampa Bay Buccaneers,New England Patriots,1,0.0,0.0,0.0,0.0,0.4679016407756791,0.5098828946913478,0.9777845354670234,-0.007500000000000062,-0.007000000000000006,0.04500000000000004
2025,10,v2_cold_minus15,Temp -15F,2025_10_NO_CAR,Carolina Panthers,New Orleans Saints,1,0.0,0.0,0.0,0.0,-0.15915573473783695,0.11737549110268475,-0.04178024363515931,-0.000500000000000056,-0.0119999999999999,0.010500000000000065
2025,10,v2_cold_minus15,Temp -15F,2025_10_NYG_CHI,Chicago Bears,New York Giants,1,0.0,0.0,0.0,0.0,-0.4326981517014623,-0.3142728027356405,-0.7469709544371099,-0.00550000000000006,-0.018000000000000016,-0.03150000000000003
2025,10,v2_cold_minus15,Temp -15F,2025_10_PHI_GB,Green Bay Packers,Philadelphia Eagles,1,0.0,0.0,0.0,0.0,0.011345603421105466,-0.1770462513902764,-0.1657006479691745,0.0020000000000000018,0.006000000000000005,-0.009499999999999953
2025,10,v2_cold_minus15,Temp -15F,2025_10_PIT_LAC,Los Angeles Chargers,Pittsburgh Steelers,1,0.0,0.0,0.0,0.0,-0.10623973944557008,-0.07500894481552933,-0.1812486842610994,0.0014999999999999458,-0.0004999999999999449,-0.0015000000000000013
2025,10,v2_elo_minus100,Home Elo -100 (diff),2025_10_ARI_SEA,Seattle Seahawks,Arizona Cardinals,1,-0.08000000000000007,0.0,0.0,0.0,-0.5059192218603634,0.522420343545619,0.016501121685251974,-0.03049999999999997,-0.044499999999999984,0.0015000000000000013
2025,10,v2_elo_minus100,Home Elo -100 (diff),2025_10_ATL_IND,Indianapolis Colts,Atlanta Falcons,1,-0.08000000000000007,0.0,0.0,0.0,0.42088271138552713,0.16483879577238625,0.5857215071579134,0.018999999999999906,0.02100000000000002,0.02699999999999997
2025,10,v2_elo_minus100,Home Elo -100 (diff),2025_10_BAL_MIN,Minnesota Vikings,Baltimore Ravens,1,-0.08000000000000007,0.0,0.0,0.0,0.21620375377975165,-0.1598657290728518,0.0563380247068892,0.016500000000000015,0.018500000000000016,0.013499999999999956
2025,10,v2_elo_minus100,Home Elo -100 (diff),2025_10_BUF_MIA,Miami Dolphins,Buffalo Bills,1,-0.08000000000000007,0.0,0.0,0.0,-0.20977469411623773,-0.003520515968343574,-0.2132952100845884,-0.005499999999999991,-0.016000000000000014,-0.014000000000000012
2025,10,v2_elo_minus100,Home Elo -100 (diff),2025_10_CLE_NYJ,New York Jets,Cleveland Browns,1,-0.08000000000000007,0.0,0.0,0.0,0.5215052349470461,-0.1388862337443797,0.3826190012026629,0.02849999999999997,0.03249999999999997,0.0050000000000000044
2025,10,v2_elo_minus100,Home Elo -100 (diff),2025_10_DET_WAS,Washington Commanders,Detroit Lions,1,-0.08000000000000007,0.0,0.0,0.0,0.10584532605064467,0.09324789918377618,0.19909322523441375,0.006500000000000006,-0.01100000000000001,0.02200000000000002
2025,10,v2_elo_minus100,Home Elo -100 (diff),2025_10_JAX_HOU,Houston Texans,Jacksonville Jaguars,1,-0.08000000000000007,0.0,0.0,0.0,0.21282193193367505,0.48509753685782897,0.6979194687914898,-0.021499999999999964,-0.02849999999999997,0.028000000000000025
2025,10,v2_elo_minus100,Home Elo -100 (diff),2025_10_LA_SF,San Francisco 49ers,Los Angeles Rams,1,-0.08000000000000007,0.0,0.0,0.0,-0.3192566992119552,-0.24566912361730076,-0.5649258228292524,0.0030000000000000027,0.005500000000000005,-0.03999999999999998
2025,10,v2_elo_minus100,Home Elo -100 (diff),2025_10_LV_DEN,Denver Broncos,Las Vegas Raiders,1,-0.08000000000000007,0.0,0.0,0.0,-0.1941600141216604,-0.11245611783323461,-0.3066161319548897,-0.0010000000000000009,-0.005999999999999894,-0.015000000000000013
2025,10,v2_elo_minus100,Home Elo -100 (diff),2025_10_NE_TB,Tampa Bay Buccaneers,New England Patriots,1,-0.08000000000000007,0.0,0.0,0.0,-0.20469893759943147,0.12213048238946911,-0.08256845520996592,-0.014000000000000012,-0.008499999999999952,0.0
2025,10,v2_elo_minus100,Home Elo -100 (diff),2025_10_NO_CAR,Carolina Panthers,New Orleans Saints,1,-0.07999999999999918,0.0,0.0,0.0,-0.09837416116737074,0.033353449228599175,-0.06502071193877157,0.0010000000000000009,-0.009999999999999898,0.0050000000000000044
2025,10,v2_elo_minus100,Home Elo -100 (diff),2025_10_NYG_CHI,Chicago Bears,New York Giants,1,-0.08000000000000007,0.0,0.0,0.0,-0.1840895166920582,-0.11175269233790175,-0.2958422090299635,0.008000000000000007,-0.0050000000000000044,-0.006500000000000061
2025,10,v2_elo_minus100,Home Elo -100 (diff),2025_10_PHI_GB,Green Bay Packers,Philadelphia Eagles,1,-0.08000000000000007,0.0,0.0,0.0,-0.3259865306582057,-0.1264659806070938,-0.4524525112652924,0.0024999999999999467,-0.0025000000000000022,-0.022499999999999964
2025,10,v2_elo_minus100,Home Elo -100 (diff),2025_10_PIT_LAC,Los Angeles Chargers,Pittsburgh Steelers,1,-0.08000000000000007,0.0,0.0,0.0,-0.24835973427567737,0.07591488811097946,-0.17244484616469435,-0.013000000000000012,-0.016000000000000014,0.02400000000000002
2025,10,v2_elo_plus100,Home Elo +100 (diff),2025_10_ARI_SEA,Seattle Seahawks,Arizona Cardinals,1,0.08000000000000007,0.0,0.0,0.0,-0.3903671002638731,-0.16161523571609848,-0.5519823359799716,-0.009000000000000008,-0.01750000000000007,-0.02300000000000002
2025,10,v2_elo_plus100,Home Elo +100 (diff),2025_10_ATL_IND,Indianapolis Colts,Atlanta Falcons,1,0.08000000000000007,0.0,0.0,0.0,0.318305198802193,-0.14429976877078232,0.17400543003140712,0.019499999999999962,0.03149999999999997,0.009999999999999953
2025,10,v2_elo_plus100,Home Elo +100 (diff),2025_10_BAL_MIN,Minnesota Vikings,Baltimore Ravens,1,0.08000000000000007,0.0,0.0,0.0,0.3323536117194337,-0.04849505550152955,0.28385855621789347,0.02849999999999997,0.016000000000000014,0.013999999999999957
2025,10,v2_elo_plus100,Home Elo +100 (diff),2025_10_BUF_MIA,Miami Dolphins,Buffalo Bills,1,0.08000000000000007,0.0,0.0,0.0,-0.22359833358063597,-0.08499406205894644,-0.30859239563957885,0.006000000000000005,-0.024499999999999966,-0.023499999999999965
2025,10,v2_elo_plus100,Home Elo +100 (diff),2025_10_CLE_NYJ,New York Jets,Cleveland Browns,1,0.07999999999999985,0.0,0.0,0.0,0.6292280102450185,-0.10150561956533011,0.5277223906796848,0.041999999999999926,0.04200000000000004,0.023500000000000076
2025,10,v2_elo_plus100,Home Elo +100 (diff),2025_10_DET_WAS,Washington Commanders,Detroit Lions,1,0.08000000000000007,0.0,0.0,0.0,-0.055232686050192825,0.02772723338734906,-0.02750545266285087,0.007500000000000007,-0.019499999999999962,0.01100000000000001
2025,10,v2_elo_plus100,Home Elo +100 (diff),2025_10_JAX_HOU,Houston Texans,Jacksonville Jaguars,1,0.08000000000000007,0.0,0.0,0.0,-0.11239448049418144,0.09449357031407146,-0.017900910180109975,-0.01200000000000001,-0.0004999999999999449,0.0010000000000000009
2025,10,v2_elo_plus100,Home Elo +100 (diff),2025_10_LA_SF,San Francisco 49ers,Los Angeles Rams,1,0.08000000000000007,0.0,0.0,0.0,0.22100780696129263,-0.2803278406961418,-0.059320033734849176,0.025500000000000023,0.03600000000000003,-0.01749999999999996
2025,10,v2_elo_plus100,Home Elo +100 (diff),2025_10_LV_DEN,Denver Broncos,Las Vegas Raiders,1,0.08000000000000007,0.0,0.0,0.0,-0.08753934261442708,-0.34973141552939246,-0.43727075814381067,0.012500000000000067,0.0030000000000000027,-0.02699999999999997
2025,10,v2_elo_plus100,Home Elo +100 (diff),2025_10_NE_TB,Tampa Bay Buccaneers,New England Patriots,1,0.08000000000000007,0.0,0.0,0.0,0.6707406972744252,0.36104158515192,1.0317822824263558,0.009499999999999953,0.022500000000000075,0.02250000000000002
2025,10,v2_elo_plus100,Home Elo +100 (diff),2025_10_NO_CAR,Carolina Panthers,New Orleans Saints,1,0.08000000000000007,0.0,0.0,0.0,-0.3356503437913041,0.1283889404668983,-0.20726140332440224,-0.007500000000000062,-0.0050000000000000044,-0.011499999999999955
2025,10,v2_elo_plus100,Home Elo +100 (diff),2025_10_NYG_CHI,Chicago Bears,New York Giants,1,0.08000000000000007,0.0,0.0,0.0,-0.20085921016231723,-0.4587850452961497,-0.6596442554584812,0.01200000000000001,0.009000000000000008,-0.018000000000000016
2025,10,v2_elo_plus100,Home Elo +100 (diff),2025_10_PHI_GB,Green Bay Packers,Philadelphia Eagles,1,0.08000000000000007,0.0,0.0,0.0,0.16713479872112558,-0.033960922988374165,0.1331738757327443,0.0,-0.0015000000000000013,-0.0030000000000000027
2025,10,v2_elo_plus100,Home Elo +100 (diff),2025_10_PIT_LAC,Los Angeles Chargers,Pittsburgh Steelers,1,0.08000000000000007,0.0,0.0,0.0,-0.011300947979581366,-0.16035707812330102,-0.1716580261028824,-0.01100000000000001,0.006500000000000061,0.01150000000000001
2025,10,v2_inj_away_plus1,Away starters out +1,2025_10_ARI_SEA,Seattle Seahawks,Arizona Cardinals,1,0.0,-0.4000000000000057,0.0,0.0,-0.7774901895097841,-0.0847649708403111,-0.8622551603500952,-0.013499999999999956,-0.03149999999999997,-0.016000000000000014
2025,10,v2_inj_away_plus1,Away starters out +1,2025_10_ATL_IND,Indianapolis Colts,Atlanta Falcons,1,0.0,-0.3999999999999986,0.0,0.0,0.01212878406562723,-0.423500461022428,-0.4113716769568043,0.016999999999999904,0.03049999999999997,-0.01150000000000001
2025,10,v2_inj_away_plus1,Away starters out +1,2025_10_BAL_MIN,Minnesota Vikings,Baltimore Ravens,1,0.0,-0.3999999999999986,0.0,0.0,-0.09954130463841082,-0.19356700113994663,-0.2931083057783681,0.010000000000000009,0.017500000000000016,-0.006000000000000005
2025,10,v2_inj_away_plus1,Away starters out +1,2025_10_BUF_MIA,Miami Dolphins,Buffalo Bills,1,0.0,-0.3999999999999986,0.0,0.0,-0.29926181361782156,-0.10671830524715276,-0.4059801188649814,0.006000000000000005,-0.01100000000000001,-0.01050000000000001
2025,10,v2_inj_away_plus1,Away starters out +1,2025_10_CLE_NYJ,New York Jets,Cleveland Browns,1,0.0,-0.3999999999999986,0.0,0.0,0.3908061223070618,-0.23150984688143694,0.15929627542563196,0.020999999999999908,0.015000000000000013,0.009000000000000008
2025,10,v2_inj_away_plus1,Away starters out +1,2025_10_DET_WAS,Washington Commanders,Detroit Lions,1,0.0,-0.4000000000000057,0.0,0.0,-0.11520865904734023,-0.14102013813311132,-0.2562287971804622,-0.010999999999999954,-0.016500000000000015,0.013000000000000012
2025,10,v2_inj_away_plus1,Away starters out +1,2025_10_JAX_HOU,Houston Texans,Jacksonville Jaguars,1,0.0,-0.3999999999999986,0.0,0.0,0.07455349512437337,0.4175650136061009,0.4921185087304707,-0.030000000000000027,-0.021499999999999964,0.017500000000000016
2025,10,v2_inj_away_plus1,Away starters out +1,2025_10_LA_SF,San Francisco 49ers,Los Angeles Rams,1,0.0,-0.3999999999999986,0.0,0.0,0.16537650698586503,-0.13646662937826548,0.028909877607588896,0.004500000000000004,0.01200000000000001,-0.026499999999999968
2025,10,v2_inj_away_plus1,Away starters out +1,2025_10_LV_DEN,Denver Broncos,Las Vegas Raiders,1,0.0,-0.3999999999999986,0.0,0.0,-0.037384076119938214,-0.1279955443341052,-0.16537962045403987,-0.0010000000000000009,0.01100000000000001,-0.01150000000000001
2025,10,v2_inj_away_plus1,Away starters out +1,2025_10_NE_TB,Tampa Bay Buccaneers,New England Patriots,1,0.0,-0.3999999999999986,0.0,0.0,0.25371185947774677,-0.020516064551582502,0.23319579492616072,0.012499999999999956,0.006500000000000061,0.0020000000000000018
2025,10,v2_inj_away_plus1,Away starters out +1,2025_10_NO_CAR,Carolina Panthers,New Orleans Saints,1,0.0,-0.3999999999999986,0.0,0.0,-0.25991740807410935,-0.18232263518789082,-0.4422400432619966,-0.008500000000000063,-0.00649999999999995,-0.0024999999999999467
2025,10,v2_inj_away_plus1,Away starters out +1,2025_10_NYG_CHI,Chicago Bears,New York Giants,1,0.0,-0.3999999999999986,0.0,0.0,-0.4151327452170577,-0.5433400756728801,-0.9584728208899449,0.009000000000000008,0.0015000000000000568,-0.02250000000000002
2025,10,v2_inj_away_plus1,Away starters out +1,2025_10_PHI_GB,Green Bay Packers,Philadelphia Eagles,1,0.0,-0.3999999999999986,0.0,0.0,-0.1701594735839116,-0.38982840400204566,-0.5599878775859537,0.007499999999999951,0.0,-0.023499999999999965
2025,10,v2_inj_away_plus1,Away starters out +1,2025_10_PIT_LAC,Los Angeles Chargers,Pittsburgh Steelers,1,0.0,-0.3999999999999986,0.0,0.0,0.047694162719604805,-0.2639057682093018,-0.21621160548968987,0.013499999999999956,0.013500000000000068,0.01100000000000001
2025,10,v2_inj_away_plus2,Away starters out +2,2025_10_ARI_SEA,Seattle Seahawks,Arizona Cardinals,1,0.0,-0.8000000000000043,0.0,0.0,-0.5739767639257565,-0.00478393195449911,-0.5787606958802556,-0.015499999999999958,-0.03149999999999997,-0.008500000000000008
2025,10,v2_inj_away_plus2,Away starters out +2,2025_10_ATL_IND,Indianapolis Colts,Atlanta Falcons,1,0.0,-0.7999999999999972,0.0,0.0,-0.16437631841926503,-0.4699645942844555,-0.6343409127037134,0.0119999999999999,0.02100000000000002,-0.02300000000000002
2025,10,v2_inj_away_plus2,Away starters out +2,2025_10_BAL_MIN,Minnesota Vikings,Baltimore Ravens,1,0.0,-0.7999999999999972,0.0,0.0,-0.43847831270727156,-0.7288262213459156,-1.1673045340532013,0.02300000000000002,0.018000000000000016,-0.03500000000000003
2025,10,v2_inj_away_plus2,Away starters out +2,2025_10_BUF_MIA,Miami Dolphins,Buffalo Bills,1,0.0,-0.7999999999999972,0.0,0.0,-0.4122511073621986,-0.14353811174314401,-0.5557892191053497,-0.0010000000000000009,-0.01050000000000001,-0.006000000000000005
2025,10,v2_inj_away_plus2,Away starters out +2,2025_10_CLE_NYJ,New York Jets,Cleveland Browns,1,0.0,-0.8000000000000043,0.0,0.0,-0.13317338592047534,-0.5564971090099142,-0.6896704949303967,0.023499999999999965,0.015000000000000013,-0.023499999999999965
2025,10,v2_inj_away_plus2,Away starters out +2,2025_10_DET_WAS,Washington Commanders,Detroit Lions,1,0.0,-0.8000000000000043,0.0,0.0,0.19629372652076782,-0.11641659832347884,0.07987712819729609,0.013500000000000012,0.004500000000000004,0.004500000000000004
2025,10,v2_inj_away_plus2,Away starters out +2,2025_10_JAX_HOU,Houston Texans,Jacksonville Jaguars,1,0.0,-0.8000000000000043,0.0,0.0,-0.43446060805144526,-0.22887564735388466,-0.6633362554053406,-0.017000000000000015,-0.025000000000000022,-0.026499999999999968
2025,10,v2_inj_away_plus2,Away starters out +2,2025_10_LA_SF,San Francisco 49ers,Los Angeles Rams,1,0.0,-0.7999999999999972,0.0,0.0,-0.582034573672626,-0.2821173215824544,-0.864151895255084,-0.02749999999999997,-0.016500000000000015,-0.05149999999999999
2025,10,v2_inj_away_plus2,Away starters out +2,2025_10_LV_DEN,Denver Broncos,Las Vegas Raiders,1,0.0,-0.8000000000000043,0.0,0.0,-0.6288159820074064,-0.4001818169413234,-1.0289977989487227,-0.0010000000000000009,-0.015999999999999903,-0.04749999999999999
2025,10,v2_inj_away_plus2,Away starters out +2,2025_10_NE_TB,Tampa Bay Buccaneers,New England Patriots,1,0.0,-0.8000000000000043,0.0,0.0,-0.2627643372266171,-0.2521750716342659,-0.514939408860883,0.005499999999999949,0.007000000000000006,-0.007000000000000006
2025,10,v2_inj_away_plus2,Away starters out +2,2025_10_NO_CAR,Carolina Panthers,New Orleans Saints,1,0.0,-0.7999999999999972,0.0,0.0,-0.44144259294898447,-0.37364952910620275,-0.8150921220551766,0.007000000000000006,-0.0044999999999999485,-0.01699999999999996
2025,10,v2_inj_away_plus2,Away starters out +2,2025_10_NYG_CHI,Chicago Bears,New York Giants,1,0.0,-0.8000000000000043,0.0,0.0,-0.7829457327431015,-0.8873934882805905,-1.6703392210236956,0.0004999999999999449,0.0,-0.045999999999999985
2025,10,v2_inj_away_plus2,Away starters out +2,2025_10_PHI_GB,Green Bay Packers,Philadelphia Eagles,1,0.0,-0.8000000000000043,0.0,0.0,-0.38527092804771,-0.9228754219408088,-1.3081463499885118,0.02200000000000002,0.022999999999999965,-0.03949999999999998
2025,10,v2_inj_away_plus2,Away starters out +2,2025_10_PIT_LAC,Los Angeles Chargers,Pittsburgh Steelers,1,0.0,-0.8000000000000043,0.0,0.0,-0.504743764692833,-0.21063386300636466,-0.7153776276991906,-0.018500000000000072,-0.016000000000000014,-0.003500000000000003
2025,10,v2_inj_home_plus1,Home starters out +1,2025_10_ARI_SEA,Seattle Seahawks,Arizona Cardinals,1,0.0,-0.4000000000000057,0.0,0.0,-0.10411871033905484,0.5326210177498218,0.428502307410767,-0.03049999999999997,-0.03300000000000003,0.014500000000000013
2025,10,v2_inj_home_plus1,Home starters out +1,2025_10_ATL_IND,Indianapolis Colts,Atlanta Falcons,1,0.0,-0.3999999999999986,0.0,0.0,0.18669049887435563,-0.33985628546755464,-0.15316578659320612,0.01749999999999996,0.04049999999999998,-0.0025000000000000022
2025,10,v2_inj_home_plus1,Home starters out +1,2025_10_BAL_MIN,Minnesota Vikings,Baltimore Ravens,1,0.0,-0.3999999999999986,0.0,0.0,-0.29544906634119883,-0.4534328522747444,-0.7488819186159574,0.02200000000000002,0.013500000000000012,-0.02300000000000002
2025,10,v2_inj_home_plus1,Home starters out +1,2025_10_BUF_MIA,Miami Dolphins,Buffalo Bills,1,0.0,-0.3999999999999986,0.0,0.0,-0.08533398992545571,0.06723375698212664,-0.018100232943339734,0.0015000000000000013,-0.0050000000000000044,-0.01150000000000001
2025,10,v2_inj_home_plus1,Home starters out +1,2025_10_CLE_NYJ,New York Jets,Cleveland Browns,1,0.0,-0.3999999999999986,0.0,0.0,-0.0679919675837155,-0.4257528012275351,-0.4937447688112542,0.030999999999999917,0.026000000000000023,-0.008499999999999952
2025,10,v2_inj_home_plus1,Home starters out +1,2025_10_DET_WAS,Washington Commanders,Detroit Lions,1,0.0,-0.4000000000000057,0.0,0.0,-0.049321264905181295,-0.12620383117134892,-0.17552509607653377,0.007000000000000006,-0.0025000000000000022,0.0050000000000000044
2025,10,v2_inj_home_plus1,Home starters out +1,2025_10_JAX_HOU,Houston Texans,Jacksonville Jaguars,1,0.0,-0.3999999999999986,0.0,0.0,0.0722759243039981,0.10509795384195542,0.17737387814594996,-0.005499999999999949,-0.013499999999999956,-0.0030000000000000027
2025,10,v2_inj_home_plus1,Home starters out +1,2025_10_LA_SF,San Francisco 49ers,Los Angeles Rams,1,0.0,-0.3999999999999986,0.0,0.0,0.2003631908534409,-0.19474838559686702,0.005614805256563216,0.020500000000000018,0.005500000000000005,-0.02749999999999997
2025,10,v2_inj_home_plus1,Home starters out +1,2025_10_LV_DEN,Denver Broncos,Las Vegas Raiders,1,0.0,-0.3999999999999986,0.0,0.0,-0.3288468653910819,-0.3589022651567255,-0.6877491305478003,0.006500000000000061,-0.0014999999999999458,-0.03699999999999998
2025,10,v2_inj_home_plus1,Home starters out +1,2025_10_NE_TB,Tampa Bay Buccaneers,New England Patriots,1,0.0,-0.3999999999999986,0.0,0.0,0.16227752916394778,-0.04002370626362506,0.12225382290032627,0.007999999999999896,0.007000000000000006,0.01200000000000001
2025,10,v2_inj_home_plus1,Home starters out +1,2025_10_NO_CAR,Carolina Panthers,New Orleans Saints,1,0.0,-0.3999999999999986,0.0,0.0,-0.4938522059592465,-0.37288092092180136,-0.8667331268810443,-0.0025000000000000577,-0.017999999999999905,-0.007999999999999952
2025,10,v2_inj_home_plus1,Home starters out +1,2025_10_NYG_CHI,Chicago Bears,New York Giants,1,0.0,-0.3999999999999986,0.0,0.0,-0.4116984679989031,-0.6301673910126482,-1.0418658590115655,0.022499999999999964,-0.0004999999999999449,-0.04200000000000004
2025,10,v2_inj_home_plus1,Home starters out +1,2025_10_PHI_GB,Green Bay Packers,Philadelphia Eagles,1,0.0,-0.3999999999999986,0.0,0.0,-0.2682034776730866,-0.42433373926440154,-0.6925372169374882,0.007499999999999951,0.0020000000000000018,-0.010499999999999954
2025,10,v2_inj_home_plus1,Home starters out +1,2025_10_PIT_LAC,Los Angeles Chargers,Pittsburgh Steelers,1,0.0,-0.3999999999999986,0.0,0.0,-0.20602135147487033,-0.49562931253932163,-0.7016506640141884,0.01200000000000001,0.017000000000000015,0.004500000000000004
2025,10,v2_inj_home_plus2,Home starters out +2,2025_10_ARI_SEA,Seattle Seahawks,Arizona Cardinals,1,0.0,-0.8000000000000043,0.0,0.0,-0.4206706542929304,0.004624736101416005,-0.41604591819150727,-0.019999999999999907,-0.02849999999999997,-0.013000000000000012
2025,10,v2_inj_home_plus2,Home starters out +2,2025_10_ATL_IND,Indianapolis Colts,Atlanta Falcons,1,0.0,-0.7999999999999972,0.0,0.0,-0.026056173015405193,-0.44646540434524695,-0.47252157736065925,0.012499999999999956,0.038000000000000034,-0.020500000000000018
2025,10,v2_inj_home_plus2,Home starters out +2,2025_10_BAL_MIN,Minnesota Vikings,Baltimore Ravens,1,0.0,-0.7999999999999972,0.0,0.0,0.0166604210293535,-0.5087431212607534,-0.4920827002314141,0.03649999999999998,0.031000000000000028,-0.010000000000000009
2025,10,v2_inj_home_plus2,Home starters out +2,2025_10_BUF_MIA,Miami Dolphins,Buffalo Bills,1,0.0,-0.7999999999999972,0.0,0.0,-0.4829458910813109,-0.2387895645862841,-0.7217354556675986,0.003500000000000003,-0.01200000000000001,-0.034999999999999976
2025,10,v2_inj_home_plus2,Home starters out +2,2025_10_CLE_NYJ,New York Jets,Cleveland Browns,1,0.0,-0.8000000000000043,0.0,0.0,-0.0517828203199322,-0.34269490741581876,-0.3944777277357474,0.005499999999999949,0.0030000000000000027,-0.01699999999999996
2025,10,v2_inj_home_plus2,Home starters out +2,2025_10_DET_WAS,Washington Commanders,Detroit Lions,1,0.0,-0.8000000000000043,0.0,0.0,-0.504350931836008,-0.34907879759164473,-0.8534297294276527,-0.004500000000000004,-0.01100000000000001,-0.008500000000000008
2025,10,v2_inj_home_plus2,Home starters out +2,2025_10_JAX_HOU,Houston Texans,Jacksonville Jaguars,1,0.0,-0.8000000000000043,0.0,0.0,-0.29500172091034926,-0.39155106640672344,-0.6865527873170763,-0.0025000000000000577,-0.0020000000000000018,-0.02749999999999997
2025,10,v2_inj_home_plus2,Home starters out +2,2025_10_LA_SF,San Francisco 49ers,Los Angeles Rams,1,0.0,-0.7999999999999972,0.0,0.0,-0.26826046209225396,-0.4728681105979078,-0.7411285726901724,-0.0010000000000000009,0.01200000000000001,-0.05149999999999999
2025,10,v2_inj_home_plus2,Home starters out +2,2025_10_LV_DEN,Denver Broncos,Las Vegas Raiders,1,0.0,-0.8000000000000043,0.0,0.0,-0.036246054510257864,-0.2401145811701344,-0.2763606356803834,-0.0010000000000000009,0.007000000000000006,-0.019999999999999962
2025,10,v2_inj_home_plus2,Home starters out +2,2025_10_NE_TB,Tampa Bay Buccaneers,New England Patriots,1,0.0,-0.8000000000000043,0.0,0.0,-0.2922671107045538,-0.40843721332441874,-0.7007043240289761,-0.006000000000000005,-0.0040000000000000036,-0.014499999999999957
2025,10,v2_inj_home_plus2,Home starters out +2,2025_10_NO_CAR,Carolina Panthers,New Orleans Saints,1,0.0,-0.7999999999999972,0.0,0.0,-0.21602292641008347,-0.32820468065825636,-0.5442276070683434,0.013000000000000012,0.01100000000000001,-0.021999999999999964
2025,10,v2_inj_home_plus2,Home starters out +2,2025_10_NYG_CHI,Chicago Bears,New York Giants,1,0.0,-0.8000000000000043,0.0,0.0,-0.5740800405536604,-0.6683762660048949,-1.2424563065585659,0.0034999999999999476,-0.006000000000000005,-0.046999999999999986
2025,10,v2_inj_home_plus2,Home starters out +2,2025_10_PHI_GB,Green Bay Packers,Philadelphia Eagles,1,0.0,-0.8000000000000043,0.0,0.0,-0.45127112590982676,-0.5243936499235993,-0.9756647758334296,0.0030000000000000027,-0.0015000000000000013,-0.033999999999999975
2025,10,v2_inj_home_plus2,Home starters out +2,2025_10_PIT_LAC,Los Angeles Chargers,Pittsburgh Steelers,1,0.0,-0.8000000000000043,0.0,0.0,-0.24556261199546014,-0.6462167798297926,-0.8917793918252386,0.018000000000000016,0.02200000000000002,-0.0025000000000000022
2025,10,v2_neutral_site,Neutral site,2025_10_ARI_SEA,Seattle Seahawks,Arizona Cardinals,1,0.0,0.0,0.0,0.0,-0.33159009831754815,0.42039293612748097,0.08880283780993636,-0.02749999999999997,-0.045499999999999985,0.008500000000000008
2025,10,v2_neutral_site,Neutral site,2025_10_ATL_IND,Indianapolis Colts,Atlanta Falcons,1,0.0,0.0,0.0,0.0,0.3126651781663057,0.036214980344400516,0.34888015851070975,0.02399999999999991,0.02849999999999997,0.007000000000000006
2025,10,v2_neutral_site,Neutral site,2025_10_BAL_MIN,Minnesota Vikings,Baltimore Ravens,1,0.0,0.0,0.0,0.0,0.19902512588767252,0.0019351432848857542,0.2009602691725405,0.009000000000000008,0.013000000000000012,0.011499999999999955
2025,10,v2_neutral_site,Neutral site,2025_10_BUF_MIA,Miami Dolphins,Buffalo Bills,1,0.0,0.0,0.0,0.0,-0.013973026356765672,0.005138877949278253,-0.008834148407494524,0.016000000000000014,-0.01100000000000001,-0.006500000000000006
2025,10,v2_neutral_site,Neutral site,2025_10_CLE_NYJ,New York Jets,Cleveland Browns,1,0.0,0.0,0.0,0.0,0.3701835616063711,0.08316800875561015,0.45335157036198126,0.0039999999999998925,-0.0025000000000000022,0.0025000000000000577
2025,10,v2_neutral_site,Neutral site,2025_10_DET_WAS,Washington Commanders,Detroit Lions,1,0.0,0.0,0.0,0.0,-0.11732070952727724,0.279573731605808,0.16225302207853076,-0.024499999999999966,-0.02899999999999997,0.018500000000000016
2025,10,v2_neutral_site,Neutral site,2025_10_JAX_HOU,Houston Texans,Jacksonville Jaguars,1,0.0,0.0,0.0,0.0,-0.11128128108359192,0.13390046957420054,0.022619188490601516,-0.013000000000000012,-0.019000000000000017,0.0005000000000000004
2025,10,v2_neutral_site,Neutral site,2025_10_LA_SF,San Francisco 49ers,Los Angeles Rams,1,0.0,0.0,0.0,0.0,0.32672995675883953,0.04662320098407591,0.3733531577429119,0.01200000000000001,0.018000000000000016,-0.009500000000000008
2025,10,v2_neutral_site,Neutral site,2025_10_LV_DEN,Denver Broncos,Las Vegas Raiders,1,0.0,0.0,0.0,0.0,0.3373463182664267,-0.10199555054417431,0.2353507677222666,0.0010000000000000009,0.02300000000000002,-0.008000000000000007
2025,10,v2_neutral_site,Neutral site,2025_10_NE_TB,Tampa Bay Buccaneers,New England Patriots,1,0.0,0.0,0.0,0.0,0.434642243310293,0.32811379058207635,0.7627560338923729,0.006999999999999895,-0.0044999999999999485,0.027000000000000024
2025,10,v2_neutral_site,Neutral site,2025_10_NO_CAR,Carolina Panthers,New Orleans Saints,1,0.0,0.0,0.0,0.0,-0.3213928567867974,-0.05806866446054926,-0.3794615212473431,0.0014999999999999458,-0.006999999999999895,-0.005499999999999949
2025,10,v2_neutral_site,Neutral site,2025_10_NYG_CHI,Chicago Bears,New York Giants,1,0.0,0.0,0.0,0.0,-0.1877068009937055,-0.48320485232148513,-0.6709116533151942,0.016000000000000014,0.014500000000000068,-0.02300000000000002
2025,10,v2_neutral_site,Neutral site,2025_10_PHI_GB,Green Bay Packers,Philadelphia Eagles,1,0.0,0.0,0.0,0.0,0.174606753601239,-0.30721660580988797,-0.1326098522086525,0.021499999999999964,0.01050000000000001,-0.005499999999999949
2025,10,v2_neutral_site,Neutral site,2025_10_PIT_LAC,Los Angeles Chargers,Pittsburgh Steelers,1,0.0,0.0,0.0,0.0,-0.16065655696477776,-0.3271685515617122,-0.4878251085264722,0.0034999999999999476,0.015000000000000013,-0.006500000000000006
2025,10,v2_precip_plus25,Precip +25%,2025_10_ARI_SEA,Seattle Seahawks,Arizona Cardinals,1,0.0,0.0,0.0,0.0,-0.36391745628221983,0.3131005500691657,-0.05081690621305057,-0.024499999999999966,-0.04200000000000004,0.0030000000000000027
2025,10,v2_precip_plus25,Precip +25%,2025_10_ATL_IND,Indianapolis Colts,Atlanta Falcons,1,0.0,0.0,0.0,0.0,0.26313367550229216,-0.03152589221898339,0.23160778328330167,0.00649999999999995,0.02949999999999997,0.014999999999999958
2025,10,v2_precip_plus25,Precip +25%,2025_10_BAL_MIN,Minnesota Vikings,Baltimore Ravens,1,0.0,0.0,0.0,0.0,0.17435042914203436,-0.19041065031946403,-0.01606022117743322,0.035499999999999976,0.013000000000000012,-0.009500000000000008
2025,10,v2_precip_plus25,Precip +25%,2025_10_BUF_MIA,Miami Dolphins,Buffalo Bills,1,0.0,0.0,0.0,0.0,-0.1244915394691617,0.06619499361860903,-0.058296545850545556,0.009000000000000008,-0.017500000000000016,-0.01150000000000001
2025,10,v2_precip_plus25,Precip +25%,2025_10_CLE_NYJ,New York Jets,Cleveland Browns,1,0.0,0.0,0.0,0.0,0.2504146740602309,-0.26641687830935723,-0.016002204249133456,0.020499999999999963,0.017000000000000015,-0.007499999999999951
2025,10,v2_precip_plus25,Precip +25%,2025_10_DET_WAS,Washington Commanders,Detroit Lions,1,0.0,0.0,0.0,0.0,-0.2404098166014066,0.16909453803406294,-0.0713152785673472,0.0010000000000000009,-0.024999999999999967,0.014000000000000012
2025,10,v2_precip_plus25,Precip +25%,2025_10_JAX_HOU,Houston Texans,Jacksonville Jaguars,1,0.0,0.0,0.0,0.0,-0.005660924714746329,0.5623108079045238,0.5566498831897704,-0.038000000000000034,-0.03500000000000003,0.020499999999999963
2025,10,v2_precip_plus25,Precip +25%,2025_10_LA_SF,San Francisco 49ers,Los Angeles Rams,1,0.0,0.0,0.0,0.0,0.2107696420505789,0.04821514762968704,0.2589847896802624,0.0030000000000000027,0.0040000000000000036,-0.01100000000000001
2025,10,v2_precip_plus25,Precip +25%,2025_10_LV_DEN,Denver Broncos,Las Vegas Raiders,1,0.0,0.0,0.0,0.0,0.3045895618755452,-0.11671156566312035,0.1878779962124426,0.010500000000000065,0.016000000000000014,-0.009000000000000008
2025,10,v2_precip_plus25,Precip +25%,2025_10_NE_TB,Tampa Bay Buccaneers,New England Patriots,1,0.0,0.0,0.0,0.0,0.006413840656279035,0.11521468411074309,0.12162852476701147,-0.014500000000000068,-0.01100000000000001,0.01150000000000001
2025,10,v2_precip_plus25,Precip +25%,2025_10_NO_CAR,Carolina Panthers,New Orleans Saints,1,0.0,0.0,0.0,0.0,-0.6122629647613671,0.001110506761555996,-0.6111524579998076,-0.021499999999999964,-0.029999999999999916,-0.008999999999999952
2025,10,v2_precip_plus25,Precip +25%,2025_10_NYG_CHI,Chicago Bears,New York Giants,1,0.0,0.0,0.0,0.0,-0.27006056553431534,-0.25794856207891925,-0.5280091276132453,-0.0050000000000000044,-0.007000000000000006,-0.02300000000000002
2025,10,v2_precip_plus25,Precip +25%,2025_10_PHI_GB,Green Bay Packers,Philadelphia Eagles,1,0.0,0.0,0.0,0.0,0.02234276772383126,-0.32121637205342424,-0.298873604329593,0.008000000000000007,0.01200000000000001,0.0010000000000000009
2025,10,v2_precip_plus25,Precip +25%,2025_10_PIT_LAC,Los Angeles Chargers,Pittsburgh Steelers,1,0.0,0.0,0.0,0.0,-0.08049256628476442,-0.023082674401088354,-0.10357524068584212,-0.0030000000000000027,-0.0020000000000000018,-0.003500000000000003
2025,10,v2_precip_plus50,Precip +50%,2025_10_ARI_SEA,Seattle Seahawks,Arizona Cardinals,1,0.0,0.0,0.0,0.0,0.008170892354275594,0.35102249026201804,0.3591933826162901,-0.014999999999999902,-0.02949999999999997,0.013500000000000012
2025,10,v2_precip_plus50,Precip +50%,2025_10_ATL_IND,Indianapolis Colts,Atlanta Falcons,1,0.0,0.0,0.0,0.0,0.5348097724180931,0.2126506079126429,0.7474603803307289,0.019499999999999962,0.041000000000000036,0.023999999999999966
2025,10,v2_precip_plus50,Precip +50%,2025_10_BAL_MIN,Minnesota Vikings,Baltimore Ravens,1,0.0,0.0,0.0,0.0,-0.11437177689734668,-0.2597198525131148,-0.37409162941047214,0.016500000000000015,0.018500000000000016,-0.018500000000000016
2025,10,v2_precip_plus50,Precip +50%,2025_10_BUF_MIA,Miami Dolphins,Buffalo Bills,1,0.0,0.0,0.0,0.0,0.34359711289314987,-0.004208509384071135,0.33938860350907163,0.014500000000000013,0.0025000000000000022,-0.004500000000000004
2025,10,v2_precip_plus50,Precip +50%,2025_10_CLE_NYJ,New York Jets,Cleveland Browns,1,0.0,0.0,0.0,0.0,0.45368074227259214,0.12345931737409543,0.5771400596466947,0.018999999999999906,0.018000000000000016,0.010000000000000009
2025,10,v2_precip_plus50,Precip +50%,2025_10_DET_WAS,Washington Commanders,Detroit Lions,1,0.0,0.0,0.0,0.0,0.09806010421277023,0.18046049699822575,0.27852060121099953,0.009000000000000008,-0.004500000000000004,0.02200000000000002
2025,10,v2_precip_plus50,Precip +50%,2025_10_JAX_HOU,Houston Texans,Jacksonville Jaguars,1,0.0,0.0,0.0,0.0,0.05398110751814755,-0.00120380731973313,0.05277730019840732,-0.0020000000000000018,0.0040000000000000036,-0.0020000000000000018
2025,10,v2_precip_plus50,Precip +50%,2025_10_LA_SF,San Francisco 49ers,Los Angeles Rams,1,0.0,0.0,0.0,0.0,0.10638198892959849,0.34742590115254046,0.45380789008213185,-0.023499999999999965,-0.009500000000000008,-0.01649999999999996
2025,10,v2_precip_plus50,Precip +50%,2025_10_LV_DEN,Denver Broncos,Las Vegas Raiders,1,0.0,0.0,0.0,0.0,0.01722618954335431,0.20292506028090251,0.22015124982426926,-0.00649999999999995,-0.010999999999999899,-0.01100000000000001
2025,10,v2_precip_plus50,Precip +50%,2025_10_NE_TB,Tampa Bay Buccaneers,New England Patriots,1,0.0,0.0,0.0,0.0,0.41303150708501235,0.14242818866347307,0.555459695748489,-0.0040000000000000036,-0.0034999999999999476,0.030000000000000027
2025,10,v2_precip_plus50,Precip +50%,2025_10_NO_CAR,Carolina Panthers,New Orleans Saints,1,0.0,0.0,0.0,0.0,-0.20323078284629048,-0.08580297529866243,-0.2890337581449529,0.0020000000000000018,-0.0004999999999999449,-0.003999999999999948
2025,10,v2_precip_plus50,Precip +50%,2025_10_NYG_CHI,Chicago Bears,New York Giants,1,0.0,0.0,0.0,0.0,0.15783411251742763,-0.36497682434050205,-0.20714271182307442,0.025499999999999967,0.022499999999999964,-0.015500000000000014
2025,10,v2_precip_plus50,Precip +50%,2025_10_PHI_GB,Green Bay Packers,Philadelphia Eagles,1,0.0,0.0,0.0,0.0,0.4239111872198258,-0.20117523535616044,0.2227359518636689,0.026000000000000023,0.03699999999999998,0.017000000000000015
2025,10,v2_precip_plus50,Precip +50%,2025_10_PIT_LAC,Los Angeles Chargers,Pittsburgh Steelers,1,0.0,0.0,0.0,0.0,0.17061787674982298,-0.2664352197805897,-0.09581734303075251,0.01849999999999996,0.023500000000000076,0.017500000000000016
2025,10,v2_pressure_plus005,Home/away pressure +0.05,2025_10_ARI_SEA,Seattle Seahawks,Arizona Cardinals,1,0.0,-0.8000000000000043,0.0,0.0,-0.7076089023426917,0.1411450101678291,-0.5664638921748661,-0.03299999999999992,-0.05049999999999999,-0.012500000000000011
2025,10,v2_pressure_plus005,Home/away pressure +0.05,2025_10_ATL_IND,Indianapolis Colts,Atlanta Falcons,1,0.0,-0.7999999999999972,0.0,0.0,-0.21811602265799834,-0.5930501628922258,-0.8111661855502277,0.008999999999999897,0.01849999999999996,-0.02150000000000002
2025,10,v2_pressure_plus005,Home/away pressure +0.05,2025_10_BAL_MIN,Minnesota Vikings,Baltimore Ravens,1,0.0,-0.7999999999999972,0.0,0.0,-0.4646554207618827,-0.5527228608841739,-1.0173782816460744,0.010000000000000009,0.0040000000000000036,-0.03650000000000003
2025,10,v2_pressure_plus005,Home/away pressure +0.05,2025_10_BUF_MIA,Miami Dolphins,Buffalo Bills,1,0.0,-0.7999999999999972,0.0,0.0,-0.14944075573959026,-0.2732033513745442,-0.422644107114138,0.013500000000000012,0.0020000000000000018,-0.013500000000000012
2025,10,v2_pressure_plus005,Home/away pressure +0.05,2025_10_CLE_NYJ,New York Jets,Cleveland Browns,1,0.0,-0.8000000000000043,0.0,0.0,-0.08947881321921258,-0.7436107997531067,-0.8330896129723158,0.03299999999999992,0.03300000000000003,-0.033999999999999975
2025,10,v2_pressure_plus005,Home/away pressure +0.05,2025_10_DET_WAS,Washington Commanders,Detroit Lions,1,0.0,-0.8000000000000043,0.0,0.0,-0.4713492895284226,-0.25661790173649734,-0.7279671912649235,-0.012999999999999956,-0.023499999999999965,-0.0050000000000000044
2025,10,v2_pressure_plus005,Home/away pressure +0.05,2025_10_JAX_HOU,Houston Texans,Jacksonville Jaguars,1,0.0,-0.7999999999999972,0.0,0.0,-0.7036209738738535,-0.6232217125283306,-1.3268426864021947,-0.0050000000000000044,-0.01100000000000001,-0.045999999999999985
2025,10,v2_pressure_plus005,Home/away pressure +0.05,2025_10_LA_SF,San Francisco 49ers,Los Angeles Rams,1,0.0,-0.7999999999999972,0.0,0.0,-0.3043222894521733,-0.7076510328314605,-1.0119733222836444,-0.0005000000000000004,0.0025000000000000022,-0.05099999999999999
2025,10,v2_pressure_plus005,Home/away pressure +0.05,2025_10_LV_DEN,Denver Broncos,Las Vegas Raiders,1,0.0,-0.7999999999999972,0.0,0.0,-0.2202962144993137,-0.4980826163076344,-0.718378830806941,-0.0014999999999999458,0.013500000000000068,-0.03049999999999997
2025,10,v2_pressure_plus005,Home/away pressure +0.05,2025_10_NE_TB,Tampa Bay Buccaneers,New England Patriots,1,0.0,-0.8000000000000043,0.0,0.0,0.11859714756620221,-0.015132398431646266,0.10346474913455239,-0.0015000000000000568,-0.0034999999999999476,0.02200000000000002
2025,10,v2_pressure_plus005,Home/away pressure +0.05,2025_10_NO_CAR,Carolina Panthers,New Orleans Saints,1,0.0,-0.8000000000000043,0.0,0.0,-0.827261981596255,-0.49236141241249953,-1.3196233940087652,-0.014000000000000012,-0.017999999999999905,-0.03149999999999997
2025,10,v2_pressure_plus005,Home/away pressure +0.05,2025_10_NYG_CHI,Chicago Bears,New York Giants,1,0.0,-0.7999999999999972,0.0,0.0,-0.6092506805400468,-0.6394947778957274,-1.2487454584357778,-0.0040000000000000036,-0.0030000000000000027,-0.03500000000000003
2025,10,v2_pressure_plus005,Home/away pressure +0.05,2025_10_PHI_GB,Green Bay Packers,Philadelphia Eagles,1,0.0,-0.8000000000000043,0.0,0.0,-0.26197098409488007,-0.8356069513853157,-1.0975779354801958,0.009000000000000008,0.02999999999999997,-0.035999999999999976
2025,10,v2_pressure_plus005,Home/away pressure +0.05,2025_10_PIT_LAC,Los Angeles Chargers,Pittsburgh Steelers,1,0.0,-0.7999999999999972,0.0,0.0,-0.18040559548008872,-0.3331852940057374,-0.5135908894858261,0.0044999999999999485,0.010000000000000009,0.0040000000000000036
2025,10,v2_rest_minus7,Home rest -7 days (diff),2025_10_ARI_SEA,Seattle Seahawks,Arizona Cardinals,1,-0.14999999999999947,0.0,0.0,0.0,-0.5973181394390004,0.18900788973905946,-0.40831024969994445,-0.02499999999999991,-0.045499999999999985,-0.01100000000000001
2025,10,v2_rest_minus7,Home rest -7 days (diff),2025_10_ATL_IND,Indianapolis Colts,Atlanta Falcons,1,-0.15000000000000036,0.0,0.0,0.0,0.1313793885129293,-0.06094142224680965,0.07043796626611254,-0.000500000000000056,0.010000000000000009,-0.0020000000000000018
2025,10,v2_rest_minus7,Home rest -7 days (diff),2025_10_BAL_MIN,Minnesota Vikings,Baltimore Ravens,1,-0.15000000000000036,0.0,0.0,0.0,0.0913535062567199,0.12675384714391313,0.21810735340062593,0.0050000000000000044,0.0015000000000000013,0.01799999999999996
2025,10,v2_rest_minus7,Home rest -7 days (diff),2025_10_BUF_MIA,Miami Dolphins,Buffalo Bills,1,-0.15000000000000036,0.0,0.0,0.0,0.04504705467160974,0.2195326944198257,0.2645797490914319,0.0050000000000000044,-0.019500000000000017,-0.0040000000000000036
2025,10,v2_rest_minus7,Home rest -7 days (diff),2025_10_CLE_NYJ,New York Jets,Cleveland Browns,1,-0.1499999999999999,0.0,0.0,0.0,0.44742969776038777,0.16843410317414964,0.615863800934541,0.010499999999999954,0.007499999999999951,0.015000000000000013
2025,10,v2_rest_minus7,Home rest -7 days (diff),2025_10_DET_WAS,Washington Commanders,Detroit Lions,1,-0.14999999999999947,0.0,0.0,0.0,0.0925850815852769,0.09613858105669237,0.18872366264196927,0.0015000000000000013,-0.008000000000000007,0.01050000000000001
2025,10,v2_rest_minus7,Home rest -7 days (diff),2025_10_JAX_HOU,Houston Texans,Jacksonville Jaguars,1,-0.14999999999999947,0.0,0.0,0.0,-0.048542968283502574,0.3006104658566251,0.2520674975731154,-0.019499999999999962,-0.03200000000000003,0.013500000000000012
2025,10,v2_rest_minus7,Home rest -7 days (diff),2025_10_LA_SF,San Francisco 49ers,Los Angeles Rams,1,-0.15000000000000036,0.0,0.0,0.0,0.12877833117163107,0.09584689403857283,0.22462522521018968,-0.0020000000000000018,-0.010000000000000009,-0.01699999999999996
2025,10,v2_rest_minus7,Home rest -7 days (diff),2025_10_LV_DEN,Denver Broncos,Las Vegas Raiders,1,-0.15000000000000036,0.0,0.0,0.0,0.13048422429075401,0.12353915337873111,0.25402337766949756,-0.009499999999999953,0.008500000000000063,-0.01150000000000001
2025,10,v2_rest_minus7,Home rest -7 days (diff),2025_10_NE_TB,Tampa Bay Buccaneers,New England Patriots,1,-0.15000000000000036,0.0,0.0,0.0,-0.3288578477377655,0.1791875982533533,-0.14967024948442287,-0.015000000000000013,-0.017000000000000015,0.003500000000000003
2025,10,v2_rest_minus7,Home rest -7 days (diff),2025_10_NO_CAR,Carolina Panthers,New Orleans Saints,1,-0.14999999999999947,0.0,0.0,0.0,-0.364592540652783,0.3369002702469821,-0.027692270405808017,-0.02400000000000002,-0.03249999999999997,0.0025000000000000577
2025,10,v2_rest_minus7,Home rest -7 days (diff),2025_10_NYG_CHI,Chicago Bears,New York Giants,1,-0.14999999999999947,0.0,0.0,0.0,-0.25802818778821646,0.13707420013788152,-0.12095398765033849,-0.02750000000000008,-0.03300000000000003,-0.0035000000000000586
2025,10,v2_rest_minus7,Home rest -7 days (diff),2025_10_PHI_GB,Green Bay Packers,Philadelphia Eagles,1,-0.1499999999999999,0.0,0.0,0.0,-0.10057274752192669,-0.41587813966878784,-0.5164508871907145,0.0044999999999999485,-0.0025000000000000022,-0.022999999999999965
2025,10,v2_rest_minus7,Home rest -7 days (diff),2025_10_PIT_LAC,Los Angeles Chargers,Pittsburgh Steelers,1,-0.15000000000000036,0.0,0.0,0.0,-0.097037830403643,-0.11307144105198219,-0.21010927145562874,-0.0050000000000000044,0.011500000000000066,0.01150000000000001
2025,10,v2_rest_plus7,Home rest +7 days (diff),2025_10_ARI_SEA,Seattle Seahawks,Arizona Cardinals,1,0.15000000000000036,0.0,0.0,0.0,-0.03621901680192252,0.25863187654777775,0.22241285974585168,-0.018999999999999906,-0.020000000000000018,0.010000000000000009
2025,10,v2_rest_plus7,Home rest +7 days (diff),2025_10_ATL_IND,Indianapolis Colts,Atlanta Falcons,1,0.15000000000000036,0.0,0.0,0.0,0.1349996359517185,-0.16303569586873223,-0.02803605991702085,0.006000000000000005,0.027000000000000024,-0.0015000000000000013
2025,10,v2_rest_plus7,Home rest +7 days (diff),2025_10_BAL_MIN,Minnesota Vikings,Baltimore Ravens,1,0.14999999999999947,0.0,0.0,0.0,0.3275346713021108,-0.08645767960183548,0.2410769917002611,0.02300000000000002,0.030000000000000027,0.007999999999999952
2025,10,v2_rest_plus7,Home rest +7 days (diff),2025_10_BUF_MIA,Miami Dolphins,Buffalo Bills,1,0.14999999999999858,0.0,0.0,0.0,0.08966668656752219,-0.1515708817574506,-0.06190419518992485,0.02100000000000002,0.0005000000000000004,0.004500000000000004
2025,10,v2_rest_plus7,Home rest +7 days (diff),2025_10_CLE_NYJ,New York Jets,Cleveland Browns,1,0.1499999999999999,0.0,0.0,0.0,0.38047056166955784,-0.18467239407152292,0.19579816759804203,0.013499999999999956,0.008000000000000007,-0.005499999999999949
2025,10,v2_rest_plus7,Home rest +7 days (diff),2025_10_DET_WAS,Washington Commanders,Detroit Lions,1,0.15000000000000036,0.0,0.0,0.0,0.16685524087228742,-0.03508487927881632,0.13177036159347466,0.02250000000000002,0.0050000000000000044,0.029000000000000026
2025,10,v2_rest_plus7,Home rest +7 days (diff),2025_10_JAX_HOU,Houston Texans,Jacksonville Jaguars,1,0.15000000000000036,0.0,0.0,0.0,0.005814024235622384,0.1475739305562378,0.15338795479185308,-0.024499999999999966,-0.021499999999999964,-0.0025000000000000022
2025,10,v2_rest_plus7,Home rest +7 days (diff),2025_10_LA_SF,San Francisco 49ers,Los Angeles Rams,1,0.15000000000000036,0.0,0.0,0.0,-0.07417988492507277,-0.4337840658780401,-0.5079639508031164,0.013000000000000012,0.014000000000000012,-0.035499999999999976
2025,10,v2_rest_plus7,Home rest +7 days (diff),2025_10_LV_DEN,Denver Broncos,Las Vegas Raiders,1,0.15000000000000036,0.0,0.0,0.0,0.038873102711288965,-0.44208966584061216,-0.40321656312931253,0.007000000000000006,0.018500000000000072,-0.034999999999999976
2025,10,v2_rest_plus7,Home rest +7 days (diff),2025_10_NE_TB,Tampa Bay Buccaneers,New England Patriots,1,0.14999999999999947,0.0,0.0,0.0,0.38187382536412784,0.37409636606779983,0.7559701914319277,-0.0045000000000000595,-0.0020000000000000018,0.03650000000000003
2025,10,v2_rest_plus7,Home rest +7 days (diff),2025_10_NO_CAR,Carolina Panthers,New Orleans Saints,1,0.15000000000000036,0.0,0.0,0.0,-0.13894048026695316,0.13999467090094697,0.0010541906339938123,-0.016000000000000014,-0.02199999999999991,0.010000000000000009
2025,10,v2_rest_plus7,Home rest +7 days (diff),2025_10_NYG_CHI,Chicago Bears,New York Giants,1,0.15000000000000036,0.0,0.0,0.0,-0.13014349463414376,-0.3291244857861315,-0.45926798042028594,0.016000000000000014,0.006500000000000061,-0.010500000000000065
2025,10,v2_rest_plus7,Home rest +7 days (diff),2025_10_PHI_GB,Green Bay Packers,Philadelphia Eagles,1,0.1499999999999999,0.0,0.0,0.0,0.3601557694160533,0.001970345672138052,0.3621261150881878,0.005499999999999949,0.006000000000000005,0.007500000000000007
2025,10,v2_rest_plus7,Home rest +7 days (diff),2025_10_PIT_LAC,Los Angeles Chargers,Pittsburgh Steelers,1,0.15000000000000036,0.0,0.0,0.0,0.103591044867823,-0.020583476112257415,0.08300756875558335,-0.007500000000000062,0.008500000000000063,0.016500000000000015
2025,10,v2_sigma_high,High volatility,2025_10_ARI_SEA,Seattle Seahawks,Arizona Cardinals,1,0.0,0.0,0.0,0.0,-0.0014090694821824457,0.11708642075907605,0.11567735127690781,-0.12149999999999994,-0.05249999999999999,0.0020000000000000018
2025,10,v2_sigma_high,High volatility,2025_10_ATL_IND,Indianapolis Colts,Atlanta Falcons,1,0.0,0.0,0.0,0.0,0.47247769686357444,0.08210386213739085,0.5545815590009582,-0.11450000000000005,0.018000000000000016,0.022999999999999965
2025,10,v2_sigma_high,High volatility,2025_10_BAL_MIN,Minnesota Vikings,Baltimore Ravens,1,0.0,0.0,0.0,0.0,0.11826910766019338,0.2972666556177934,0.4155357632779726,0.10949999999999999,0.04300000000000004,0.02699999999999997
2025,10,v2_sigma_high,High volatility,2025_10_BUF_MIA,Miami Dolphins,Buffalo Bills,1,0.0,0.0,0.0,0.0,0.2694550235938564,0.3376111876253738,0.6070662112192267,0.14700000000000002,0.018500000000000016,0.010000000000000009
2025,10,v2_sigma_high,High volatility,2025_10_CLE_NYJ,New York Jets,Cleveland Browns,1,0.0,0.0,0.0,0.0,0.24896925350072863,-0.0004984353975245881,0.2484708181032076,-0.020000000000000018,0.00649999999999995,0.0025000000000000577
2025,10,v2_sigma_high,High volatility,2025_10_DET_WAS,Washington Commanders,Detroit Lions,1,0.0,0.0,0.0,0.0,0.07365148509339292,0.2775747825298467,0.3512262676232325,0.08750000000000002,0.029500000000000026,0.03350000000000003
2025,10,v2_sigma_high,High volatility,2025_10_JAX_HOU,Houston Texans,Jacksonville Jaguars,1,0.0,0.0,0.0,0.0,0.43893237542826924,0.2766074816588926,0.7155398570871512,-0.07650000000000001,-0.020000000000000018,0.02100000000000002
2025,10,v2_sigma_high,High volatility,2025_10_LA_SF,San Francisco 49ers,Los Angeles Rams,1,0.0,0.0,0.0,0.0,0.1672441272527756,-0.010631389364526456,0.1566127378882456,0.08450000000000002,0.038000000000000034,-0.01749999999999996
2025,10,v2_sigma_high,High volatility,2025_10_LV_DEN,Denver Broncos,Las Vegas Raiders,1,0.0,0.0,0.0,0.0,-0.29546345970275567,0.20293503053535922,-0.09252842916738757,-0.135,-0.04149999999999998,-0.016500000000000015
2025,10,v2_sigma_high,High volatility,2025_10_NE_TB,Tampa Bay Buccaneers,New England Patriots,1,0.0,0.0,0.0,0.0,0.4405207151891517,0.4054616017298045,0.8459823169189562,-0.0525000000000001,-0.014000000000000012,0.03400000000000003
2025,10,v2_sigma_high,High volatility,2025_10_NO_CAR,Carolina Panthers,New Orleans Saints,1,0.0,0.0,0.0,0.0,-0.21078637474793638,-0.28568227764239396,-0.4964686523903339,-0.08150000000000002,-0.022499999999999964,-0.005499999999999949
2025,10,v2_sigma_high,High volatility,2025_10_NYG_CHI,Chicago Bears,New York Giants,1,0.0,0.0,0.0,0.0,-0.18512457178501052,-0.1893081579818805,-0.3744327297669017,-0.06400000000000006,-0.023499999999999965,-0.02200000000000002
2025,10,v2_sigma_high,High volatility,2025_10_PHI_GB,Green Bay Packers,Philadelphia Eagles,1,0.0,0.0,0.0,0.0,-0.11776294644756646,0.28354030752201353,0.16577736107444707,-0.03749999999999998,0.016500000000000015,0.013000000000000012
2025,10,v2_sigma_high,High volatility,2025_10_PIT_LAC,Los Angeles Chargers,Pittsburgh Steelers,1,0.0,0.0,0.0,0.0,0.10860132222271801,-0.22678463949531746,-0.1181833172725959,-0.07900000000000007,-0.0010000000000000009,0.013500000000000012
2025,10,v2_sigma_low,Low volatility,2025_10_ARI_SEA,Seattle Seahawks,Arizona Cardinals,1,0.0,0.0,0.0,0.0,-0.10580461381554684,0.19533907701118736,0.08953446319564051,-0.013499999999999956,-0.023500000000000076,-0.02300000000000002
2025,10,v2_sigma_low,Low volatility,2025_10_ATL_IND,Indianapolis Colts,Atlanta Falcons,1,0.0,0.0,0.0,0.0,0.08493390301030956,-0.2763610440755393,-0.19142714106522618,0.014999999999999902,0.034499999999999975,-0.027000000000000024
2025,10,v2_sigma_low,Low volatility,2025_10_BAL_MIN,Minnesota Vikings,Baltimore Ravens,1,0.0,0.0,0.0,0.0,-0.02533308135187795,-0.18944491585459033,-0.2147779972064754,0.015500000000000014,0.029000000000000026,-0.026500000000000024
2025,10,v2_sigma_low,Low volatility,2025_10_BUF_MIA,Miami Dolphins,Buffalo Bills,1,0.0,0.0,0.0,0.0,0.04790300786525847,-0.0976648485868985,-0.04976184072162937,0.0025000000000000022,0.008500000000000008,-0.062
2025,10,v2_sigma_low,Low volatility,2025_10_CLE_NYJ,New York Jets,Cleveland Browns,1,0.0,0.0,0.0,0.0,0.27632254611706486,-0.2939938744062083,-0.01767132828914697,0.034499999999999975,0.025000000000000022,0.0
2025,10,v2_sigma_low,Low volatility,2025_10_DET_WAS,Washington Commanders,Detroit Lions,1,0.0,0.0,0.0,0.0,0.12576316119072217,0.17617591763242402,0.3019390788231391,-0.0030000000000000027,-0.019499999999999962,-0.025999999999999968
2025,10,v2_sigma_low,Low volatility,2025_10_JAX_HOU,Houston Texans,Jacksonville Jaguars,1,0.0,0.0,0.0,0.0,0.06846266006889934,0.3508238860624111,0.41928654613131044,-0.014000000000000012,-0.020499999999999963,0.0025000000000000022
2025,10,v2_sigma_low,Low volatility,2025_10_LA_SF,San Francisco 49ers,Los Angeles Rams,1,0.0,0.0,0.0,0.0,0.24403408903445367,-0.1880281045247152,0.05600598450973848,0.006000000000000005,0.015000000000000013,-0.061
2025,10,v2_sigma_low,Low volatility,2025_10_LV_DEN,Denver Broncos,Las Vegas Raiders,1,0.0,0.0,0.0,0.0,0.043052180572232146,0.012961881016904542,0.05601406158914557,-0.012499999999999956,0.008000000000000007,-0.02949999999999997
2025,10,v2_sigma_low,Low volatility,2025_10_NE_TB,Tampa Bay Buccaneers,New England Patriots,1,0.0,0.0,0.0,0.0,0.39277554500993617,-0.08135504126549975,0.3114205037444364,0.013999999999999901,0.023500000000000076,-0.020999999999999963
2025,10,v2_sigma_low,Low volatility,2025_10_NO_CAR,Carolina Panthers,New Orleans Saints,1,0.0,0.0,0.0,0.0,-0.07266219404595375,0.16923822298204882,0.09657602893609862,0.011499999999999955,-0.0020000000000000018,0.009000000000000008
2025,10,v2_sigma_low,Low volatility,2025_10_NYG_CHI,Chicago Bears,New York Giants,1,0.0,0.0,0.0,0.0,-0.27997523992228324,-0.23488404900320248,-0.5148592889254928,-0.009000000000000008,-0.007000000000000006,-0.02100000000000002
2025,10,v2_sigma_low,Low volatility,2025_10_PHI_GB,Green Bay Packers,Philadelphia Eagles,1,0.0,0.0,0.0,0.0,0.14735084479420735,-0.2401655148438131,-0.09281467004959865,0.015499999999999958,0.010000000000000009,-0.025999999999999968
2025,10,v2_sigma_low,Low volatility,2025_10_PIT_LAC,Los Angeles Chargers,Pittsburgh Steelers,1,0.0,0.0,0.0,0.0,-0.04724553725683833,-0.0225757091882528,-0.06982124644508758,-0.007000000000000006,-0.0050000000000000044,-0.008500000000000008
2025,10,v2_spread_home_minus3,Spread home -3.0,2025_10_ARI_SEA,Seattle Seahawks,Arizona Cardinals,1,3.0,0.0,-3.0,0.0,1.4568028508479216,-0.5865660602253193,0.8702367906225987,0.06300000000000006,-0.06600000000000006,0.035499999999999976
2025,10,v2_spread_home_minus3,Spread home -3.0,2025_10_ATL_IND,Indianapolis Colts,Atlanta Falcons,1,3.000000000000001,0.0,-3.0,0.0,1.5992394315697176,-1.7772788412216975,-0.17803940965198706,0.0814999999999999,0.02749999999999997,0.008499999999999952
2025,10,v2_spread_home_minus3,Spread home -3.0,2025_10_BAL_MIN,Minnesota Vikings,Baltimore Ravens,1,3.0,0.0,-3.0,0.0,1.4235647539423404,-1.6067901950490544,-0.18322544110672112,0.13,0.0005000000000000004,-0.0015000000000000013
2025,10,v2_spread_home_minus3,Spread home -3.0,2025_10_BUF_MIA,Miami Dolphins,Buffalo Bills,1,2.9999999999999982,0.0,-3.0,0.0,1.674053417021664,-1.3142773042149578,0.3597761128067134,0.08200000000000002,-0.017000000000000015,0.02150000000000002
2025,10,v2_spread_home_minus3,Spread home -3.0,2025_10_CLE_NYJ,New York Jets,Cleveland Browns,1,2.9999999999999996,0.0,-3.0,0.0,1.927439972177897,-1.4603451346630827,0.4670948375148143,0.1499999999999999,0.03049999999999997,0.018500000000000072
2025,10,v2_spread_home_minus3,Spread home -3.0,2025_10_DET_WAS,Washington Commanders,Detroit Lions,1,3.0,0.0,-3.0,0.0,1.320755949022356,-1.506868417987505,-0.186112468965149,0.1195,-0.014000000000000012,0.008500000000000008
2025,10,v2_spread_home_minus3,Spread home -3.0,2025_10_JAX_HOU,Houston Texans,Jacksonville Jaguars,1,3.0,0.0,-3.0,0.0,1.385301599737641,-1.3636658550983363,0.021635744639297627,0.09450000000000003,-0.014499999999999957,0.0015000000000000013
2025,10,v2_spread_home_minus3,Spread home -3.0,2025_10_LA_SF,San Francisco 49ers,Los Angeles Rams,1,3.0,0.0,-3.0,0.0,1.5258641311150178,-1.3254351410540046,0.20042899006100612,0.10599999999999998,-0.017000000000000015,-0.01649999999999996
2025,10,v2_spread_home_minus3,Spread home -3.0,2025_10_LV_DEN,Denver Broncos,Las Vegas Raiders,1,3.0,0.0,-3.0,0.0,1.5973216990717845,-1.1807674164414035,0.4165542826303863,0.03700000000000003,-0.0030000000000000027,-0.0015000000000000013
2025,10,v2_spread_home_minus3,Spread home -3.0,2025_10_NE_TB,Tampa Bay Buccaneers,New England Patriots,1,3.000000000000001,0.0,-3.0,0.0,1.8769820456835156,-1.0082366196613641,0.8687454260221443,0.10899999999999999,0.0015000000000000568,0.020000000000000018
2025,10,v2_spread_home_minus3,Spread home -3.0,2025_10_NO_CAR,Carolina Panthers,New Orleans Saints,1,3.000000000000001,0.0,-3.0,0.0,1.1349430414187367,-1.5819992977507695,-0.44705625633203283,0.09499999999999997,-0.016999999999999904,-0.006999999999999951
2025,10,v2_spread_home_minus3,Spread home -3.0,2025_10_NYG_CHI,Chicago Bears,New York Giants,1,3.000000000000001,0.0,-3.0,0.0,1.236295363907601,-1.7208772867731383,-0.48458192286554436,0.10599999999999998,-0.009499999999999953,-0.010500000000000065
2025,10,v2_spread_home_minus3,Spread home -3.0,2025_10_PHI_GB,Green Bay Packers,Philadelphia Eagles,1,2.9999999999999996,0.0,-3.0,0.0,1.4097893162792943,-1.7233877358769583,-0.31359841959766044,0.134,-0.0020000000000000018,-0.009499999999999953
2025,10,v2_spread_home_minus3,Spread home -3.0,2025_10_PIT_LAC,Los Angeles Chargers,Pittsburgh Steelers,1,2.999999999999999,0.0,-3.0,0.0,1.3421078323267892,-1.323353027194507,0.018754805132282115,0.09649999999999992,-0.011499999999999955,0.010000000000000009
2025,10,v2_spread_home_plus3,Spread home +3.0,2025_10_ARI_SEA,Seattle Seahawks,Arizona Cardinals,1,-3.0,0.0,3.0,0.0,-1.8086240534720233,1.9483262559546262,0.13970220248261,-0.13049999999999995,-0.038000000000000034,0.008000000000000007
2025,10,v2_spread_home_plus3,Spread home +3.0,2025_10_ATL_IND,Indianapolis Colts,Atlanta Falcons,1,-3.0,0.0,3.0,0.0,-1.354036337465633,1.4446935923175772,0.09065725485194065,-0.11650000000000005,0.014000000000000012,0.0030000000000000027
2025,10,v2_spread_home_plus3,Spread home +3.0,2025_10_BAL_MIN,Minnesota Vikings,Baltimore Ravens,1,-3.000000000000001,0.0,3.0,0.0,-1.6037217508106032,1.571300976428656,-0.03242077438196134,-0.11450000000000002,-0.00599999999999995,0.00599999999999995
2025,10,v2_spread_home_plus3,Spread home +3.0,2025_10_BUF_MIA,Miami Dolphins,Buffalo Bills,1,-3.0,0.0,3.0,0.0,-1.3836036639653493,1.4836919743128796,0.1000883103475303,-0.043,0.0025000000000000022,0.0010000000000000009
2025,10,v2_spread_home_plus3,Spread home +3.0,2025_10_CLE_NYJ,New York Jets,Cleveland Browns,1,-3.0,0.0,3.0,0.0,-1.2815883957983871,1.2353135570985323,-0.04627483869985127,-0.09750000000000003,0.03049999999999997,-0.01599999999999996
2025,10,v2_spread_home_plus3,Spread home +3.0,2025_10_DET_WAS,Washington Commanders,Detroit Lions,1,-3.0,0.0,3.0,0.0,-1.3693620515214775,1.582113212204547,0.21275116068306232,-0.10149999999999998,-0.01100000000000001,0.006000000000000005
2025,10,v2_spread_home_plus3,Spread home +3.0,2025_10_JAX_HOU,Houston Texans,Jacksonville Jaguars,1,-3.0,0.0,3.0,0.0,-1.286895537879989,1.8443761649065564,0.557480627026564,-0.16249999999999998,-0.023499999999999965,0.018500000000000016
2025,10,v2_spread_home_plus3,Spread home +3.0,2025_10_LA_SF,San Francisco 49ers,Los Angeles Rams,1,-3.0,0.0,3.0,0.0,-0.8989459691526775,1.6723806029231696,0.7734346337704849,-0.089,0.007500000000000007,0.005500000000000005
2025,10,v2_spread_home_plus3,Spread home +3.0,2025_10_LV_DEN,Denver Broncos,Las Vegas Raiders,1,-3.0000000000000018,0.0,3.0,0.0,-1.4163660371125495,1.677201866485305,0.26083582937275906,-0.07250000000000001,-0.008499999999999952,-0.007000000000000006
2025,10,v2_spread_home_plus3,Spread home +3.0,2025_10_NE_TB,Tampa Bay Buccaneers,New England Patriots,1,-3.0,0.0,3.0,0.0,-1.2508705269705018,1.447687729477817,0.1968172025073187,-0.1180000000000001,0.009000000000000008,0.018500000000000016
2025,10,v2_spread_home_plus3,Spread home +3.0,2025_10_NO_CAR,Carolina Panthers,New Orleans Saints,1,-2.9999999999999996,0.0,3.0,0.0,-1.723049796777758,1.4226821879017955,-0.30036760887596614,-0.12450000000000006,-0.005499999999999949,0.006000000000000005
2025,10,v2_spread_home_plus3,Spread home +3.0,2025_10_NYG_CHI,Chicago Bears,New York Giants,1,-3.0,0.0,3.0,0.0,-1.7208650759336948,1.375219398812984,-0.3456456771207215,-0.121,-0.0004999999999999449,-0.014000000000000012
2025,10,v2_spread_home_plus3,Spread home +3.0,2025_10_PHI_GB,Green Bay Packers,Philadelphia Eagles,1,-3.0,0.0,3.0,0.0,-1.4419402126691594,1.3206296289191322,-0.12131058375002368,-0.10900000000000004,0.021499999999999964,0.008000000000000007
2025,10,v2_spread_home_plus3,Spread home +3.0,2025_10_PIT_LAC,Los Angeles Chargers,Pittsburgh Steelers,1,-3.0,0.0,3.0,0.0,-1.5190906949622764,1.4628851066399449,-0.05620558832232092,-0.14550000000000007,-0.0044999999999999485,0.008000000000000007
2025,10,v2_total_minus3,Total -3.0,2025_10_ARI_SEA,Seattle Seahawks,Arizona Cardinals,1,0.0,-2.6230063321925385,0.0,-3.0,-1.3070041545617208,-0.5464138916349164,-1.85341804619663,-0.03149999999999997,-0.03300000000000003,0.03949999999999998
2025,10,v2_total_minus3,Total -3.0,2025_10_ATL_IND,Indianapolis Colts,Atlanta Falcons,1,0.0,-2.6230063321925385,0.0,-3.0,-1.16086932183185,-1.3365298894109685,-2.497399211242822,0.008000000000000007,0.021499999999999964,0.013999999999999957
2025,10,v2_total_minus3,Total -3.0,2025_10_BAL_MIN,Minnesota Vikings,Baltimore Ravens,1,0.0,-2.6230063321925385,0.0,-3.0,-1.1420798718123635,-1.2507677192034237,-2.3928475910157943,0.01100000000000001,0.01200000000000001,0.033999999999999975
2025,10,v2_total_minus3,Total -3.0,2025_10_BUF_MIA,Miami Dolphins,Buffalo Bills,1,0.0,-2.6230063321925385,0.0,-3.0,-1.2550579139341345,-0.8579778848788813,-2.1130357988130086,-0.006499999999999992,-0.026499999999999968,0.028000000000000025
2025,10,v2_total_minus3,Total -3.0,2025_10_CLE_NYJ,New York Jets,Cleveland Browns,1,0.0,-2.6230063321925385,0.0,-3.0,-1.1243374272953837,-1.44978274448302,-2.5741201717784037,0.015999999999999903,0.01749999999999996,0.014000000000000012
2025,10,v2_total_minus3,Total -3.0,2025_10_DET_WAS,Washington Commanders,Detroit Lions,1,0.0,-2.6230063321925456,0.0,-3.0,-1.5196780745266985,-1.1213311936681407,-2.6410092681948356,-0.007000000000000006,-0.021499999999999964,0.018000000000000016
2025,10,v2_total_minus3,Total -3.0,2025_10_JAX_HOU,Houston Texans,Jacksonville Jaguars,1,0.0,-2.6230063321925385,0.0,-3.0,-1.2826195414294297,-1.0770317943794225,-2.3596513358088487,-0.01200000000000001,-0.011499999999999955,0.02200000000000002
2025,10,v2_total_minus3,Total -3.0,2025_10_LA_SF,San Francisco 49ers,Los Angeles Rams,1,0.0,-2.6230063321925385,0.0,-3.0,-1.4374201630300938,-1.4577276848007443,-2.8951478478308488,-0.0050000000000000044,-0.01200000000000001,-0.013000000000000012
2025,10,v2_total_minus3,Total -3.0,2025_10_LV_DEN,Denver Broncos,Las Vegas Raiders,1,0.0,-2.6230063321925385,0.0,-3.0,-1.3942780795230654,-1.6195970733720433,-3.013875152895096,0.0040000000000000036,0.0025000000000000577,-0.01849999999999996
2025,10,v2_total_minus3,Total -3.0,2025_10_NE_TB,Tampa Bay Buccaneers,New England Patriots,1,0.0,-2.6230063321925385,0.0,-3.0,-0.9995895307412148,-1.1923508281398476,-2.1919403588810624,0.0034999999999999476,-0.0020000000000000018,0.03450000000000003
2025,10,v2_total_minus3,Total -3.0,2025_10_NO_CAR,Carolina Panthers,New Orleans Saints,1,0.0,-2.6230063321925385,0.0,-3.0,-1.603416617865605,-1.242467147585966,-2.8458837654515676,-0.020499999999999963,-0.021499999999999964,0.0030000000000000027
2025,10,v2_total_minus3,Total -3.0,2025_10_NYG_CHI,Chicago Bears,New York Giants,1,0.0,-2.6230063321925385,0.0,-3.0,-1.8022146289187972,-1.7097978552070572,-3.5120124841258544,-0.006500000000000061,-0.009000000000000008,-0.017000000000000015
2025,10,v2_total_minus3,Total -3.0,2025_10_PHI_GB,Green Bay Packers,Philadelphia Eagles,1,0.0,-2.6230063321925385,0.0,-3.0,-1.3021434102242857,-1.319715066695121,-2.6218584769194067,0.0050000000000000044,0.0030000000000000027,0.019000000000000017
2025,10,v2_total_minus3,Total -3.0,2025_10_PIT_LAC,Los Angeles Chargers,Pittsburgh Steelers,1,0.0,-2.6230063321925385,0.0,-3.0,-1.2860783416763084,-1.374521315879118,-2.660599657555416,0.0024999999999999467,-0.0004999999999999449,0.020000000000000018
2025,10,v2_total_plus3,Total +3.0,2025_10_ARI_SEA,Seattle Seahawks,Arizona Cardinals,1,0.0,2.6230063321925385,0.0,3.0,0.9578766679822195,2.0251799540082587,2.983056621990478,-0.03649999999999998,-0.05500000000000005,0.006500000000000006
2025,10,v2_total_plus3,Total +3.0,2025_10_ATL_IND,Indianapolis Colts,Atlanta Falcons,1,0.0,2.6230063321925456,0.0,3.0,1.4550368475407573,1.3476090574769728,2.8026459050177337,0.0040000000000000036,0.015000000000000013,-0.0050000000000000044
2025,10,v2_total_plus3,Total +3.0,2025_10_BAL_MIN,Minnesota Vikings,Baltimore Ravens,1,0.0,2.6230063321925385,0.0,3.0,1.6116804601647985,1.5001258308372272,3.1118062910020114,0.01200000000000001,0.003500000000000003,0.007499999999999951
2025,10,v2_total_plus3,Total +3.0,2025_10_BUF_MIA,Miami Dolphins,Buffalo Bills,1,0.0,2.6230063321925456,0.0,3.0,1.574961093921484,1.2461691741761172,2.8211302680976047,0.014000000000000012,0.007500000000000007,-0.013000000000000012
2025,10,v2_total_plus3,Total +3.0,2025_10_CLE_NYJ,New York Jets,Cleveland Browns,1,0.0,2.6230063321925385,0.0,3.0,1.5568338286543728,1.4220833579529213,2.9789171866072905,-0.0010000000000000009,-0.0030000000000000027,-0.006999999999999951
2025,10,v2_total_plus3,Total +3.0,2025_10_DET_WAS,Washington Commanders,Detroit Lions,1,0.0,2.6230063321925385,0.0,3.0,1.434161900166366,1.5479893640139686,2.982151264180324,-0.012499999999999956,-0.026499999999999968,0.015500000000000014
2025,10,v2_total_plus3,Total +3.0,2025_10_JAX_HOU,Houston Texans,Jacksonville Jaguars,1,0.0,2.6230063321925385,0.0,3.0,1.4123162109088234,1.703021798076957,3.1153380089857805,-0.008000000000000007,-0.024499999999999966,0.006000000000000005
2025,10,v2_total_plus3,Total +3.0,2025_10_LA_SF,San Francisco 49ers,Los Angeles Rams,1,0.0,2.6230063321925456,0.0,3.0,1.4097506276629161,1.3269094830409252,2.7366601107038377,-0.0025000000000000022,-0.006500000000000006,-0.02949999999999997
2025,10,v2_total_plus3,Total +3.0,2025_10_LV_DEN,Denver Broncos,Las Vegas Raiders,1,0.0,2.6230063321925385,0.0,3.0,1.038082253486909,1.1659920793968457,2.2040743328837564,-0.0004999999999999449,-0.01649999999999996,-0.022499999999999964
2025,10,v2_total_plus3,Total +3.0,2025_10_NE_TB,Tampa Bay Buccaneers,New England Patriots,1,0.0,2.6230063321925456,0.0,3.0,1.9378869804934737,1.7603794682293028,3.6982664487227694,0.0004999999999999449,0.0015000000000000568,0.020000000000000018
2025,10,v2_total_plus3,Total +3.0,2025_10_NO_CAR,Carolina Panthers,New Orleans Saints,1,0.0,2.6230063321925385,0.0,3.0,1.219622233919786,1.381609547904592,2.6012317818243815,-0.006500000000000061,-0.02199999999999991,-0.0044999999999999485
2025,10,v2_total_plus3,Total +3.0,2025_10_NYG_CHI,Chicago Bears,New York Giants,1,0.0,2.6230063321925385,0.0,3.0,1.5489771180219982,1.1976936352088217,2.7466707532308092,0.018000000000000016,0.01100000000000001,-0.015000000000000013
2025,10,v2_total_plus3,Total +3.0,2025_10_PHI_GB,Green Bay Packers,Philadelphia Eagles,1,0.0,2.6230063321925385,0.0,3.0,1.370206383275832,1.0946207818044655,2.464827165080301,0.010000000000000009,0.0040000000000000036,-0.02949999999999997
2025,10,v2_total_plus3,Total +3.0,2025_10_PIT_LAC,Los Angeles Chargers,Pittsburgh Steelers,1,0.0,2.6230063321925385,0.0,3.0,1.567387747344572,1.3741361351018107,2.94152388244639,0.006000000000000005,-0.0024999999999999467,0.02400000000000002
2025,10,v2_wind_plus10,Wind +10mph (open),2025_10_ARI_SEA,Seattle Seahawks,Arizona Cardinals,1,0.0,-0.5,0.0,0.0,-0.7401619683608729,-0.052691980924041815,-0.7928539492849183,-0.02499999999999991,-0.034499999999999975,-0.02100000000000002
2025,10,v2_wind_plus10,Wind +10mph (open),2025_10_ATL_IND,Indianapolis Colts,Atlanta Falcons,1,0.0,-0.5,0.0,0.0,0.14075703946772933,-0.8041785276807012,-0.6634214882129825,0.020499999999999963,0.0615,-0.01100000000000001
2025,10,v2_wind_plus10,Wind +10mph (open),2025_10_BAL_MIN,Minnesota Vikings,Baltimore Ravens,1,0.0,-0.5,0.0,0.0,-0.31951745360763084,-0.4748920349436361,-0.794409488551274,0.017500000000000016,0.009500000000000008,-0.026000000000000023
2025,10,v2_wind_plus10,Wind +10mph (open),2025_10_BUF_MIA,Miami Dolphins,Buffalo Bills,1,0.0,-0.5,0.0,0.0,-0.14258796198596713,-0.15086715473568546,-0.2934551167216455,0.02100000000000002,0.0030000000000000027,-0.021999999999999964
2025,10,v2_wind_plus10,Wind +10mph (open),2025_10_CLE_NYJ,New York Jets,Cleveland Browns,1,0.0,-0.5,0.0,0.0,0.1691936149354447,-0.3933053573915686,-0.22411174245612386,0.021499999999999964,0.025000000000000022,-0.01599999999999996
2025,10,v2_wind_plus10,Wind +10mph (open),2025_10_DET_WAS,Washington Commanders,Detroit Lions,1,0.0,-0.5,0.0,0.0,-0.5435313099791301,-0.013782575714547107,-0.5573138856936737,-0.020499999999999963,-0.034999999999999976,-0.0040000000000000036
2025,10,v2_wind_plus10,Wind +10mph (open),2025_10_JAX_HOU,Houston Texans,Jacksonville Jaguars,1,0.0,-0.5,0.0,0.0,-0.23271986286805557,0.1367311001856244,-0.09598876268243828,-0.028000000000000025,-0.01649999999999996,-0.013499999999999956
2025,10,v2_wind_plus10,Wind +10mph (open),2025_10_LA_SF,San Francisco 49ers,Los Angeles Rams,1,0.0,-0.5,0.0,0.0,-0.05680720628349434,-0.4258065012287524,-0.4826137075122432,0.0020000000000000018,0.0025000000000000022,-0.04299999999999998
2025,10,v2_wind_plus10,Wind +10mph (open),2025_10_LV_DEN,Denver Broncos,Las Vegas Raiders,1,0.0,-0.5,0.0,0.0,-0.431733593893739,-0.06270585357222203,-0.49443944746595037,-0.01849999999999996,-0.021499999999999964,-0.016500000000000015
2025,10,v2_wind_plus10,Wind +10mph (open),2025_10_NE_TB,Tampa Bay Buccaneers,New England Patriots,1,0.0,-0.5,0.0,0.0,-0.20003464973704155,-0.12273956209276449,-0.3227742118298096,-0.015000000000000013,-0.013499999999999956,-0.0020000000000000018
2025,10,v2_wind_plus10,Wind +10mph (open),2025_10_NO_CAR,Carolina Panthers,New Orleans Saints,1,0.0,-0.5,0.0,0.0,-0.11039369014900657,-0.2946117506745942,-0.4050054408236079,0.005499999999999949,0.0030000000000000027,-0.00599999999999995
2025,10,v2_wind_plus10,Wind +10mph (open),2025_10_NYG_CHI,Chicago Bears,New York Giants,1,0.0,-0.5,0.0,0.0,-0.6160094326375898,-0.49423442582993715,-1.1102438584675411,-0.0040000000000000036,-0.0030000000000000027,-0.026000000000000023
2025,10,v2_wind_plus10,Wind +10mph (open),2025_10_PHI_GB,Green Bay Packers,Philadelphia Eagles,1,0.0,-0.5,0.0,0.0,-0.03852922023570571,-0.589471246058821,-0.6280004662945302,0.026000000000000023,0.03049999999999997,-0.024999999999999967
2025,10,v2_wind_plus10,Wind +10mph (open),2025_10_PIT_LAC,Los Angeles Chargers,Pittsburgh Steelers,1,0.0,-0.5,0.0,0.0,-0.18374343520688896,-0.21656696150347443,-0.40031039671035273,-0.0035000000000000586,-0.0010000000000000009,0.0015000000000000013
2025,10,v2_wind_plus20,Wind +20mph (open),2025_10_ARI_SEA,Seattle Seahawks,Arizona Cardinals,1,0.0,-1.0,0.0,0.0,-0.7103232817768053,-0.035907416872237974,-0.7462306986490361,-0.034499999999999975,-0.03300000000000003,-0.020500000000000018
2025,10,v2_wind_plus20,Wind +20mph (open),2025_10_ATL_IND,Indianapolis Colts,Atlanta Falcons,1,0.0,-1.0,0.0,0.0,-0.040775938073693396,-0.14641212481409482,-0.18718806288779177,-0.010000000000000009,0.014000000000000012,0.0040000000000000036
2025,10,v2_wind_plus20,Wind +20mph (open),2025_10_BAL_MIN,Minnesota Vikings,Baltimore Ravens,1,0.0,-1.0,0.0,0.0,-0.24304342828573056,-0.5959694415698422,-0.8390128698555799,0.030999999999999972,0.02400000000000002,-0.03400000000000003
2025,10,v2_wind_plus20,Wind +20mph (open),2025_10_BUF_MIA,Miami Dolphins,Buffalo Bills,1,0.0,-1.0,0.0,0.0,-0.3202482887965665,-0.29845108561470113,-0.618699374411257,0.015000000000000013,-0.009000000000000008,-0.015500000000000014
2025,10,v2_wind_plus20,Wind +20mph (open),2025_10_CLE_NYJ,New York Jets,Cleveland Browns,1,0.0,-1.0,0.0,0.0,-0.347457471242798,-0.6841083565856536,-1.0315658278284516,0.019999999999999907,0.019000000000000017,-0.033499999999999974
2025,10,v2_wind_plus20,Wind +20mph (open),2025_10_DET_WAS,Washington Commanders,Detroit Lions,1,0.0,-1.0,0.0,0.0,-0.7740508593619602,-0.5722402865119491,-1.3462911458739057,-0.004500000000000004,-0.01150000000000001,-0.023499999999999965
2025,10,v2_wind_plus20,Wind +20mph (open),2025_10_JAX_HOU,Houston Texans,Jacksonville Jaguars,1,0.0,-1.0,0.0,0.0,-0.6415805511187642,-0.2554945815153573,-0.8970751326341286,-0.025499999999999967,-0.02949999999999997,-0.043999999999999984
2025,10,v2_wind_plus20,Wind +20mph (open),2025_10_LA_SF,San Francisco 49ers,Los Angeles Rams,1,0.0,-1.0,0.0,0.0,-0.5453316219001749,-0.7235456937492337,-1.268877315649405,0.0025000000000000022,0.008500000000000008,-0.059
2025,10,v2_wind_plus20,Wind +20mph (open),2025_10_LV_DEN,Denver Broncos,Las Vegas Raiders,1,0.0,-1.0,0.0,0.0,-0.36893305108422325,-0.42151156966696846,-0.7904446207511739,-0.0050000000000000044,-0.010499999999999954,-0.033499999999999974
2025,10,v2_wind_plus20,Wind +20mph (open),2025_10_NE_TB,Tampa Bay Buccaneers,New England Patriots,1,0.0,-1.0,0.0,0.0,-0.16250401346806598,-0.13358844041144025,-0.2960924538795098,-0.0030000000000000027,-0.0024999999999999467,0.0
2025,10,v2_wind_plus20,Wind +20mph (open),2025_10_NO_CAR,Carolina Panthers,New Orleans Saints,1,0.0,-1.0,0.0,0.0,-0.8068389507043712,-0.5269040709159931,-1.3337430216203572,-0.01100000000000001,-0.007999999999999896,-0.03549999999999992
2025,10,v2_wind_plus20,Wind +20mph (open),2025_10_NYG_CHI,Chicago Bears,New York Giants,1,0.0,-1.0,0.0,0.0,-0.5463253547184372,-0.5428540073932027,-1.0891793621116506,-0.0015000000000000568,-0.009000000000000008,-0.04899999999999999
2025,10,v2_wind_plus20,Wind +20mph (open),2025_10_PHI_GB,Green Bay Packers,Philadelphia Eagles,1,0.0,-1.0,0.0,0.0,-0.6238759439124877,-0.5660923528123014,-1.1899682967247927,-0.006500000000000061,0.006000000000000005,-0.03199999999999997
2025,10,v2_wind_plus20,Wind +20mph (open),2025_10_PIT_LAC,Los Angeles Chargers,Pittsburgh Steelers,1,0.0,-1.0,0.0,0.0,-0.629491671582894,-0.684145799190297,-1.3136374707731804,-0.0040000000000000036,-0.013000000000000012,-0.018000000000000016
