scenario_id,scenario_label,season,week,game_id,team,pass_attempts,rush_attempts,targets,receptions,pass_yards,rush_yards,rec_yards,pass_tds,rush_tds,rec_tds
v2_baseline,Baseline,2025,21,2025_21_Los_Angeles_Rams_Seattle_Seahawks,Los Angeles Rams,31.87,30.959999999999997,38.15,20.869999999999997,202.6,92.4,152.3,1.8,1.0,2.24
v2_baseline,Baseline,2025,21,2025_21_Los_Angeles_Rams_Seattle_Seahawks,Seattle Seahawks,29.85,30.96,38.37,22.59,188.3,97.0,157.9,1.99,1.08,2.42
v2_baseline,Baseline,2025,21,2025_21_New_England_Patriots_Denver_Broncos,Denver Broncos,32.65,30.96,38.18,21.59,202.6,97.0,158.1,1.65,0.78,1.76
v2_baseline,Baseline,2025,21,2025_21_New_England_Patriots_Denver_Broncos,New England Patriots,29.81,30.96,38.41,21.77,181.7,94.9,155.5,1.76,1.02,2.27
v2_blend_10_20,Market blend m=0.10 t=0.20,2025,21,2025_21_Los_Angeles_Rams_Seattle_Seahawks,Los Angeles Rams,32.22002653329556,31.300032051171335,38.56899944290008,21.099214112013755,205.43623308607565,93.69352387538692,154.43207452620595,1.8361055824168346,1.0200586568982415,2.284931391452061
v2_blend_10_20,Market blend m=0.10 t=0.20,2025,21,2025_21_Los_Angeles_Rams_Seattle_Seahawks,Seattle Seahawks,29.55664952875408,30.655741018768044,37.99291934399645,22.36799708055459,185.94796198140617,95.78838190226445,155.9276855914181,1.9545854061232488,1.0607800194035724,2.376933006441338
v2_blend_10_20,Market blend m=0.10 t=0.20,2025,21,2025_21_New_England_Patriots_Denver_Broncos,Denver Broncos,31.959554243742833,30.305292477374522,37.37261197629714,21.133438778634236,197.16298535494118,94.39688834861448,153.85719637026753,1.5871088813521852,0.7502696530028513,1.6929161401089976
v2_blend_10_20,Market blend m=0.10 t=0.20,2025,21,2025_21_New_England_Patriots_Denver_Broncos,New England Patriots,29.707584762260762,30.853633822193665,38.27803860175901,21.69520698672985,180.9058743957701,94.48523654462622,154.82038232549394,1.7490215346891358,1.0136374803312036,2.2558402748547377
v2_cold_minus15,Temp -15F,2025,21,2025_21_Los_Angeles_Rams_Seattle_Seahawks,Los Angeles Rams,31.975627619338365,31.062611581258732,38.276441596415395,20.93917001617796,203.45500036278733,92.78994093544694,152.9427273210884,1.8108615941235924,1.0060342189575513,2.253516650464915
v2_cold_minus15,Temp -15F,2025,21,2025_21_Los_Angeles_Rams_Seattle_Seahawks,Seattle Seahawks,29.80925296474897,30.917737748362754,38.317622655189886,22.55916329895073,187.97291812833885,96.83150854194832,157.6257236986973,1.9850637237750408,1.0773210159181126,2.4139970912239193
v2_cold_minus15,Temp -15F,2025,21,2025_21_New_England_Patriots_Denver_Broncos,Denver Broncos,32.23661775955808,30.568014880120003,37.69660232955367,21.31664861956689,199.34095284701013,95.43964672339575,155.55678502029764,1.6122138307868012,0.7621374472810334,1.7196947528392548
v2_cold_minus15,Temp -15F,2025,21,2025_21_New_England_Patriots_Denver_Broncos,New England Patriots,29.929355844770793,31.0839603137908,38.56378926526824,21.85716460049179,182.62642190749307,95.38386042389155,156.292837680876,1.7728334166198734,1.0274375482683356,2.2865521907540414
v2_elo_minus100,Home Elo -100 (diff),2025,21,2025_21_Los_Angeles_Rams_Seattle_Seahawks,Los Angeles Rams,31.92539977785772,31.01381792037888,38.21631633276661,20.906278423717936,203.04833602983732,92.60447309554279,152.6370265416793,1.8056930430870701,1.003162801715039,2.247084675841687
v2_elo_minus100,Home Elo -100 (diff),2025,21,2025_21_Los_Angeles_Rams_Seattle_Seahawks,Seattle Seahawks,29.925802110823746,31.038620882784024,38.46743809019454,22.647365818542994,188.9087975643774,97.31361319035904,158.41051054389374,1.9991976783578078,1.0849917048374031,2.4311851163949223
v2_elo_minus100,Home Elo -100 (diff),2025,21,2025_21_New_England_Patriots_Denver_Broncos,Denver Broncos,31.814317412373295,30.167573264535296,37.202776073642035,21.03740008983582,196.02334641725741,93.85125667558722,152.96787299392102,1.5740197228792605,0.7440820508156505,1.6789543710712114
v2_elo_minus100,Home Elo -100 (diff),2025,21,2025_21_New_England_Patriots_Denver_Broncos,New England Patriots,30.26524034370203,31.432802450218546,38.996574357651625,22.10245831205613,185.23890730133303,96.74833408308479,158.52861907186178,1.8091734893824534,1.04849827225574,2.333422625510323
v2_elo_plus100,Home Elo +100 (diff),2025,21,2025_21_Los_Angeles_Rams_Seattle_Seahawks,Los Angeles Rams,31.912177089003393,31.000972785552086,38.20048810622778,20.89761957475685,202.94130894702533,92.55566113872231,152.55657133579447,1.8043335059451695,1.0024075033028719,2.2453928073984333
v2_elo_plus100,Home Elo +100 (diff),2025,21,2025_21_Los_Angeles_Rams_Seattle_Seahawks,Seattle Seahawks,30.01126082881408,31.127257462649375,38.577289045279606,22.712039602107538,189.59565574869328,97.66743817112719,158.98647924970084,2.0095899525668854,1.090631733051375,2.4438229573928956
v2_elo_plus100,Home Elo +100 (diff),2025,21,2025_21_New_England_Patriots_Denver_Broncos,Denver Broncos,32.42152592700336,30.74335199693795,37.91282878692154,21.438920207167,200.79734254038834,96.13693102871505,156.69328655298816,1.6290670984015658,0.770104446517104,1.7376715716283369
v2_elo_plus100,Home Elo +100 (diff),2025,21,2025_21_New_England_Patriots_Denver_Broncos,New England Patriots,29.77646640517508,30.925172757605516,38.36679217117661,21.745510689052715,181.4398991498797,94.76415206011879,155.27740406057399,1.7564019416926422,1.0179147616627813,2.265359322524033
v2_inj_away_plus1,Away starters out +1,2025,21,2025_21_Los_Angeles_Rams_Seattle_Seahawks,Los Angeles Rams,31.60755221830611,30.705046020670135,37.83583674704669,20.698136642486617,200.4789705809354,91.43265983059442,150.70556376839318,1.7731401004348115,0.9850778335748953,2.2065743472077655
v2_inj_away_plus1,Away starters out +1,2025,21,2025_21_Los_Angeles_Rams_Seattle_Seahawks,Seattle Seahawks,29.83437422282854,30.94379316377794,38.34991420200774,22.57817466310542,188.17455540446997,96.93537904531911,157.79480774490605,1.988106372022729,1.0789723024042952,2.417697196128143
v2_inj_away_plus1,Away starters out +1,2025,21,2025_21_New_England_Patriots_Denver_Broncos,Denver Broncos,32.291914268567254,30.620449180852752,37.761264525999934,21.3532137537019,199.77624581983892,95.64805451394065,155.89646823354656,1.617245508488728,0.7645160585583078,1.7250618757213099
v2_inj_away_plus1,Away starters out +1,2025,21,2025_21_New_England_Patriots_Denver_Broncos,New England Patriots,29.94556194352426,31.100791605887665,38.5846707229375,21.868999782305373,182.7522889808131,95.44959947319296,156.40055551192313,1.774579168584184,1.0284492908840157,2.288803814026192
v2_inj_away_plus2,Away starters out +2,2025,21,2025_21_Los_Angeles_Rams_Seattle_Seahawks,Los Angeles Rams,31.93659096108288,31.024689556169623,38.229712744440285,20.913606945647935,203.13892914730027,92.64578999610339,152.70512788318774,1.8068440638841976,1.0038022577134431,2.2485170572781126
v2_inj_away_plus2,Away starters out +2,2025,21,2025_21_Los_Angeles_Rams_Seattle_Seahawks,Seattle Seahawks,29.566490300131168,30.665947728377247,38.005568938560565,22.375444418089213,186.0267609311949,95.82897403253268,155.99376288388567,1.9557687883726746,1.0614222570062757,2.378372094402951
v2_inj_away_plus2,Away starters out +2,2025,21,2025_21_New_England_Patriots_Denver_Broncos,Denver Broncos,32.17295287414409,30.507645359372162,37.622154386977684,21.274549848476905,198.8400363420734,95.19981996634314,155.1658921307098,1.606429416575166,0.7594029969264421,1.7135247110135103
v2_inj_away_plus2,Away starters out +2,2025,21,2025_21_New_England_Patriots_Denver_Broncos,New England Patriots,29.435451011775108,30.571001788814407,37.927395953112445,21.496469927082998,178.79938617821904,93.385039891651,153.01763649264205,1.7200002876846714,0.9968183485445254,2.2184094619569343
v2_inj_home_plus1,Home starters out +1,2025,21,2025_21_Los_Angeles_Rams_Seattle_Seahawks,Los Angeles Rams,31.157152418811684,30.267506711214615,37.29668543387718,20.403193315989956,196.85016383633598,89.77766603394593,147.97768979404725,1.7274684848504234,0.9597047138057907,2.1497385589249713
v2_inj_home_plus1,Home starters out +1,2025,21,2025_21_Los_Angeles_Rams_Seattle_Seahawks,Seattle Seahawks,30.236274614037598,31.3606385946601,38.86652787070763,22.88232641645257,191.40671063183527,98.60037669297941,160.50514927650977,2.03706883592606,1.1055448958794698,2.4772394889151084
v2_inj_home_plus1,Home starters out +1,2025,21,2025_21_New_England_Patriots_Denver_Broncos,Denver Broncos,31.758538941727497,30.11468194903165,37.13755028469084,21.000516255800818,195.58604261376217,93.64188614775385,152.62662061814316,1.569005774766403,0.7417118207986633,1.6736061597508298
v2_inj_home_plus1,Home starters out +1,2025,21,2025_21_New_England_Patriots_Denver_Broncos,New England Patriots,29.89719227222512,31.050555945927194,38.52234670164934,21.833675805647125,182.37667379849813,95.25341961187382,156.079101682259,1.7693709852919364,1.0254309119305538,2.2820864412572135
v2_inj_home_plus2,Home starters out +2,2025,21,2025_21_Los_Angeles_Rams_Seattle_Seahawks,Los Angeles Rams,31.7308115525231,30.8247858696616,37.98338439688598,20.77885274870276,201.47452222783943,91.88670214142331,151.4539473608092,1.7857322954369126,0.9920734974649514,2.222244634321491
v2_inj_home_plus2,Home starters out +2,2025,21,2025_21_Los_Angeles_Rams_Seattle_Seahawks,Seattle Seahawks,29.582356676903032,30.682404111119524,38.02596400980802,22.387451836892446,186.15382435062767,95.89442890074818,156.1003126126612,1.9576774464654751,1.0624581116496046,2.380693176103744
v2_inj_home_plus2,Home starters out +2,2025,21,2025_21_New_England_Patriots_Denver_Broncos,Denver Broncos,31.60431807602634,29.968443725383626,36.95720870268563,20.89853682270777,194.3780401696119,93.06352367449335,151.6839494117258,1.5551802823496148,0.7351761334743634,1.6588589678395893
v2_inj_home_plus2,Home starters out +2,2025,21,2025_21_New_England_Patriots_Denver_Broncos,New England Patriots,29.71845248098088,30.864920792055287,38.29204158988512,21.70314359312156,180.9901070967468,94.5292303989063,154.89246919947237,1.7501850403475274,1.0143117847468623,2.2573409327209584
v2_neutral_site,Neutral site,2025,21,2025_21_Los_Angeles_Rams_Seattle_Seahawks,Los Angeles Rams,31.761871513535244,30.854958960120836,38.020564739296184,20.799192296438044,201.72555658480903,92.00119165072238,151.64265680092012,1.788911710698351,0.9938398392768617,2.22620123998017
v2_neutral_site,Neutral site,2025,21,2025_21_Los_Angeles_Rams_Seattle_Seahawks,Seattle Seahawks,29.965445674211477,31.079738628930897,38.51839700232812,22.677367429830394,189.2273587357485,97.47771533386938,158.67764176513379,2.0040155498344627,1.0876064290558896,2.4370440354770855
v2_neutral_site,Neutral site,2025,21,2025_21_New_England_Patriots_Denver_Broncos,Denver Broncos,32.41794932886039,30.739960527458425,37.908646412737816,21.436555161105538,200.76915069703713,96.12343345317178,156.67128689635524,1.6287403651169718,0.7699499907825686,1.7373230561247701
v2_neutral_site,Neutral site,2025,21,2025_21_New_England_Patriots_Denver_Broncos,New England Patriots,29.84378866133807,30.995092148776475,38.45353648044265,21.79467558394263,181.962159977013,95.03692340021207,155.72435815313992,1.7636287772174735,1.0221030413419447,2.274680297888446
v2_precip_plus25,Precip +25%,2025,21,2025_21_Los_Angeles_Rams_Seattle_Seahawks,Los Angeles Rams,31.896389627985307,30.98563611177989,38.18158971784247,20.887281190337415,202.8135379266539,92.4973884719784,152.46052234071763,1.802710866322588,1.0015060368458824,2.243373522534776
v2_precip_plus25,Precip +25%,2025,21,2025_21_Los_Angeles_Rams_Seattle_Seahawks,Seattle Seahawks,29.695969603167075,30.800241839666754,38.172005148191644,22.47343227254754,187.06421851458367,96.36340518276482,156.8637286428718,1.971369073752271,1.0698887435439461,2.397343295718842
v2_precip_plus25,Precip +25%,2025,21,2025_21_New_England_Patriots_Denver_Broncos,Denver Broncos,32.18697425939834,30.520940982265625,37.63855060409889,21.28382156999725,198.95033366965987,95.25262767007406,155.25196324369804,1.6077025572057517,0.7600048452245372,1.7148827276861351
v2_precip_plus25,Precip +25%,2025,21,2025_21_New_England_Patriots_Denver_Broncos,New England Patriots,30.02183748665881,31.180009680877454,38.68295128690255,21.924703189686763,183.34494369701483,95.75913680157792,156.90775313641063,1.7828060978979468,1.0332171703726736,2.2994146830842834
v2_precip_plus50,Precip +50%,2025,21,2025_21_Los_Angeles_Rams_Seattle_Seahawks,Los Angeles Rams,32.05026282224,31.1351156879997,38.365783704689555,20.98804471603856,204.05959806233167,93.06568045883242,153.3972200636383,1.8185539903708925,1.0103077724282736,2.263089410239333
v2_precip_plus50,Precip +50%,2025,21,2025_21_Los_Angeles_Rams_Seattle_Seahawks,Seattle Seahawks,29.770968350055934,30.87802948468113,38.268410572584465,22.530190118183032,187.66571351603096,96.67325656428574,157.3681155824816,1.980430783582607,1.0748066564166912,2.4083630634522155
v2_precip_plus50,Precip +50%,2025,21,2025_21_New_England_Patriots_Denver_Broncos,Denver Broncos,32.2057755249025,30.53876907353695,37.66053627996256,21.296254014782388,199.0982518443312,95.32344732922077,155.36739198711138,1.609410422864952,0.7608121998997955,1.7167044510559486
v2_precip_plus50,Precip +50%,2025,21,2025_21_New_England_Patriots_Denver_Broncos,New England Patriots,29.816371750709557,30.9666175579325,38.41820996124636,21.774653237603054,181.74943103857794,94.92581731183846,155.5423033929492,1.7606840451238142,1.0203964352422106,2.2708822627449194
v2_pressure_plus005,Home/away pressure +0.05,2025,21,2025_21_Los_Angeles_Rams_Seattle_Seahawks,Los Angeles Rams,32.16602037896923,31.24756796149631,38.50435134790323,21.063848299626223,204.9980753989818,93.49369282757118,154.10269932509837,1.8305137468683417,1.0169520815935231,2.277972662769492
v2_pressure_plus005,Home/away pressure +0.05,2025,21,2025_21_Los_Angeles_Rams_Seattle_Seahawks,Seattle Seahawks,29.527801025161285,30.62581975675019,37.95583669465455,22.3461649969311,185.71700183750775,95.6694061510263,155.73401269326857,1.951118144625985,1.0588982895457608,2.3727165376858714
v2_pressure_plus005,Home/away pressure +0.05,2025,21,2025_21_New_England_Patriots_Denver_Broncos,Denver Broncos,32.111998816533394,30.449846350991546,37.5508764108804,21.234243627839387,198.360701921742,94.97032619155466,154.79184093695665,1.6009000690512372,0.756789123551494,1.7076267403213197
v2_pressure_plus005,Home/away pressure +0.05,2025,21,2025_21_New_England_Patriots_Denver_Broncos,New England Patriots,30.00775904398536,31.165388124850278,38.66481130088822,21.914421817764556,183.23552441532703,95.70198826094958,156.8141114286371,1.781286336380368,1.0323363994931678,2.297454536126952
v2_rest_minus7,Home rest -7 days (diff),2025,21,2025_21_Los_Angeles_Rams_Seattle_Seahawks,Los Angeles Rams,31.910307721282244,30.999156794819523,38.19825037862935,20.89639542338125,202.92617888722506,92.54876075606907,152.54519765313117,1.8041413375236326,1.0023007430686848,2.245153664473854
v2_rest_minus7,Home rest -7 days (diff),2025,21,2025_21_Los_Angeles_Rams_Seattle_Seahawks,Seattle Seahawks,29.918602535613065,31.031153584676062,38.45818356085338,22.641917295795615,188.850956755381,97.28381734079638,158.362007815585,1.9983232758858331,1.0845171547521106,2.430121772685285
v2_rest_minus7,Home rest -7 days (diff),2025,21,2025_21_New_England_Patriots_Denver_Broncos,Denver Broncos,32.250827769833066,30.581489364595154,37.71321911951689,21.326045070465423,199.45279432671347,95.49319372996648,155.64406112069796,1.6135061898174512,0.762748380640977,1.7210732691386146
v2_rest_minus7,Home rest -7 days (diff),2025,21,2025_21_New_England_Patriots_Denver_Broncos,New England Patriots,29.969572105776436,31.125728023979825,38.615607667993054,21.886534208076252,182.93880162338215,95.54701306581708,156.56017420162863,1.7771670104728556,1.0299490628876777,2.2921415419166946
v2_rest_plus7,Home rest +7 days (diff),2025,21,2025_21_Los_Angeles_Rams_Seattle_Seahawks,Los Angeles Rams,31.620887374676766,30.718000411672186,37.85179960288417,20.70686914055551,200.58662612623286,91.48175841097688,150.78649140683743,1.7745004877046398,0.9858336042803555,2.208267273587996
v2_rest_plus7,Home rest +7 days (diff),2025,21,2025_21_Los_Angeles_Rams_Seattle_Seahawks,Seattle Seahawks,30.147917113859343,31.268995438696322,38.75295074233779,22.815458881141794,190.69511310214398,98.23380759908638,159.9084352566571,2.0262585154200563,1.0996779882681713,2.46409327000831
v2_rest_plus7,Home rest +7 days (diff),2025,21,2025_21_New_England_Patriots_Denver_Broncos,Denver Broncos,32.34755628437806,30.673211104574108,37.82633074847027,21.390007356193635,200.2144638609252,95.85786275671148,156.23843403954726,1.6223157462342503,0.7669128982198276,1.7304701293165339
v2_rest_plus7,Home rest +7 days (diff),2025,21,2025_21_New_England_Patriots_Denver_Broncos,New England Patriots,29.65346218358568,30.797423321161112,38.208301995019326,21.65568170871051,180.48651034244384,94.26620710785868,154.46148793753449,1.7432323185162517,1.0102823664128275,2.2483735017226656
v2_sigma_high,High volatility,2025,21,2025_21_Los_Angeles_Rams_Seattle_Seahawks,Los Angeles Rams,31.71440179593767,30.808844669037658,37.96374108926959,20.768106855388112,201.34192152916916,91.82622679810083,151.35426776353634,1.784053558179239,0.9911408656551327,2.2201555390674974
v2_sigma_high,High volatility,2025,21,2025_21_Los_Angeles_Rams_Seattle_Seahawks,Seattle Seahawks,30.040510074814783,31.157594369054124,38.61488681978704,22.734174961141235,189.8308636285077,97.78860208159983,159.18371411015065,2.0131523986909747,1.0925651208976146,2.4481551783076174
v2_sigma_high,High volatility,2025,21,2025_21_New_England_Patriots_Denver_Broncos,Denver Broncos,32.368282265479216,30.692864286040937,37.85056713310862,21.403712530220407,200.37774738209083,95.93603897365652,156.3658532137639,1.6242061741887865,0.7678065550710628,1.7324865858013725
v2_sigma_high,High volatility,2025,21,2025_21_New_England_Patriots_Denver_Broncos,New England Patriots,30.049185045094823,31.208412244083718,38.71818844622919,21.944674888685483,183.5575320702336,95.87016947421668,157.0896876000073,1.7857599211945854,1.034929045237771,2.3032244438134706
v2_sigma_low,Low volatility,2025,21,2025_21_Los_Angeles_Rams_Seattle_Seahawks,Los Angeles Rams,31.849557157722547,30.940140872390653,38.125528885067936,20.856613049315015,202.43461504066175,92.32457270363844,152.17567557104041,1.797901277358446,0.9988340429769144,2.237388256268288
v2_sigma_low,Low volatility,2025,21,2025_21_Los_Angeles_Rams_Seattle_Seahawks,Seattle Seahawks,29.7749085839702,30.882116239856526,38.27347545617877,22.533172023848802,187.69732589403725,96.6895412199767,157.39462431581774,1.980907378642166,1.075065311021879,2.40894264136384
v2_sigma_low,Low volatility,2025,21,2025_21_New_England_Patriots_Denver_Broncos,Denver Broncos,31.785126994616196,30.139893774986753,37.16864161269361,21.01809775846137,195.79446712751968,93.74167478464665,152.78926580879005,1.5713948871529173,0.7428412193813791,1.6761545462964451
v2_sigma_low,Low volatility,2025,21,2025_21_New_England_Patriots_Denver_Broncos,New England Patriots,29.892408648187537,31.045587780875085,38.51618303176395,21.830182364006802,182.33953551730028,95.23402267799557,156.04731850820139,1.7688562849951153,1.0251326197130781,2.281422594851654
v2_spread_home_minus3,Spread home -3.0,2025,21,2025_21_Los_Angeles_Rams_Seattle_Seahawks,Los Angeles Rams,30.590163937595563,29.716707734796316,36.617971578891456,20.031902145516767,192.3023386642914,87.70353451421781,144.55896435622697,1.6707381818535516,0.9281878788075286,2.0791408485288643
v2_spread_home_minus3,Spread home -3.0,2025,21,2025_21_Los_Angeles_Rams_Seattle_Seahawks,Seattle Seahawks,30.951190010210205,32.10213878445923,39.785499520662164,23.42336289214903,197.18512881883154,101.5770445853779,165.35067360856874,2.1254875231585015,1.153530917091046,2.584763721629937
v2_spread_home_minus3,Spread home -3.0,2025,21,2025_21_New_England_Patriots_Denver_Broncos,Denver Broncos,33.54797204311513,31.811492020056495,39.230063479514115,22.183789170317176,209.71818814230264,100.40801702765724,163.6547164131197,1.7334357073565458,0.8194423343867309,1.8489980878469825
v2_spread_home_minus3,Spread home -3.0,2025,21,2025_21_New_England_Patriots_Denver_Broncos,New England Patriots,29.041475454104408,30.161827576621015,37.41976089205469,21.208752788857865,175.75917331193864,91.79716866980175,150.4158032471462,1.678373012578757,0.9726934504717797,2.1647197378146465
v2_spread_home_plus3,Spread home +3.0,2025,21,2025_21_Los_Angeles_Rams_Seattle_Seahawks,Los Angeles Rams,33.32533906156316,32.37378403972373,39.89211437711437,21.823025610756925,214.4474179792193,97.80326466574465,161.20603039602713,1.952232867172024,1.084573815095569,2.429445345814074
v2_spread_home_plus3,Spread home +3.0,2025,21,2025_21_Los_Angeles_Rams_Seattle_Seahawks,Seattle Seahawks,28.68046838765992,29.746978267402046,36.86665232946436,21.704917282319514,178.96091766112485,92.18910787641587,150.0686611720213,1.8505162458079618,1.0043002741068336,2.250376540128275
v2_spread_home_plus3,Spread home +3.0,2025,21,2025_21_New_England_Patriots_Denver_Broncos,Denver Broncos,30.544273512088722,28.96326823688413,35.71762213450375,20.19757626725867,186.11855733851894,89.1090822400609,145.23861754797557,1.4616433833741442,0.6909586903223228,1.5590862755990873
v2_spread_home_plus3,Spread home +3.0,2025,21,2025_21_New_England_Patriots_Denver_Broncos,New England Patriots,31.24024094057826,32.44541628716213,40.25285657590108,22.81449330011368,192.86702442180012,100.73241946961383,165.0568095629605,1.9165362102911747,1.1107198491460217,2.4718961348641857
v2_total_minus3,Total -3.0,2025,21,2025_21_Los_Angeles_Rams_Seattle_Seahawks,Los Angeles Rams,30.869788177634835,29.98834772449245,36.95269592019984,20.215013469320333,194.54236304573902,88.72514484415738,146.24285237841093,1.698609585389758,0.943671991883199,2.1138252618183655
v2_total_minus3,Total -3.0,2025,21,2025_21_Los_Angeles_Rams_Seattle_Seahawks,Seattle Seahawks,28.955773943724736,30.03252131650646,37.2205375618331,21.913264100125353,181.15013597721622,93.31685177796057,151.90444222412341,1.882939757482768,1.0218969538097435,2.289806137240351
v2_total_minus3,Total -3.0,2025,21,2025_21_New_England_Patriots_Denver_Broncos,Denver Broncos,31.091861567849598,29.48251253110639,36.35795634488508,20.559672013778652,190.37557100008294,91.14723784308019,148.56060106176267,1.509635842056651,0.7136460344267805,1.6102782315270943
v2_total_minus3,Total -3.0,2025,21,2025_21_New_England_Patriots_Denver_Broncos,New England Patriots,28.836869389647948,29.94932828928214,37.15612724778188,21.059330647857628,174.18470101435034,90.97483833936074,149.06835997650785,1.6569356394073338,0.9602695182928866,2.137070398553777
v2_total_plus3,Total +3.0,2025,21,2025_21_Los_Angeles_Rams_Seattle_Seahawks,Los Angeles Rams,32.864308613042084,31.92591762346353,39.3402376400237,21.521120826927778,210.67874572164882,96.08448225409848,158.37301566341125,1.9034062058526549,1.0574478921403638,2.368683278394415
v2_total_plus3,Total +3.0,2025,21,2025_21_Los_Angeles_Rams_Seattle_Seahawks,Seattle Seahawks,30.561121721211066,31.69756544350735,39.28409515721503,23.12816548348938,194.02777314285873,99.95057883620444,162.70305565192456,2.077035426129298,1.127235306643036,2.5258420759964326
v2_total_plus3,Total +3.0,2025,21,2025_21_New_England_Patriots_Denver_Broncos,Denver Broncos,33.09571987312335,31.382648921038257,38.7012123968101,21.88473482574987,206.12661997849756,98.68846070046527,160.85201687364494,1.6911828814792773,0.7994682712447494,1.8039284069112294
v2_total_plus3,Total +3.0,2025,21,2025_21_New_England_Patriots_Denver_Broncos,New England Patriots,30.600955282171313,31.781468484938742,39.42914097243208,22.347628194997302,187.85798730147104,98.11625203582611,160.77004416829251,1.8458264481981812,1.0697403279330366,2.3806966121646997
v2_wind_plus10,Wind +10mph (open),2025,21,2025_21_Los_Angeles_Rams_Seattle_Seahawks,Los Angeles Rams,31.34870510314889,30.453589896250065,37.52598367383527,20.528631173602676,198.39174010192457,90.48073438014724,149.13653513091367,1.7468268390638682,0.9704593550354823,2.1738289552794803
v2_wind_plus10,Wind +10mph (open),2025,21,2025_21_Los_Angeles_Rams_Seattle_Seahawks,Seattle Seahawks,29.696680912681533,30.800979599886773,38.172919484743396,22.473970580149942,187.06992132062328,96.36634290016174,156.86851076222206,1.9714549297447934,1.0699353387559682,2.397447703508744
v2_wind_plus10,Wind +10mph (open),2025,21,2025_21_New_England_Patriots_Denver_Broncos,Denver Broncos,32.21178743172843,30.544469797436822,37.66756643624476,21.300229422695768,199.14555524149083,95.34609505638998,155.40430544758,1.609956703446716,0.7610704416293567,1.7172871503431637
v2_wind_plus10,Wind +10mph (open),2025,21,2025_21_New_England_Patriots_Denver_Broncos,New England Patriots,29.852330220926348,31.00396322173364,38.464542226963474,21.80091341528234,182.0284451816618,95.07154346582116,155.78108544715693,1.7645466416728146,1.0226349855149266,2.275864134430278
v2_wind_plus20,Wind +20mph (open),2025,21,2025_21_Los_Angeles_Rams_Seattle_Seahawks,Los Angeles Rams,31.204162675246145,30.31317466035835,37.352959085680595,20.433977879899185,197.2282539359488,89.95010199250578,148.26191053526657,1.7322103616044244,0.9623390897802359,2.155639561107728
v2_wind_plus20,Wind +20mph (open),2025,21,2025_21_Los_Angeles_Rams_Seattle_Seahawks,Seattle Seahawks,29.915580208685014,31.02801886971149,38.45429857980717,22.6396300473767,188.82667675475722,97.27130985242405,158.34164768760576,1.9979562596761344,1.0843179700754901,2.4296754514654504
v2_wind_plus20,Wind +20mph (open),2025,21,2025_21_New_England_Patriots_Denver_Broncos,Denver Broncos,31.94333989958394,30.289917405547286,37.35365137415359,21.122716950444634,197.03568507486938,94.33594004078148,153.75785691183043,1.5856451797205762,0.7495777213224543,1.6913548583686149
v2_wind_plus20,Wind +20mph (open),2025,21,2025_21_New_England_Patriots_Denver_Broncos,New England Patriots,29.577742623123246,30.718782677353097,38.110737811276884,21.600384330942408,179.90015426081243,93.9599594900996,153.95968072403045,1.735147481244943,1.005596835721501,2.2379458991056933
