scenario_id,scenario_label,season,week,game_id,team,pass_attempts,rush_attempts,targets,receptions,pass_yards,rush_yards,rec_yards,pass_tds,rush_tds,rec_tds
v2_baseline,Baseline,2025,19,2025_19_BUF_JAX,Buffalo Bills,28.96,39.54,30.509999999999998,19.55,196.1,181.89999999999998,177.9,1.89,1.65,2.2
v2_baseline,Baseline,2025,19,2025_19_BUF_JAX,Jacksonville Jaguars,38.3,23.59,45.160000000000004,28.64,255.6,116.2,273.4,1.86,0.67,2.4
v2_baseline,Baseline,2025,19,2025_19_GB_CHI,Chicago Bears,33.56,18.46,35.67,22.08,197.7,67.4,182.4,2.23,0.9299999999999999,3.01
v2_baseline,Baseline,2025,19,2025_19_GB_CHI,Green Bay Packers,27.48,36.86,28.29,18.42,155.7,115.10000000000001,127.1,1.29,1.2999999999999998,1.21
v2_baseline,Baseline,2025,19,2025_19_HOU_PIT,Houston Texans,32.9,33.31,36.32,22.979999999999997,199.0,122.8,188.7,1.77,1.09,2.17
v2_baseline,Baseline,2025,19,2025_19_HOU_PIT,Pittsburgh Steelers,39.18,22.08,46.730000000000004,30.08,256.7,93.4,257.0,2.08,0.61,2.5300000000000002
v2_baseline,Baseline,2025,19,2025_19_LAC_NE,Los Angeles Chargers,39.13,21.6,46.76,31.0,211.8,67.8,234.0,2.18,0.51,2.79
v2_baseline,Baseline,2025,19,2025_19_LAC_NE,New England Patriots,30.3,34.11,35.16,23.15,197.8,143.0,209.4,2.14,1.54,2.87
v2_baseline,Baseline,2025,19,2025_19_LA_CAR,Carolina Panthers,36.0,19.35,42.2,26.87,192.4,61.0,195.1,1.87,0.55,2.5
v2_baseline,Baseline,2025,19,2025_19_LA_CAR,Los Angeles Rams,36.21,28.39,41.19,26.11,245.2,118.4,246.8,1.94,0.89,2.4699999999999998
v2_baseline,Baseline,2025,19,2025_19_SF_PHI,Philadelphia Eagles,36.18,20.04,43.9,28.369999999999997,207.0,64.5,199.7,2.38,0.78,3.19
v2_baseline,Baseline,2025,19,2025_19_SF_PHI,San Francisco 49ers,32.33,16.9,37.05,24.17,189.2,54.1,168.2,2.07,0.42,2.59
v2_blend_10_20,Market blend m=0.10 t=0.20,2025,19,2025_19_BUF_JAX,Buffalo Bills,28.95674083570461,39.53555016035084,30.506566398389076,19.547799839020204,196.07191244243543,181.87394631962778,177.87451924278054,1.8896132887416306,1.6496623949331697,2.199549859910893
v2_blend_10_20,Market blend m=0.10 t=0.20,2025,19,2025_19_BUF_JAX,Jacksonville Jaguars,38.41834075632388,23.662889254351967,45.29953703800487,28.728492931099634,256.60557525430744,116.65715119151221,274.4756035779642,1.8704624725321917,0.673768740105682,2.4134999645576665
v2_blend_10_20,Market blend m=0.10 t=0.20,2025,19,2025_19_GB_CHI,Chicago Bears,33.757750863927164,18.568774760074355,35.88018394863772,22.210105455170194,199.18383900565811,67.90587126444794,183.76900472752675,2.253948806095022,0.939987618685368,3.0423255185408147
v2_blend_10_20,Market blend m=0.10 t=0.20,2025,19,2025_19_GB_CHI,Green Bay Packers,27.88020368059499,37.39680886705718,28.702000077293754,18.688258799001446,158.59165791456985,117.2376353626653,129.46049917111,1.324361242732377,1.3346276089551086,1.242230312950524
v2_blend_10_20,Market blend m=0.10 t=0.20,2025,19,2025_19_HOU_PIT,Houston Texans,32.77670553984118,33.18516904352917,36.18388891206783,22.89388125548785,198.05133277601126,122.2145912808753,187.80043464740365,1.7579581900819488,1.0825844221408611,2.155236877106118
v2_blend_10_20,Market blend m=0.10 t=0.20,2025,19,2025_19_HOU_PIT,Pittsburgh Steelers,38.9958909389718,21.97624481706221,46.510413057124865,29.938652359476052,255.16576015964407,92.84176859723708,255.46396712515985,2.062263191686422,0.6047983398695757,2.508425901426273
v2_blend_10_20,Market blend m=0.10 t=0.20,2025,19,2025_19_LAC_NE,Los Angeles Chargers,39.02467284975838,21.541858767052926,46.63413499756458,30.91655656382596,211.07467566298556,67.5678140224288,233.1986501659047,2.169342736079983,0.507506786881097,2.776360657643648
v2_blend_10_20,Market blend m=0.10 t=0.20,2025,19,2025_19_LAC_NE,New England Patriots,30.39024420071021,34.211591738819315,35.264719013101356,23.218948952027766,198.55009199941708,143.54228086914378,210.19408121677418,2.151602631336876,1.5483495571302752,2.88556053828824
v2_blend_10_20,Market blend m=0.10 t=0.20,2025,19,2025_19_LA_CAR,Carolina Panthers,36.68673520690736,19.719120173712703,43.00500627031918,27.382571528044462,197.08328203347537,62.48482434533262,199.84900376679337,1.9353638851989283,0.5692246721173319,2.587384873260599
v2_blend_10_20,Market blend m=0.10 t=0.20,2025,19,2025_19_LA_CAR,Los Angeles Rams,36.22689979684969,28.403250075464317,41.209224043972355,26.12218596232382,245.3456586939231,118.47033437748979,246.9466091584838,1.9416465499458784,0.8907553760060989,2.472096380601196
v2_blend_10_20,Market blend m=0.10 t=0.20,2025,19,2025_19_SF_PHI,Philadelphia Eagles,35.935542616360806,19.90459574438559,43.603380897132105,28.17831243853389,205.22155964174263,63.94584829416618,197.98427758674399,2.3508427693037914,0.7704442689314949,3.1509195101172676
v2_blend_10_20,Market blend m=0.10 t=0.20,2025,19,2025_19_SF_PHI,San Francisco 49ers,32.21546981753653,16.840131144954142,36.91874904855331,24.08437690967702,188.347369815341,53.856198240010315,167.44200635803574,2.0566865097643197,0.4172987121260938,2.573342058110912
v2_cold_minus15,Temp -15F,2025,19,2025_19_BUF_JAX,Buffalo Bills,28.9875638248572,39.577633758109585,30.53903909863236,19.568607485357674,196.33758018631082,182.12037652162132,178.11553041889186,1.8932719683704415,1.6528564803234014,2.203808640431202
v2_cold_minus15,Temp -15F,2025,19,2025_19_BUF_JAX,Jacksonville Jaguars,38.17040183113664,23.510177002519928,45.007189208724036,28.543088993309485,254.4997390810602,115.69980313466039,272.2231168417913,1.8485725685072762,0.6658836671504705,2.3852549271061627
v2_cold_minus15,Temp -15F,2025,19,2025_19_GB_CHI,Chicago Bears,34.00448777463008,18.704494765186865,36.14243381767148,22.372440109172587,201.03857433628005,68.53818872162506,185.48020211905657,2.2839914420811303,0.9525166103746419,3.0828763411050235
v2_cold_minus15,Temp -15F,2025,19,2025_19_GB_CHI,Green Bay Packers,27.632064072739514,37.063969494948275,28.446546310691446,18.521929411203125,156.79739001233384,115.91123693268868,127.99581419760844,1.3030082420035172,1.313109081088816,1.2222015293211286
v2_cold_minus15,Temp -15F,2025,19,2025_19_HOU_PIT,Houston Texans,32.90844950601664,33.31855480381198,36.329327843724144,22.98590181301709,199.06504876520324,122.84014064506009,188.7616819195671,1.7708265928116946,1.0905090317314956,2.1710133934471054
v2_cold_minus15,Temp -15F,2025,19,2025_19_HOU_PIT,Pittsburgh Steelers,38.620916443945994,21.764926878058382,46.06318084291976,29.65076994981867,252.0470899054677,91.70704400923522,252.34165214532607,2.0263502052681823,0.5942661659680727,2.4647432785233176
v2_cold_minus15,Temp -15F,2025,19,2025_19_LAC_NE,Los Angeles Chargers,38.62644702660235,21.32203567019194,46.158258700841444,30.601069711849547,208.33716779683502,66.691501306069,230.17420804749477,2.1292618124723135,0.49813005704627505,2.7250644297237403
v2_cold_minus15,Temp -15F,2025,19,2025_19_LAC_NE,New England Patriots,30.186312303839696,33.982016920263106,35.028077247623884,23.06313959847818,196.85591736245618,142.31747311845922,208.40055154549202,2.1254234535080294,1.5295103357020399,2.8504510801719833
v2_cold_minus15,Temp -15F,2025,19,2025_19_LA_CAR,Carolina Panthers,36.373149274743646,19.55056773517471,42.637413872060606,27.1485144725656,194.94174749068856,61.80585549340956,197.67741650433126,1.9053912196359433,0.5604091822458657,2.5473144647539345
v2_cold_minus15,Temp -15F,2025,19,2025_19_LA_CAR,Los Angeles Rams,36.07739111205648,28.28602965123677,41.0391532699698,26.01437950664995,244.0576931167045,117.84841298946907,245.65023923818381,1.92710171809017,0.8840827469588926,2.453577960661196
v2_cold_minus15,Temp -15F,2025,19,2025_19_SF_PHI,Philadelphia Eagles,35.87924785174484,19.873414232973097,43.53507409318957,28.134169749972394,204.81247863535165,63.818381024058844,197.5896231085977,2.344151226559648,0.7682512423178679,3.1419505935820493
v2_cold_minus15,Temp -15F,2025,19,2025_19_SF_PHI,San Francisco 49ers,32.049966921459756,16.75361710401082,36.729083651100645,23.96064647360601,187.11672902264291,53.50430782307073,166.3479588879944,2.037516048770861,0.4134090533737979,2.5493558291384204
v2_elo_minus100,Home Elo -100 (diff),2025,19,2025_19_BUF_JAX,Buffalo Bills,28.8236334877631,39.35381450642794,30.366334865733847,19.45794318666328,194.92552751408732,180.81057345646346,176.8345300599497,1.8738500696934364,1.63590085449427,2.1812011393256934
v2_elo_minus100,Home Elo -100 (diff),2025,19,2025_19_BUF_JAX,Jacksonville Jaguars,38.479725649193114,23.700697860691008,45.37191671847418,28.774395367960597,257.12751325131944,116.89443286308027,275.0338893697603,1.8758998935614446,0.6757273810140687,2.4205159916921866
v2_elo_minus100,Home Elo -100 (diff),2025,19,2025_19_GB_CHI,Chicago Bears,33.552400931777825,18.45582005961319,35.6619231596101,22.075000374661926,197.64302727391862,67.38057682479574,182.34743639232553,2.229082004963189,0.9296171590205228,3.0087609125287886
v2_elo_minus100,Home Elo -100 (diff),2025,19,2025_19_GB_CHI,Green Bay Packers,27.586345283204032,37.00264509239085,28.399479914914195,18.49128384703851,156.46728087968802,115.66720635357798,127.72634168149227,1.299091077754171,1.3091615512251336,1.2185272899864705
v2_elo_minus100,Home Elo -100 (diff),2025,19,2025_19_HOU_PIT,Houston Texans,33.19473488451135,33.60840787243383,36.64537297888912,23.18586649380154,201.27171131315106,124.20183994600477,190.85413027533468,1.798935705374196,1.1078191631965388,2.205474847831641
v2_elo_minus100,Home Elo -100 (diff),2025,19,2025_19_HOU_PIT,Pittsburgh Steelers,39.39804416869484,22.202879409004133,46.990061357914996,30.247400934005633,258.51957632468475,94.06205075467689,258.8217028260381,2.101094438957649,0.6161863498866182,2.555658139693679
v2_elo_minus100,Home Elo -100 (diff),2025,19,2025_19_LAC_NE,Los Angeles Chargers,38.87678843597612,21.46022566361063,46.45741444585339,30.79939794314489,210.0571861837807,67.24210209282498,232.074511647803,2.1544190992715433,0.504015477352517,2.757261140810828
v2_elo_minus100,Home Elo -100 (diff),2025,19,2025_19_LAC_NE,New England Patriots,30.53917159440766,34.37924564637773,35.43753377093641,23.33273341288902,199.78927549078335,144.43815164399402,211.50593674302343,2.1708118322616157,1.5621730007863963,2.9113224105564655
v2_elo_minus100,Home Elo -100 (diff),2025,19,2025_19_LA_CAR,Carolina Panthers,36.5027033888497,19.620203071506715,42.78928008359604,27.24521222384421,195.82588784563185,62.086170262908226,198.57396423431797,1.917748530978392,0.5640436855818799,2.563834934463091
v2_elo_minus100,Home Elo -100 (diff),2025,19,2025_19_LA_CAR,Los Angeles Rams,36.29132337378588,28.453760579447145,41.28250786429827,26.168639969333036,245.9010929369657,118.73853753563107,247.5056677685283,1.947929114372881,0.8936375833978681,2.4800953157221732
v2_elo_minus100,Home Elo -100 (diff),2025,19,2025_19_SF_PHI,Philadelphia Eagles,35.862002564353176,19.863862116905405,43.51414904851035,28.120647118593133,204.6871961383199,63.77934372425911,197.46875878658207,2.342103062993148,0.7675799954347291,3.1392053659445973
v2_elo_minus100,Home Elo -100 (diff),2025,19,2025_19_SF_PHI,San Francisco 49ers,32.28526034269344,16.876613046443527,36.9987286018185,24.136552504884026,188.86683341139113,54.00473407799292,167.9038127896194,2.0647946653857816,0.41894384515073835,2.5834870450962195
v2_elo_plus100,Home Elo +100 (diff),2025,19,2025_19_BUF_JAX,Buffalo Bills,28.96889207017394,39.552140623435,30.519367992438085,19.556002761460654,196.1766364625875,181.97108706040115,177.96952384851767,1.8910552563782272,1.6509212555682937,2.2012283407577247
v2_elo_plus100,Home Elo +100 (diff),2025,19,2025_19_BUF_JAX,Jacksonville Jaguars,38.39995017037115,23.651561997886564,45.277852472427185,28.714740806251427,256.4492496746585,116.58608298980954,274.3083914751629,1.8688348330576865,0.6731824398648656,2.4113997845905635
v2_elo_plus100,Home Elo +100 (diff),2025,19,2025_19_GB_CHI,Chicago Bears,33.835731765913714,18.611668903419755,35.96306770232843,22.26141112608387,199.7696275915928,68.10557865287484,184.30945914368505,2.263424396259864,0.9439393222070286,3.0551154406915657
v2_elo_plus100,Home Elo +100 (diff),2025,19,2025_19_GB_CHI,Green Bay Packers,27.608378521147053,37.03219913717177,28.422162604193964,18.506052851511235,156.62635163074586,115.78479815477746,127.85619327082725,1.3009782126230025,1.3110633150464364,1.2202973932355294
v2_elo_plus100,Home Elo +100 (diff),2025,19,2025_19_HOU_PIT,Houston Texans,33.04053359174515,33.45228492221979,36.47514225082626,23.078159937334455,200.08249352923772,123.46799098186128,189.7264649696842,1.7837706003218312,1.09848020019819,2.1868826003945614
v2_elo_plus100,Home Elo +100 (diff),2025,19,2025_19_HOU_PIT,Pittsburgh Steelers,38.53545618080607,21.71676550465028,45.961252356535674,29.585158803436613,251.33746711935382,91.4488485740072,251.63120003768574,2.0182050363304906,0.5918774385392304,2.4548359336135293
v2_elo_plus100,Home Elo +100 (diff),2025,19,2025_19_LAC_NE,Los Angeles Chargers,38.99391521408657,21.52488036351316,46.59737989804978,30.892189410597588,210.8629670773577,67.50004328538645,232.96475116195325,2.1662350359811517,0.5067797561240309,2.7723833717373454
v2_elo_plus100,Home Elo +100 (diff),2025,19,2025_19_LAC_NE,New England Patriots,30.542812225621397,34.383344059932206,35.441758344978496,23.33551495125859,199.81958884667054,144.4600667597264,211.53802782857838,2.1712823761162907,1.5625116164575177,2.911953467034465
v2_elo_plus100,Home Elo +100 (diff),2025,19,2025_19_LA_CAR,Carolina Panthers,35.95460095915418,19.325598015545367,42.14678223545295,26.836114660346464,192.09124792727155,60.90211082933246,194.78691512791414,1.8657145249881983,0.5487395661729996,2.494270755331816
v2_elo_plus100,Home Elo +100 (diff),2025,19,2025_19_LA_CAR,Los Angeles Rams,36.12850565965539,28.32610537634953,41.09729765592945,26.051236751549357,244.4978638043407,118.06095870486925,246.09328216521732,1.9320688188381687,0.8863614684360671,2.459902052850658
v2_elo_plus100,Home Elo +100 (diff),2025,19,2025_19_SF_PHI,Philadelphia Eagles,36.22478062179591,20.06480386016556,43.95433580146048,28.40511404754975,207.3261373401918,64.60162250455251,200.01463587843625,2.385358653217024,0.7817561972728062,3.1971823965387847
v2_elo_plus100,Home Elo +100 (diff),2025,19,2025_19_SF_PHI,San Francisco 49ers,32.266198552478876,16.86664879483121,36.97688389636073,24.122301856276355,188.72492260429232,53.9641559878024,167.77765318203998,2.0625786709824245,0.4184942230978833,2.58071437577028
v2_inj_away_plus1,Away starters out +1,2025,19,2025_19_BUF_JAX,Buffalo Bills,28.707567147519583,39.19534547696562,30.244056411285307,19.379590391367675,193.92708547150676,179.8844306336924,175.92875321458976,1.8601534458863558,1.6239434845039613,2.165257979338615
v2_inj_away_plus1,Away starters out +1,2025,19,2025_19_BUF_JAX,Jacksonville Jaguars,38.12601765405458,23.482839594233617,44.95485528086435,28.509899363240812,254.12316082097715,115.52860441078852,271.82031364810314,1.844666241440086,0.664476549335945,2.380214505083982
v2_inj_away_plus1,Away starters out +1,2025,19,2025_19_GB_CHI,Chicago Bears,33.675087187426094,18.523304811677164,35.792323002845315,22.15571886467128,198.56327649854154,67.69430873040821,183.1964675434192,2.2439237402822494,0.9358067616423732,3.0287939274661753
v2_inj_away_plus1,Away starters out +1,2025,19,2025_19_GB_CHI,Green Bay Packers,27.471528925535093,36.84863741612895,28.281279232292132,18.414321790697105,155.63891599888422,115.05484413276541,127.05013630994338,1.289277073708572,1.2992714696287935,1.2093219063468001
v2_inj_away_plus1,Away starters out +1,2025,19,2025_19_HOU_PIT,Houston Texans,32.60945961763717,33.01583890162596,35.99925754749489,22.777063283079094,196.76604406608917,121.42145834832034,186.58167093101017,1.7416829161798686,1.0725617958395801,2.1352835752035677
v2_inj_away_plus1,Away starters out +1,2025,19,2025_19_HOU_PIT,Pittsburgh Steelers,38.507106959080936,21.70078922043152,45.92744022965421,29.56339401044294,251.1021629387715,91.36323341831421,251.39562086195667,2.0155063494113583,0.5910859967023695,2.451553396159008
v2_inj_away_plus1,Away starters out +1,2025,19,2025_19_LAC_NE,Los Angeles Chargers,38.7158420080517,21.371382248247293,46.26508490407609,30.671891189614172,208.95102512458806,66.88800520985397,230.85240736144289,2.1382300206402665,0.5002281240947413,2.7365420906359375
v2_inj_away_plus1,Away starters out +1,2025,19,2025_19_LAC_NE,New England Patriots,30.232733750846695,34.034275519517514,35.08194451088349,23.098606809640295,197.24129229990805,142.59608088416002,208.80852683316857,2.131369995647408,1.533789623035985,2.8584261156579718
v2_inj_away_plus1,Away starters out +1,2025,19,2025_19_LA_CAR,Carolina Panthers,36.488281473237286,19.61245129186504,42.77237439362815,27.234447866274607,195.72742327888014,62.05495228696303,198.47411788830308,1.9163711417317353,0.5636385710975692,2.561993504988951
v2_inj_away_plus1,Away starters out +1,2025,19,2025_19_LA_CAR,Los Angeles Rams,36.12091935033192,28.32015742490812,41.08866799337673,26.045766479899648,244.43252389446758,118.02940794904144,246.02751589377894,1.9313312490122085,0.886023098773642,2.458962981989771
v2_inj_away_plus1,Away starters out +1,2025,19,2025_19_SF_PHI,Philadelphia Eagles,35.941647351475,19.907977139954642,43.610788245709024,28.183099374277106,205.26593184687422,63.95967441605501,198.02708497497963,2.3515689315937025,0.7706822548920539,3.1518928116739127
v2_inj_away_plus1,Away starters out +1,2025,19,2025_19_SF_PHI,San Francisco 49ers,32.30474535740916,16.886798532020254,37.02105832019825,24.15111955733311,189.01191865057865,54.04621986784517,168.03279448745946,2.0670609676582057,0.41940367459731714,2.586322660016789
v2_inj_away_plus2,Away starters out +2,2025,19,2025_19_BUF_JAX,Buffalo Bills,28.73403470884493,39.23148247195195,30.271940572060043,19.39745782313254,194.15467168229017,180.09553686388873,176.1352171967334,1.863272819420866,1.6266667471134548,2.168888996151273
v2_inj_away_plus2,Away starters out +2,2025,19,2025_19_BUF_JAX,Jacksonville Jaguars,38.34847921356771,23.619859651385436,45.21716243563232,28.676251819231833,256.0118394302354,116.38722903675021,273.84051995393725,1.8642828400636455,0.6715427434637863,2.4055262452434136
v2_inj_away_plus2,Away starters out +2,2025,19,2025_19_GB_CHI,Chicago Bears,33.19659791428206,18.26010719599663,35.28374992855903,21.84090828210214,194.97940412943473,66.4724928595038,179.88995100257407,2.1862902574937366,0.9117712733045629,2.951001648007241
v2_inj_away_plus2,Away starters out +2,2025,19,2025_19_GB_CHI,Green Bay Packers,27.32390920714691,36.650629307694146,28.129308277663252,18.31537145544564,154.5752719250157,114.26855361958451,126.18186937488437,1.2767084115697,1.286605376000473,1.197532696123517
v2_inj_away_plus2,Away starters out +2,2025,19,2025_19_HOU_PIT,Houston Texans,32.676104821658306,33.08331463858475,36.07283061163008,22.8236136413893,197.27799903449917,121.73737829867588,187.06712772768842,1.7481602250713795,1.0765506470778552,2.143224682714629
v2_inj_away_plus2,Away starters out +2,2025,19,2025_19_HOU_PIT,Pittsburgh Steelers,38.491453059630416,21.69196742104746,45.908769818186045,29.551375906934226,250.97225270184182,91.31596572790038,251.26555880161027,2.0140168823713904,0.590649181849302,2.4497416886536625
v2_inj_away_plus2,Away starters out +2,2025,19,2025_19_LAC_NE,Los Angeles Chargers,39.096297813432834,21.58139618630588,46.71972618850292,30.973300082198257,211.56785543733113,67.72568743461306,233.74352300441683,2.176587371776563,0.5092016328468105,2.7856324620443162
v2_inj_away_plus2,Away starters out +2,2025,19,2025_19_LAC_NE,New England Patriots,30.274156331507456,34.08090668210295,35.13001110943242,23.130254754930615,197.58530464648612,142.84478546232313,209.17271381685637,2.136682499120663,1.5376126395541219,2.8655508282599547
v2_inj_away_plus2,Away starters out +2,2025,19,2025_19_LA_CAR,Carolina Panthers,35.775480310943145,19.229320667131944,41.93681303116114,26.70242099875118,190.87411330998995,60.51622095587,193.5527001391842,1.8488494838525034,0.5437792599566187,2.4717239088937206
v2_inj_away_plus2,Away starters out +2,2025,19,2025_19_LA_CAR,Los Angeles Rams,35.870620997520355,28.123914115426764,40.80394584059275,25.865283464381566,242.2788384321487,116.98945542563787,243.85977701898165,1.907067389773378,0.8748917406692301,2.4280703364640432
v2_inj_away_plus2,Away starters out +2,2025,19,2025_19_SF_PHI,Philadelphia Eagles,35.73856983095954,19.79549307386482,43.364378540053174,28.023859206863523,203.79096963364114,63.50008474091717,196.60413833738232,2.3274669060403563,0.7627832717275118,3.119587995911234
v2_inj_away_plus2,Away starters out +2,2025,19,2025_19_SF_PHI,San Francisco 49ers,32.11564259913403,16.787948033571453,36.804347612060496,24.009745797125564,187.6048710753388,53.64388755378344,166.7819202688794,2.0451136972299375,0.41495060523505983,2.558862065616202
v2_inj_home_plus1,Home starters out +1,2025,19,2025_19_BUF_JAX,Buffalo Bills,28.814549585409868,39.341411968477416,30.35676477385549,19.451810925233524,194.84734508976047,180.73805238055803,176.76360373007847,1.8727764761693877,1.6349635903066084,2.1799514537421443
v2_inj_home_plus1,Home starters out +1,2025,19,2025_19_BUF_JAX,Jacksonville Jaguars,37.85906266883296,23.31841483962845,44.64008538184064,28.310275583169087,251.86070234002295,114.50005325473657,269.4002974169103,1.8212495580131913,0.6560415074563646,2.3499994296944404
v2_inj_home_plus1,Home starters out +1,2025,19,2025_19_GB_CHI,Chicago Bears,33.64715898535752,18.50794263616507,35.76263888580759,22.137344171534384,198.35371118460887,67.62286360062033,183.00312048595174,2.240541283357032,0.934396140592843,3.024228369015545
v2_inj_home_plus1,Home starters out +1,2025,19,2025_19_GB_CHI,Green Bay Packers,27.404435007887468,36.75864171727555,28.212207655499874,18.3693483568154,155.15529057839132,114.69732784568299,126.65534638737019,1.2835576839282883,1.2935077434936237,1.2039572074056037
v2_inj_home_plus1,Home starters out +1,2025,19,2025_19_HOU_PIT,Houston Texans,32.826635369221854,33.23572109874711,36.239009015505715,22.928756254854658,198.4353918888955,122.45158856259484,188.16461532379188,1.7628302337250026,1.0855847202035327,2.1612099475611615
v2_inj_home_plus1,Home starters out +1,2025,19,2025_19_HOU_PIT,Pittsburgh Steelers,38.762212416982706,21.84455462396575,46.231704600449255,29.75924832830117,253.2212860969767,92.13427394412787,253.5172205957266,2.0398494164674155,0.5982250692524631,2.481162992145462
v2_inj_home_plus1,Home starters out +1,2025,19,2025_19_LAC_NE,Los Angeles Chargers,38.734894446931364,21.381899311365125,46.28785239812191,30.686985122792542,209.08190439461944,66.9299014067762,230.99700485524525,2.140143575956336,0.5006757907053814,2.7389910903294394
v2_inj_home_plus1,Home starters out +1,2025,19,2025_19_LAC_NE,New England Patriots,30.09212620482986,33.87598761870451,34.91878407134712,22.991178932072977,196.07451339502003,141.75255518446846,207.57332206732656,2.113381284369465,1.5208444756677455,2.8343010682898893
v2_inj_home_plus1,Home starters out +1,2025,19,2025_19_LA_CAR,Carolina Panthers,36.14771071383552,19.429394508686592,42.37314978121831,26.98024963557668,193.40529285885106,61.31872590639249,196.11940039897007,1.8839738667619115,0.5541099608123269,2.5186816400560312
v2_inj_home_plus1,Home starters out +1,2025,19,2025_19_LA_CAR,Los Angeles Rams,36.22091314817474,28.398556318052496,41.202414045106806,26.117869160420945,245.2940578809969,118.44541783486963,246.89467163552217,1.9410631978974984,0.8904877557364813,2.471353659178774
v2_inj_home_plus1,Home starters out +1,2025,19,2025_19_SF_PHI,Philadelphia Eagles,35.6351140411477,19.738189203554448,43.23884760658884,27.942735913415156,203.04044262081572,63.266224874602,195.88007918539563,2.3152313487435685,0.7587732991680604,3.1031882363411696
v2_inj_home_plus1,Home starters out +1,2025,19,2025_19_SF_PHI,San Francisco 49ers,31.889543490332745,16.669758273635118,36.545239292200066,23.84071345998585,185.9255109051505,53.16368995755096,165.28895842624902,2.019011091379066,0.40965442433778154,2.5262022834163194
v2_inj_home_plus2,Home starters out +2,2025,19,2025_19_BUF_JAX,Buffalo Bills,28.749603016134373,39.25273837216689,30.28834212784046,19.407967505712257,194.28856535671784,180.21973502492085,176.25668422723152,1.86510874380161,1.628269538239501,2.171026050986001
v2_inj_home_plus2,Home starters out +2,2025,19,2025_19_BUF_JAX,Jacksonville Jaguars,38.05947317344163,23.44185305904669,44.87639186717035,28.46013868635427,253.55878711352875,115.27203076131471,271.21663692033945,1.8388165162123482,0.662369390248534,2.372666472532062
v2_inj_home_plus2,Home starters out +2,2025,19,2025_19_GB_CHI,Chicago Bears,32.97272293731562,18.136962616890536,35.04579937944124,21.693615091058668,193.30740580364647,65.90247420923507,178.34734860184682,2.1595566975768197,0.9006222998862972,2.9149173361911336
v2_inj_home_plus2,Home starters out +2,2025,19,2025_19_GB_CHI,Green Bay Packers,26.970483573293144,36.17656566636046,27.765465075999387,18.078468246727063,152.0351096075836,112.39075861164338,124.10830077793113,1.2468423281852126,1.256507772589749,1.1695187729489205
v2_inj_home_plus2,Home starters out +2,2025,19,2025_19_HOU_PIT,Houston Texans,32.75405274404912,33.162233948458244,36.15888132716912,22.878058725174736,197.8771405810215,122.10709981582633,187.63525843034552,1.7557497808648572,1.081224441323556,2.15252939235974
v2_inj_home_plus2,Home starters out +2,2025,19,2025_19_HOU_PIT,Pittsburgh Steelers,38.2122336896636,21.53461255405238,45.57574477585452,29.337008406969908,248.65746202223738,90.473731799287,248.94806287384108,1.987532468331803,0.5828821181165383,2.417527473499741
v2_inj_home_plus2,Home starters out +2,2025,19,2025_19_LAC_NE,Los Angeles Chargers,38.69009945866946,21.357172203098905,46.234322787819664,30.651497143336393,208.77421655246656,66.8314064318094,230.65706644606786,2.135645759327123,0.499623549200382,2.7332347103315016
v2_inj_home_plus2,Home starters out +2,2025,19,2025_19_LAC_NE,New England Patriots,30.07738965735752,33.85939805981732,34.901683840022784,22.979919820720347,195.9523136321795,141.6642105632036,207.44395588765616,2.1114999281924782,1.5194906025310355,2.831777941080566
v2_inj_home_plus2,Home starters out +2,2025,19,2025_19_LA_CAR,Carolina Panthers,35.9371483916628,19.316217260518755,42.126323948004725,26.82308825788832,191.9725839144875,60.86448866311713,194.66658587170744,1.8640682548331058,0.5482553690685605,2.4920698594025477
v2_inj_home_plus2,Home starters out +2,2025,19,2025_19_LA_CAR,Los Angeles Rams,36.101301483279634,28.304776280317835,41.06635206010185,26.031620594543803,244.2635750738766,117.9478274418719,245.8574646339019,1.929424513029554,0.8851483590702592,2.4565353335994837
v2_inj_home_plus2,Home starters out +2,2025,19,2025_19_SF_PHI,Philadelphia Eagles,35.6349150933999,19.738079006957822,43.2386062078567,27.942579911546574,203.03899991279758,63.265775335147076,195.87868735548636,2.315207847459773,0.7587655970666484,3.103156736721292
v2_inj_home_plus2,Home starters out +2,2025,19,2025_19_SF_PHI,San Francisco 49ers,31.934468272341594,16.693241998223723,36.5967228422597,23.874299354856056,186.25893378899835,53.25902916482458,165.58537348472265,2.024185537712615,0.410704311999661,2.5326765906645763
v2_neutral_site,Neutral site,2025,19,2025_19_BUF_JAX,Buffalo Bills,28.917999606253055,39.482655539752955,30.465751657002095,19.52164683364113,195.73810563504503,181.56431114234925,177.5716929753927,1.8850192338389034,1.6456517120815823,2.194202282775443
v2_neutral_site,Neutral site,2025,19,2025_19_BUF_JAX,Jacksonville Jaguars,38.283052277286004,23.579561441806185,45.140016732173265,28.627326820403947,255.4560596459661,116.13456232731323,273.2460356307008,1.8585038187625251,0.6694610529951032,2.3980694435645487
v2_neutral_site,Neutral site,2025,19,2025_19_GB_CHI,Chicago Bears,33.878548868669355,18.63522086161014,36.008576821973655,22.289581615620364,200.09142417347212,68.21528573238251,184.6063518929758,2.2686347805665457,0.9461122627474832,3.062148291257983
v2_neutral_site,Neutral site,2025,19,2025_19_GB_CHI,Green Bay Packers,27.55264699044562,36.95744425283208,28.364788331867054,18.468695690102194,156.2240603406544,115.48740748368222,127.52779749066909,1.2962072219435907,1.3062553399431533,1.2158222779470889
v2_neutral_site,Neutral site,2025,19,2025_19_HOU_PIT,Houston Texans,32.94030767726578,33.35080999178489,36.36449771544964,23.00815411621786,199.31035077214122,122.99151293878866,188.99428739046755,1.7739447551294252,1.0924292559836575,2.174836225215171
v2_neutral_site,Neutral site,2025,19,2025_19_HOU_PIT,Pittsburgh Steelers,39.48338859511369,22.250975502299905,47.09185168580048,30.31292314806074,259.23252372248726,94.32145584604717,259.5354834307722,2.1093770644702583,0.6186153890994507,2.565732679379689
v2_neutral_site,Neutral site,2025,19,2025_19_LAC_NE,Los Angeles Chargers,39.0890914798917,21.57741824599184,46.71111468437863,30.96759100119199,211.5182244582306,67.70979989739394,233.68868991135957,2.175857982471082,0.5090309958991981,2.784698977566201
v2_neutral_site,Neutral site,2025,19,2025_19_LAC_NE,New England Patriots,30.41838347699186,34.24326932013836,35.297371717855896,23.24044810205814,198.78410446723433,143.7114607624596,210.44181736824504,2.1552262507442657,1.550957208479518,2.8904202521663747
v2_neutral_site,Neutral site,2025,19,2025_19_LA_CAR,Carolina Panthers,36.526261486036745,19.632865548744746,42.816895408631964,27.26279572582798,195.98675183964056,62.137171841050275,198.73708567522803,1.919999444402256,0.56470571894184,2.566844177008363
v2_neutral_site,Neutral site,2025,19,2025_19_LA_CAR,Los Angeles Rams,36.34718368323339,28.497557160093788,41.34605070180567,26.208919247976354,246.38291585518692,118.97119591049808,247.9906347188423,1.9533839836396163,0.8961400749686901,2.487040432778275
v2_neutral_site,Neutral site,2025,19,2025_19_SF_PHI,Philadelphia Eagles,35.92158689420525,19.896865709228116,43.58644733708155,28.16736927000008,205.12013033900328,63.914243511428566,197.88642525941526,2.349183105979572,0.7699003456571707,3.148695003392788
v2_neutral_site,Neutral site,2025,19,2025_19_SF_PHI,San Francisco 49ers,32.273021242544,16.87021524896361,36.98470266118946,24.127402518784056,188.77571339444293,53.978679147142515,167.8228065166242,2.063371707597278,0.41865512907770863,2.5817066293125364
v2_precip_plus25,Precip +25%,2025,19,2025_19_BUF_JAX,Buffalo Bills,29.197914523041206,39.864832190643966,30.760648207803428,19.710608733613796,198.15267705876514,183.80403853640684,179.7621685301087,1.9183255216293018,1.6747286299938349,2.232971506658447
v2_precip_plus25,Precip +25%,2025,19,2025_19_BUF_JAX,Jacksonville Jaguars,38.58446047231763,23.765206854881797,45.495410833677916,28.852714045096004,258.01856739097826,117.29952085614897,275.98699657548303,1.8851936081616838,0.6790751169184559,2.4325078814989465
v2_precip_plus25,Precip +25%,2025,19,2025_19_GB_CHI,Chicago Bears,33.8196705505922,18.602834277828723,35.94599667877305,22.250844033285926,199.64894641776306,68.06443595628342,184.19811748406667,2.2614713083632862,0.9431248057299805,3.0524792099432703
v2_precip_plus25,Precip +25%,2025,19,2025_19_GB_CHI,Green Bay Packers,27.628693397561182,37.05944827635026,28.443076281550432,18.51967002849625,156.77304721232733,115.89324170930558,127.97594284320364,1.3027192629423479,1.3128178618798854,1.2219304714420471
v2_precip_plus25,Precip +25%,2025,19,2025_19_HOU_PIT,Houston Texans,32.49384814300927,32.89878667609844,35.87162810194822,22.69631095216878,195.87861704134045,120.87384006370152,185.74017605879868,1.7304722024485333,1.0656580229767805,2.121539366843682
v2_precip_plus25,Precip +25%,2025,19,2025_19_HOU_PIT,Pittsburgh Steelers,38.569021082800454,21.735681100261203,46.001285227137956,29.61092787571816,251.6161235261864,91.55023738740091,251.91018210451855,2.021402327503723,0.5928151056621495,2.458724946434817
v2_precip_plus25,Precip +25%,2025,19,2025_19_LAC_NE,Los Angeles Chargers,39.471441532418154,21.78847782009282,47.16801957720094,31.270500575133212,214.1549580267019,68.5538534193125,236.60179498700776,2.2147093922688654,0.5181200871821656,2.8344216534083184
v2_precip_plus25,Precip +25%,2025,19,2025_19_LAC_NE,New England Patriots,30.371953240765823,34.19100082648588,35.24349425562133,23.20497417570062,198.39801200027787,143.43233425702596,210.03308247147714,2.1492486948683625,1.5466556028491953,2.8824036234916823
v2_precip_plus25,Precip +25%,2025,19,2025_19_LA_CAR,Carolina Panthers,35.91467809119826,19.304139474019063,42.099983762460184,26.80631667529159,191.81982632696557,60.816057203455806,194.5116845966267,1.8619496337941628,0.5476322452335772,2.489237478334442
v2_precip_plus25,Precip +25%,2025,19,2025_19_LA_CAR,Los Angeles Rams,36.1039844345705,28.306879814898,41.0694040005512,26.03355519432852,244.28667913846917,117.95898372754793,245.88071945911173,1.9296852293600795,0.8852679660466344,2.45686727655639
v2_precip_plus25,Precip +25%,2025,19,2025_19_SF_PHI,Philadelphia Eagles,35.909843354897866,19.890360995913575,43.572197990050206,28.15816075120101,205.03478736693089,63.88765113607266,197.8040919670343,2.347786931860133,0.7694427759877749,3.146823660770515
v2_precip_plus25,Precip +25%,2025,19,2025_19_SF_PHI,San Francisco 49ers,32.64162870924953,17.062899015970217,37.407124765780864,24.402974509822492,191.5241137371929,54.76455894916563,170.2661518530436,2.106420639897454,0.42738969505165736,2.635569786151887
v2_precip_plus50,Precip +50%,2025,19,2025_19_BUF_JAX,Buffalo Bills,28.923841065510377,39.49063106803454,30.471905763422704,19.52559022205552,195.7884297097066,181.6109911483714,177.61734648320655,1.8857116099699647,1.646256167434096,2.1950082232454617
v2_precip_plus50,Precip +50%,2025,19,2025_19_BUF_JAX,Jacksonville Jaguars,38.3260293224814,23.606032159721575,45.19069149355771,28.65946422443518,255.8211060009612,116.30051845583604,273.6365038367089,1.8622989793361353,0.670828126965167,2.402966424949852
v2_precip_plus50,Precip +50%,2025,19,2025_19_GB_CHI,Chicago Bears,33.93136573978187,18.66427328833055,36.064714420084,22.324331213777818,200.48852791476796,68.35066657286475,184.97272378175862,2.2750694558311664,0.9487957820282443,3.07083366011292
v2_precip_plus50,Precip +50%,2025,19,2025_19_GB_CHI,Green Bay Packers,27.675875811792654,37.12273589602174,28.491649443799645,18.551296668603374,157.11386923082128,116.14519170499378,128.25416043183935,1.3067669900586405,1.3168969667257615,1.2257271767216704
v2_precip_plus50,Precip +50%,2025,19,2025_19_HOU_PIT,Houston Texans,32.93036869538718,33.34074715025371,36.353525562810404,23.001211933738524,199.23381550879884,122.94428414311807,188.92171350005196,1.772971698674961,1.0918300291275185,2.173643268996986
v2_precip_plus50,Precip +50%,2025,19,2025_19_HOU_PIT,Pittsburgh Steelers,38.542011143516255,21.720459572456328,45.969070462902366,29.59019130160717,251.39188133567498,91.46864712408276,251.68567784678018,2.018829263312546,0.5920605051060832,2.4555952097022797
v2_precip_plus50,Precip +50%,2025,19,2025_19_LAC_NE,Los Angeles Chargers,38.749694703962945,21.390069144022476,46.305538572893106,30.698710345587813,209.1835857447228,66.96245096077527,231.10934402391467,2.1416305896878316,0.5010236700645844,2.7408941950591967
v2_precip_plus50,Precip +50%,2025,19,2025_19_LAC_NE,New England Patriots,30.270111291412178,34.07635300825311,35.12531726092581,23.127164237498086,197.55170514299118,142.8204946180371,209.13714386725152,2.1361634549170105,1.5372391217627084,2.8648547269214113
v2_precip_plus50,Precip +50%,2025,19,2025_19_LA_CAR,Carolina Panthers,36.46327829347904,19.599012082744984,42.74306511068932,27.215785770716163,195.55674106270072,62.00083786291446,198.30104044351825,1.9139842264723328,0.562936537197745,2.558802441807931
v2_precip_plus50,Precip +50%,2025,19,2025_19_LA_CAR,Los Angeles Rams,36.357938146755544,28.505989063418664,41.35828423819002,26.216673985412513,246.47570164039314,119.01599948704138,248.08402595778557,1.9544349661334321,0.8966222267313169,2.4883785393554527
v2_precip_plus50,Precip +50%,2025,19,2025_19_SF_PHI,Philadelphia Eagles,35.69414487050008,19.770886213510828,43.310474290076115,27.98902404577356,203.46861306630527,63.39964030326903,196.29314990019884,2.322209278886735,0.7610601838368292,3.11254100825575
v2_precip_plus50,Precip +50%,2025,19,2025_19_SF_PHI,San Francisco 49ers,32.22490085633281,16.845061072441215,36.929556966505736,24.091427581118587,188.41754883675543,53.87626528577415,167.5043959531832,2.057781354361327,0.4175208545080953,2.574711936133254
v2_pressure_plus005,Home/away pressure +0.05,2025,19,2025_19_BUF_JAX,Buffalo Bills,28.48589498347915,38.892689490565104,30.010519887636356,19.229946371789275,192.02324657378773,178.11845258425288,174.2016092069191,1.8341203302444853,1.6012161613245508,2.1349548817660677
v2_pressure_plus005,Home/away pressure +0.05,2025,19,2025_19_BUF_JAX,Jacksonville Jaguars,38.00144399504002,23.406111327493317,44.807968950809595,28.41674558793593,253.06685256158144,115.0483891535828,270.6904440154005,1.8337221711371925,0.6605343304633973,2.3660931240479903
v2_pressure_plus005,Home/away pressure +0.05,2025,19,2025_19_GB_CHI,Chicago Bears,33.487497343616134,18.420119218210782,35.59293892272907,22.03229860986425,197.1565670619083,67.21473252388782,181.8986233287409,2.2212483469423097,0.9263502074692145,2.998187230626167
v2_pressure_plus005,Home/away pressure +0.05,2025,19,2025_19_GB_CHI,Green Bay Packers,27.44612748251344,36.814565465991464,28.255129056779666,18.397295059239358,155.4557797429944,114.91946209645893,126.9006397259768,1.287110393529555,1.2970879934793964,1.2072895939308228
v2_pressure_plus005,Home/away pressure +0.05,2025,19,2025_19_HOU_PIT,Houston Texans,32.6541655289807,33.061101938308425,36.04861069947048,22.808289478905056,197.10943435656515,121.63335949239296,186.90728775419015,1.7460267303270864,1.0752368000319348,2.140609042265411
v2_pressure_plus005,Home/away pressure +0.05,2025,19,2025_19_HOU_PIT,Pittsburgh Steelers,38.28888613383471,21.57781025612737,45.66716817340725,29.39585745037642,249.2924699582415,90.70477870705008,249.58381293053395,1.9947873666077407,0.5850097565532316,2.426351941114223
v2_pressure_plus005,Home/away pressure +0.05,2025,19,2025_19_LAC_NE,Los Angeles Chargers,38.47070796745371,21.236066754331716,45.97215191817366,30.47768839742052,207.2686646328572,66.34945921675032,228.99370880117365,2.11367841826645,0.49448440060361903,2.7051205444786217
v2_pressure_plus005,Home/away pressure +0.05,2025,19,2025_19_LAC_NE,New England Patriots,30.2029268552408,34.00072062812752,35.04735670726953,23.075833554416654,196.9938271131722,142.41717531437627,208.54654902678593,2.12755090227855,1.531041303508863,2.8533042474483357
v2_pressure_plus005,Home/away pressure +0.05,2025,19,2025_19_LA_CAR,Carolina Panthers,36.148650498458835,19.429899642921622,42.37425141763786,26.98095108037747,193.41169245814964,61.320754885380076,196.1258898055353,1.8840629229989503,0.5541361538232207,2.5188006991964573
v2_pressure_plus005,Home/away pressure +0.05,2025,19,2025_19_LA_CAR,Los Angeles Rams,35.93963313246365,28.17802222122737,40.882449288212584,25.91504614992062,242.87224352745872,117.27599361195396,244.45705425194458,1.9137436238998626,0.8779545491086999,2.436570490223021
v2_pressure_plus005,Home/away pressure +0.05,2025,19,2025_19_SF_PHI,Philadelphia Eagles,35.43584887429021,19.62781678940784,42.99706372529962,27.786485145484058,201.5965350255241,62.816311638387944,194.48709200288485,2.2917463799784334,0.7510765446988144,3.071710484088741
v2_pressure_plus005,Home/away pressure +0.05,2025,19,2025_19_SF_PHI,San Francisco 49ers,31.63252265065784,16.535404664278303,36.25069484091782,23.64856394885246,184.02041932353984,52.618946540187665,163.59531992716384,1.989522023583192,0.40367113521977815,2.4893053338552984
v2_rest_minus7,Home rest -7 days (diff),2025,19,2025_19_BUF_JAX,Buffalo Bills,28.87535760308498,39.424435069957866,30.420827364299814,19.49286053661296,195.37082949604863,181.2236302158656,177.23850365806754,1.8799684316349317,1.6412422815860515,2.1883230421147353
v2_rest_minus7,Home rest -7 days (diff),2025,19,2025_19_BUF_JAX,Jacksonville Jaguars,38.15835296518874,23.502755781953063,44.992982243026724,28.53407908415158,254.39749846992984,115.6533228568304,272.1137561881018,1.847511759573436,0.6655015478033344,2.3838861413850783
v2_rest_minus7,Home rest -7 days (diff),2025,19,2025_19_GB_CHI,Chicago Bears,33.68258363937657,18.52742830699915,35.80029077522533,22.160650976085655,198.6195358208552,67.71348869158139,183.24837295763274,2.244832045867665,0.9361855617295645,3.0300199363505254
v2_rest_minus7,Home rest -7 days (diff),2025,19,2025_19_GB_CHI,Green Bay Packers,27.65394222509178,37.09331551735382,28.469069343080292,18.536594460923965,156.95541231041,116.02805367327034,128.12480992070078,1.304884629061387,1.315000013782793,1.223961551290138
v2_rest_minus7,Home rest -7 days (diff),2025,19,2025_19_HOU_PIT,Houston Texans,33.15821702205378,33.57143492415233,36.60505903468065,23.16035948835246,200.98994500551612,124.02796606370542,190.58694785196428,1.7953390933880355,1.1056043004479994,2.2010654421762923
v2_rest_minus7,Home rest -7 days (diff),2025,19,2025_19_HOU_PIT,Pittsburgh Steelers,38.60409811241978,21.755448859679138,46.04312161289883,29.637857866809263,251.90740432427472,91.65621957104503,252.20180331647296,2.0247460929573564,0.5937957291846093,2.4627921226837075
v2_rest_minus7,Home rest -7 days (diff),2025,19,2025_19_LAC_NE,Los Angeles Chargers,39.03468509382327,21.547385587185858,46.64609953966716,30.924488574201924,211.14360098927912,67.589877937078,233.27479995982677,2.1703547889909527,0.5077435515529292,2.777655899671907
v2_rest_minus7,Home rest -7 days (diff),2025,19,2025_19_LAC_NE,New England Patriots,30.24132785363004,34.04395026690827,35.091917073717234,23.105172931073774,197.3126553078322,142.64767294752275,208.8840749315473,2.1324717119669527,1.5345824469294893,2.8599036510958666
v2_rest_minus7,Home rest -7 days (diff),2025,19,2025_19_LA_CAR,Carolina Panthers,36.31316590321052,19.518326672975654,42.567100030985664,27.103743550535185,194.53268236151894,61.676162287175956,197.2626108561972,1.8996819793856994,0.5587299939369704,2.5396817906225926
v2_rest_minus7,Home rest -7 days (diff),2025,19,2025_19_LA_CAR,Los Angeles Rams,36.30806614111479,28.466887537869347,41.30155328231202,26.18071270214049,246.0454864105587,118.80826097475592,247.65100345075814,1.9495633581918563,0.8943873138096661,2.4821760282133427
v2_rest_minus7,Home rest -7 days (diff),2025,19,2025_19_SF_PHI,Philadelphia Eagles,35.905897416263635,19.888175351628615,43.567410076671464,28.15506660307903,205.00611304140875,63.87871638246794,197.77642886168758,2.3473178881845667,0.7692890557915807,3.146194984583516
v2_rest_minus7,Home rest -7 days (diff),2025,19,2025_19_SF_PHI,San Francisco 49ers,32.23842566300015,16.85213095282099,36.945056319646014,24.101538765070018,188.5182005167794,53.905045708022016,167.59387593510726,2.059351900040331,0.4178395159502122,2.5766770150263083
v2_rest_plus7,Home rest +7 days (diff),2025,19,2025_19_BUF_JAX,Buffalo Bills,28.773156524918104,39.28489671944965,30.31315626986365,19.42386775076481,194.4911725495227,180.40767101865467,176.4404874888327,1.8678878859036732,1.6306957734079688,2.174261031210625
v2_rest_plus7,Home rest +7 days (diff),2025,19,2025_19_BUF_JAX,Jacksonville Jaguars,38.32430113951503,23.604967725356648,45.188653771814586,28.658171922603405,255.8064246863645,116.29384408668058,273.62080011444465,1.8621463019918394,0.670773130287383,2.402769421924954
v2_rest_plus7,Home rest +7 days (diff),2025,19,2025_19_GB_CHI,Chicago Bears,33.771292064243845,18.576223227233058,35.89457651762747,22.219014564317764,199.28553336408172,67.94054096479064,183.8628289610951,2.255592936559315,0.9406732874440192,3.0445447260284926
v2_rest_plus7,Home rest +7 days (diff),2025,19,2025_19_GB_CHI,Green Bay Packers,27.685996186540734,37.136310750942194,28.502068126537026,18.55808041324892,157.18699437734634,116.19924889423613,128.31385347052486,1.3076359417816183,1.3177726545086075,1.226542239965704
v2_rest_plus7,Home rest +7 days (diff),2025,19,2025_19_HOU_PIT,Houston Texans,33.022342828222044,33.43386746529107,36.455060532553944,23.06545404840555,199.94230395826656,123.38148204057856,189.59353144183368,1.781985418901785,1.097380851188105,2.184693988145126
v2_rest_plus7,Home rest +7 days (diff),2025,19,2025_19_HOU_PIT,Pittsburgh Steelers,39.10572657570125,22.038143001314026,46.64141406029911,30.022977422079975,256.0808186004474,93.17471155933694,256.38009497590565,2.072836377519981,0.6078991299457637,2.5212865553488233
v2_rest_plus7,Home rest +7 days (diff),2025,19,2025_19_LAC_NE,Los Angeles Chargers,39.024038522945645,21.541508614761714,46.63337698269712,30.916054030445054,211.07030905387305,67.5664162127129,233.19382586688522,2.1692786245128537,0.5074917883034658,2.7762786066013128
v2_rest_plus7,Home rest +7 days (diff),2025,19,2025_19_LAC_NE,New England Patriots,30.540484425178583,34.38072355586935,35.43905717456366,23.333736450260204,199.80020653279735,144.44605426789695,211.51750883704634,2.1709815075606635,1.5622951035716925,2.9115499657472452
v2_rest_plus7,Home rest +7 days (diff),2025,19,2025_19_LA_CAR,Carolina Panthers,36.34348292219808,19.53462207068147,42.602638314354415,27.12637183665173,194.73941056850987,61.741705013924644,197.47224013469997,1.9025666012551359,0.5595784121338634,2.5435382369721067
v2_rest_plus7,Home rest +7 days (diff),2025,19,2025_19_LA_CAR,Los Angeles Rams,36.17508218488583,28.36262312148326,41.15027990045422,26.084821757729053,244.89910343704992,118.25470573795559,246.49714000107633,1.9365999429268852,0.8884401800025402,2.4656710613553643
v2_rest_plus7,Home rest +7 days (diff),2025,19,2025_19_SF_PHI,Philadelphia Eagles,36.15678084576122,20.027138975927443,43.871826399362014,28.351793051250574,206.83093818949757,64.44732131991591,199.5369002726699,2.377223625404597,0.7790900957208342,3.1862787248070017
v2_rest_plus7,Home rest +7 days (diff),2025,19,2025_19_SF_PHI,San Francisco 49ers,32.3881016877315,16.930371745210714,37.11658421065425,24.21343698708538,189.63285844702395,54.223771892093,168.5848139048067,2.0767687712684917,0.42137337388056356,2.5984691389301418
v2_sigma_high,High volatility,2025,19,2025_19_BUF_JAX,Buffalo Bills,28.81996025169662,39.348799321549876,30.362465030361324,19.455463498641883,194.8939122630702,180.78124753009928,176.80584901376946,1.873415909881361,1.6355218260869027,2.18069576811587
v2_sigma_high,High volatility,2025,19,2025_19_BUF_JAX,Jacksonville Jaguars,38.18971782271111,23.52207424119465,45.02996493142647,28.557533118601732,254.66366322776997,115.77432577099715,272.39845667633926,1.8502737630667114,0.6664964630401595,2.387450016860273
v2_sigma_high,High volatility,2025,19,2025_19_GB_CHI,Chicago Bears,33.69305621802536,18.53318884936675,35.811421790731956,22.167541158939212,198.69813607645546,67.74028513683915,183.32089034064478,2.2461012299975045,0.9367148627343854,3.0317330503553763
v2_sigma_high,High volatility,2025,19,2025_19_GB_CHI,Green Bay Packers,27.408107911411484,36.7635683265876,28.21598882146401,18.371810324898092,155.18175720221208,114.71689308911118,126.67695144766319,1.2838704828019654,1.2938229671647714,1.2042506078995179
v2_sigma_high,High volatility,2025,19,2025_19_HOU_PIT,Houston Texans,33.40818668725249,33.82451971283831,36.881013388480554,23.33495836088335,202.9203624581405,125.2191985420083,192.41744922538246,1.8200231558313686,1.1208052202577354,2.2313278238158585
v2_sigma_high,High volatility,2025,19,2025_19_HOU_PIT,Pittsburgh Steelers,38.81329991985944,21.87334513094682,46.29263668338518,29.798470178391316,253.64612052065587,92.28884946096322,253.94255151464182,2.044740168161231,0.5996593762395918,2.487111839157651
v2_sigma_high,High volatility,2025,19,2025_19_LAC_NE,Los Angeles Chargers,39.251041788492785,21.6668158096459,46.90464385458529,31.095893060139947,212.63419927399056,68.06703829450689,234.92163659166093,2.192276326106498,0.5128719845478504,2.805711444879417
v2_sigma_high,High volatility,2025,19,2025_19_LAC_NE,New England Patriots,30.453307093767325,34.28258432238955,35.3378969444508,23.267130667350283,199.07461912976498,143.9214890574135,210.74936929106562,2.1597273353851723,1.5541963067725069,2.896456753530581
v2_sigma_high,High volatility,2025,19,2025_19_LA_CAR,Carolina Panthers,35.9862130577929,19.342589518563685,42.18383863996834,26.859709579524868,192.30622583848674,60.970269106796735,195.00490988091875,1.8686981039071573,0.5496170893844581,2.4982594972020817
v2_sigma_high,High volatility,2025,19,2025_19_LA_CAR,Los Angeles Rams,36.32102421554501,28.477047154910874,41.316293494567766,26.19005640065949,246.15725228976018,118.86222949065092,247.76349863422843,1.9508286054887147,0.8949677623118331,2.4837869358541886
v2_sigma_high,High volatility,2025,19,2025_19_SF_PHI,Philadelphia Eagles,36.579131136229286,20.261077611112075,44.384296762865276,28.68297264607034,209.91074285845616,65.4069706008233,202.50809347262654,2.4279529778388644,0.795715681812737,3.2542731089520913
v2_sigma_high,High volatility,2025,19,2025_19_SF_PHI,San Francisco 49ers,31.8628777295804,16.655819165787463,36.514680478841754,23.820778061365864,185.7276634463954,53.10711729624732,165.11307078056927,2.015942542146335,0.4090318201456332,2.5223628908980715
v2_sigma_low,Low volatility,2025,19,2025_19_BUF_JAX,Buffalo Bills,28.93871300431917,39.51093619443301,30.487573679619402,19.535629807819053,195.9165637270843,181.72984672083953,177.7335884092213,1.8874748666909367,1.6477955185397066,2.1970606913862754
v2_sigma_low,Low volatility,2025,19,2025_19_BUF_JAX,Jacksonville Jaguars,38.21343154885277,23.53668016285736,45.05792607692405,28.575265784834027,254.8649394393759,115.8658292756474,272.61374977592084,1.852363236984578,0.6672491229998211,2.390146112238165
v2_sigma_low,Low volatility,2025,19,2025_19_GB_CHI,Chicago Bears,33.93884011986866,18.66838464281214,36.07265873288781,22.329248803536945,200.5447376785853,68.36982963852631,185.02458347280708,2.2759807213608614,0.9491758165316597,3.0720636642583825
v2_sigma_low,Low volatility,2025,19,2025_19_GB_CHI,Green Bay Packers,27.51073674359912,36.901228397709744,28.321642739316562,18.440603013722555,155.9216824469508,115.26387700477866,127.2809623571448,1.292624622270021,1.3026449681790908,1.2124618549974615
v2_sigma_low,Low volatility,2025,19,2025_19_HOU_PIT,Houston Texans,32.82261669746614,33.231652346279546,36.234572597324316,22.92594929202954,198.40447445813643,122.4325098666289,188.13529814196153,1.7624378759947628,1.0853430987764359,2.160728921417308
v2_sigma_low,Low volatility,2025,19,2025_19_HOU_PIT,Pittsburgh Steelers,39.16024403346131,22.068866469086927,46.70643705165,30.064832581074942,256.53527284306034,93.34006421325219,256.83508032982667,2.0780934644918,0.6094408717980759,2.52768099286743
v2_sigma_low,Low volatility,2025,19,2025_19_LAC_NE,Los Angeles Chargers,38.98292200413311,21.518812044193076,46.58424311048464,30.883480248610432,210.78731050776065,67.475824610133,232.8811645836449,2.1651247867680694,0.5065200189228052,2.770962456460052
v2_sigma_low,Low volatility,2025,19,2025_19_LAC_NE,New England Patriots,30.47881236923741,34.31129669685439,35.36749316509529,23.28661737121604,199.28684405403172,144.07491759214628,210.9740401664016,2.1630172191794093,1.5565637932412573,2.900868887404161
v2_sigma_low,Low volatility,2025,19,2025_19_LA_CAR,Carolina Panthers,36.43962653918622,19.58629926481259,42.715339998712736,27.19813236410927,195.39531362013324,61.94965764463683,198.13734764702698,1.9117275565040233,0.5622728107364774,2.5557855033476247
v2_sigma_low,Low volatility,2025,19,2025_19_LA_CAR,Los Angeles Rams,36.08495948471671,28.29196353966052,41.047762529010804,26.019836844682498,244.12285710528965,117.87987879798652,245.71582844039762,1.9278368183930654,0.8844199836957878,2.4545138873355006
v2_sigma_low,Low volatility,2025,19,2025_19_SF_PHI,Philadelphia Eagles,36.03563814300924,19.960038374403126,43.72483456268949,28.256800832425984,205.94936225691708,64.17262736990895,198.68641373288088,2.3627619352031037,0.7743505501926138,3.1668951988646645
v2_sigma_low,Low volatility,2025,19,2025_19_SF_PHI,San Francisco 49ers,32.3148147997284,16.89206217492762,37.03259784503363,24.158647501065126,189.08690497999268,54.067661519120534,168.09945780990896,2.068232583047038,0.4196413936617179,2.5877885942472605
v2_spread_home_minus3,Spread home -3.0,2025,19,2025_19_BUF_JAX,Buffalo Bills,28.2256323332884,38.537344698143066,29.73632743399962,19.054251108970583,189.79312514241474,176.04981878330057,172.17846487932474,1.8037660516541927,1.5747163943012794,2.0996218590683724
v2_spread_home_minus3,Spread home -3.0,2025,19,2025_19_BUF_JAX,Jacksonville Jaguars,39.60051283802342,24.391020831565864,46.69345064660934,29.612498372871823,266.6969116003904,121.24484009376123,285.26970121888394,1.9764247457599582,0.7119379460533183,2.5502254783999456
v2_spread_home_minus3,Spread home -3.0,2025,19,2025_19_GB_CHI,Chicago Bears,34.76937191801072,19.12522662712985,36.95540811428612,22.875677352493344,206.81151471702034,70.50630294348596,190.80637473133288,2.378259360180969,0.9918301367570858,3.210116894235299
v2_spread_home_minus3,Spread home -3.0,2025,19,2025_19_GB_CHI,Green Bay Packers,26.496891590002353,35.541318195323385,27.27791350368146,17.761016851813803,148.6455036365866,109.88501906596736,121.34131992427845,1.207321131506567,1.2166802100453777,1.1324485031960823
v2_spread_home_minus3,Spread home -3.0,2025,19,2025_19_HOU_PIT,Houston Texans,31.446906244610034,31.838797781396966,34.71585516122299,21.96504272039935,187.88181558414036,115.93913042076602,178.15727940063962,1.6304377653643023,1.004054895054853,1.9988982773110373
v2_spread_home_minus3,Spread home -3.0,2025,19,2025_19_HOU_PIT,Pittsburgh Steelers,40.494862482253566,22.8209944769821,48.298236952417284,31.089470736758226,267.713977431954,97.40742303133815,268.0268492404058,2.2086549585020037,0.6477305407145298,2.6864889639471485
v2_spread_home_minus3,Spread home -3.0,2025,19,2025_19_LAC_NE,Los Angeles Chargers,37.382035792122856,20.635113036285553,44.67119840632928,29.615208524298712,199.83256652916876,63.96906520622117,220.77818964978985,2.0061861267161536,0.469337121387724,2.56755013465049
v2_spread_home_minus3,Spread home -3.0,2025,19,2025_19_LAC_NE,New England Patriots,31.06617426300522,34.97251498716528,36.04906558043774,23.735377365959433,204.18752254990915,147.61787525094542,216.1621194234124,2.239402815064483,1.6115328669155626,3.003311251979003
v2_spread_home_minus3,Spread home -3.0,2025,19,2025_19_LA_CAR,Carolina Panthers,38.16741232963153,20.514984127176948,44.74068889751252,28.48773248047776,207.26209704906668,65.71199542615938,210.17066078104423,2.079723673846717,0.6116834334843285,2.780379243110584
v2_spread_home_minus3,Spread home -3.0,2025,19,2025_19_LA_CAR,Los Angeles Rams,34.96902139237844,27.417026162099525,39.778348278157075,25.215165660176773,234.55513904660143,113.25990400945192,236.0856782899724,1.8208127362786761,0.8353213068494958,2.3182512673238818
v2_spread_home_minus3,Spread home -3.0,2025,19,2025_19_SF_PHI,Philadelphia Eagles,37.16062281716584,20.583164213819877,45.089865717898846,29.13894055619112,214.16689322400802,66.73316238139381,206.61414771417586,2.4985847641479118,0.8188639143005761,3.3489434443831256
v2_spread_home_minus3,Spread home -3.0,2025,19,2025_19_SF_PHI,San Francisco 49ers,30.847057909742666,16.124815300793415,35.35055662097018,23.061348273383246,178.22463490443283,50.96169528715548,158.44283081884566,1.9006146045708026,0.3856319487534962,2.378063683979893
v2_spread_home_plus3,Spread home +3.0,2025,19,2025_19_BUF_JAX,Buffalo Bills,30.007291200423595,40.969899656931936,31.613344424203174,20.256993887026287,205.16984460199785,190.3130787001704,186.12807422078234,2.0161049740336003,1.7600916439975878,2.34678885866345
v2_spread_home_plus3,Spread home +3.0,2025,19,2025_19_BUF_JAX,Jacksonville Jaguars,37.117226647296725,22.861498083804953,43.76537742537651,27.755544939388468,245.59649306648123,111.65223980565382,262.6998482174334,1.756885220411368,0.6328565041266756,2.2669486714985396
v2_spread_home_plus3,Spread home +3.0,2025,19,2025_19_GB_CHI,Chicago Bears,32.10351570690439,17.65884683997184,34.12194294592609,21.121740965686797,186.84523780396233,63.69938810312121,172.38528768559803,2.0571675672769683,0.8579219002545204,2.7767149674904372
v2_spread_home_plus3,Spread home +3.0,2025,19,2025_19_GB_CHI,Green Bay Packers,28.65011355652329,38.42951913003816,29.494603803276707,19.204333759503605,164.18641452445974,121.37351516869182,134.02757409157888,1.3916059943174652,1.4023936376842672,1.3053048473830486
v2_spread_home_plus3,Spread home +3.0,2025,19,2025_19_HOU_PIT,Houston Texans,34.152581411706755,34.57819108887393,37.702788962710926,23.854903369028005,208.69230362572094,128.78097932280667,197.89064167926404,1.8944278143305586,1.1666250382035643,2.322547094405261
v2_spread_home_plus3,Spread home +3.0,2025,19,2025_19_HOU_PIT,Pittsburgh Steelers,36.70399532686851,20.684640551742127,43.77686834161729,28.179075534257397,236.23414068521708,85.95352060771047,236.51022265719047,1.847208410392767,0.5417293895863403,2.2468448453335097
v2_spread_home_plus3,Spread home +3.0,2025,19,2025_19_LAC_NE,Los Angeles Chargers,40.51622302446056,22.365203611764578,48.41652411509776,32.09820888725472,221.39532867975126,70.87159246688921,244.6010713459008,2.322446806878038,0.5433247117008253,2.9723057757751032
v2_spread_home_plus3,Spread home +3.0,2025,19,2025_19_LAC_NE,New England Patriots,29.200746914068315,32.87252400128285,33.88443107256244,22.310141619164405,188.71251799239803,136.43018237064163,199.77958173714939,2.0009414300168658,1.4399298141242864,2.68350556268617
v2_spread_home_plus3,Spread home +3.0,2025,19,2025_19_LA_CAR,Carolina Panthers,34.52013346277601,18.554571736242107,40.46526755914299,25.76544405957754,182.39091641530499,57.8266418988233,184.95045630262996,1.7325911392307078,0.5095856291855022,2.316298314479556
v2_spread_home_plus3,Spread home +3.0,2025,19,2025_19_LA_CAR,Los Angeles Rams,37.40719209361118,29.32864356635243,42.55184320176317,26.973261131294887,255.56404646071744,123.40449878037906,257.2316748226144,2.05819457902252,0.9442232862525993,2.6204848506111467
v2_spread_home_plus3,Spread home +3.0,2025,19,2025_19_SF_PHI,Philadelphia Eagles,34.5664283515872,19.146247212985283,41.942128375751196,27.104742187245133,195.32258225058115,60.861384324456445,188.43439456734808,2.1905410817860878,0.7179084217618272,2.9360613659233703
v2_spread_home_plus3,Spread home +3.0,2025,19,2025_19_SF_PHI,San Francisco 49ers,33.640044168950766,17.584805024907762,38.551303323836244,25.149392748640274,199.01085375243477,56.905323403841024,176.92191121120257,2.225028264832126,0.4514550102557937,2.783972563244061
v2_total_minus3,Total -3.0,2025,19,2025_19_BUF_JAX,Buffalo Bills,27.897980593120526,38.0899914589774,29.391139084810334,18.833063556474663,186.99353363547817,173.45295139364345,169.63870287481677,1.7658766678452096,1.5416383608172466,2.0555178144229953
v2_total_minus3,Total -3.0,2025,19,2025_19_BUF_JAX,Jacksonville Jaguars,36.8672084629691,22.70750516035094,43.47057791612754,27.56858617178682,243.49293822557263,110.69592888032683,260.44980168572596,1.7354277810391057,0.6251272114495703,2.2392616529536844
v2_total_minus3,Total -3.0,2025,19,2025_19_GB_CHI,Chicago Bears,32.652797094685326,17.960984337541447,34.70575900975642,21.483127528326932,190.9234291548313,65.08972749132843,176.1478678697078,2.121610511453524,0.8847972088124563,2.8636984930381644
v2_total_minus3,Total -3.0,2025,19,2025_19_GB_CHI,Green Bay Packers,26.616662885411547,35.70197212359061,27.401215175702063,17.841300231050973,149.50118537872547,110.51757506160118,122.03982441641624,1.2172619021879667,1.2266980409646173,1.1417727919747593
v2_total_minus3,Total -3.0,2025,19,2025_19_HOU_PIT,Houston Texans,31.713197280026762,32.10840733731585,35.00982751399915,22.151041747568847,189.90902630608315,117.19009261501012,180.07956414049193,1.655627364551426,1.0195671341022905,2.0297804412862113
v2_total_minus3,Total -3.0,2025,19,2025_19_HOU_PIT,Pittsburgh Steelers,37.29768273701479,21.019214773692866,44.48495952783821,28.634872300393184,241.1080298652582,87.72687958478815,241.3898078510766,1.9018922753789504,0.5577664846063268,2.313359354186896
v2_total_minus3,Total -3.0,2025,19,2025_19_LAC_NE,Los Angeles Chargers,37.24069023251281,20.557089420451742,44.50229172686683,29.503230186759442,198.87140440354466,63.66138441246613,219.71628248550257,1.9924154492875528,0.4661155408883724,2.549926194271684
v2_total_minus3,Total -3.0,2025,19,2025_19_LAC_NE,New England Patriots,29.48041954637812,33.187363390328635,34.20896208748035,22.523818894345,191.01585557259733,138.09538598018915,202.21799877099028,2.035921848544949,1.4651026386725334,2.730418553889721
v2_total_minus3,Total -3.0,2025,19,2025_19_LA_CAR,Carolina Panthers,35.134138219834085,18.884599293160825,41.185017579916625,26.223730387970612,186.52982111402466,59.13887259852133,189.1474433437953,1.7890299666206846,0.5261852843002013,2.391751292273642
v2_total_minus3,Total -3.0,2025,19,2025_19_LA_CAR,Los Angeles Rams,35.344453187232126,27.71137878998951,40.205413609005554,25.485878837852272,237.76481788499672,114.80976524300006,239.31630119909133,1.8565114196806447,0.8516985378947288,2.363702683820202
v2_total_minus3,Total -3.0,2025,19,2025_19_SF_PHI,Philadelphia Eagles,35.06517739350845,19.422502901213633,42.54729926962467,27.495828707955628,198.91648290128794,61.98122293301001,191.90155379414108,2.2483466953410467,0.7368531186411835,3.0135403185453526
v2_total_minus3,Total -3.0,2025,19,2025_19_SF_PHI,San Francisco 49ers,31.329359152935282,16.3769307047512,35.9032711604161,23.421918055256597,181.778731296655,51.97795646484691,161.60244505336877,1.9549899971351423,0.396664637099884,2.4460985954492847
v2_total_plus3,Total +3.0,2025,19,2025_19_BUF_JAX,Buffalo Bills,29.73278148575816,40.595102898718146,31.32414237329011,20.071680871773896,202.78403110563357,188.10002681343576,183.96368757619692,1.9826968479857845,1.7309258196701294,2.3079010928935055
v2_total_plus3,Total +3.0,2025,19,2025_19_BUF_JAX,Jacksonville Jaguars,39.536839359805725,24.351802623963895,46.6183724670712,29.56488457610538,266.15125950070836,120.99677759773986,284.68604987282345,1.970650575742963,0.7098580030902071,2.542774936442533
v2_total_plus3,Total +3.0,2025,19,2025_19_GB_CHI,Chicago Bears,34.73282870314435,19.105125681169383,36.916567337340844,22.851634617563384,206.53491119339165,70.412003107914,190.55117755020052,2.3737166016871214,0.9899356231251224,3.2039851888243205
v2_total_plus3,Total +3.0,2025,19,2025_19_GB_CHI,Green Bay Packers,28.145075211310033,37.752091422448615,28.974678956621574,18.86580368967725,160.51172324159893,118.65702854918456,131.02787427108044,1.3473262592910191,1.3577706488979262,1.263771142435762
v2_total_plus3,Total +3.0,2025,19,2025_19_HOU_PIT,Houston Texans,34.150245377831396,34.5758259433302,37.700210094919036,23.853271695518707,208.6741362024909,128.76976847068283,197.87341457994992,1.8941922232628294,1.1664799566985786,2.322258262418271
v2_total_plus3,Total +3.0,2025,19,2025_19_HOU_PIT,Pittsburgh Steelers,40.09674358020301,22.596633441829567,47.823400395683684,30.783819471477962,264.3686760611357,96.19023897199095,264.6776382848145,2.169333756100504,0.6361988419333209,2.6386607706414784
v2_total_plus3,Total +3.0,2025,19,2025_19_LAC_NE,Los Angeles Chargers,40.303260881763535,22.2476472028135,48.16203625942404,31.92949367070456,219.91531590048731,70.39782067069424,242.96592974841374,2.300299476414703,0.538143455491513,2.9439612565123947
v2_total_plus3,Total +3.0,2025,19,2025_19_LAC_NE,New England Patriots,31.14276499068606,35.05873643010896,36.137941157508976,23.79389470410503,204.82843523378656,148.0812246634554,216.8406184931997,2.249451186598338,1.6187639380193648,3.016787339036089
v2_total_plus3,Total +3.0,2025,19,2025_19_LA_CAR,Carolina Panthers,38.44556063063296,20.664488838965216,45.06674051701975,28.69533928180855,209.18638271548102,66.32208599607245,212.1219504562908,2.1073624559094055,0.6198124870321781,2.8173294865099003
v2_total_plus3,Total +3.0,2025,19,2025_19_LA_CAR,Los Angeles Rams,37.12533555266931,29.10765745209284,42.231222629507016,26.77002240486594,253.11576784489623,122.2222957293463,254.7674204898874,2.0300849324444417,0.9313276236471922,2.5846957645040054
v2_total_plus3,Total +3.0,2025,19,2025_19_SF_PHI,Philadelphia Eagles,37.02638548744656,20.50881053533524,44.92698515475136,29.03368038360583,213.18273746927574,66.42650515346998,205.66469890151868,2.48219852418725,0.8134936339773341,3.3269803748560203
v2_total_plus3,Total +3.0,2025,19,2025_19_SF_PHI,San Francisco 49ers,33.331021070996236,17.423268051340436,38.1971645740925,24.91836620123659,196.6870421480658,56.2408508467778,174.85602795615577,2.188005302131582,0.44394310478032106,2.737649146145313
v2_wind_plus10,Wind +10mph (open),2025,19,2025_19_BUF_JAX,Buffalo Bills,28.730576066910334,39.226760279200086,30.26829681634787,19.3951230009702,194.12492866267647,180.06794759684269,176.10823462055146,1.8628650624783336,1.6263107688302914,2.1684143584403888
v2_wind_plus10,Wind +10mph (open),2025,19,2025_19_BUF_JAX,Jacksonville Jaguars,38.37720325979908,23.63755156393369,45.25103131103203,28.697731106022083,256.25592225475884,116.49819313772684,274.10160072163956,1.866822523777586,0.6724575757693455,2.4088032564872073
v2_wind_plus10,Wind +10mph (open),2025,19,2025_19_GB_CHI,Chicago Bears,33.295828240274496,18.314689788899496,35.38921910996994,21.906194503732443,195.7214859454485,66.72548382763395,180.5746031181073,2.198186960597065,0.9167326786346505,2.967059529774514
v2_wind_plus10,Wind +10mph (open),2025,19,2025_19_GB_CHI,Green Bay Packers,27.40896978312799,36.76472438886819,28.216876097696172,18.372388042402385,155.18796791508024,114.72148430973496,126.6820213359454,1.2839438881471015,1.2938969415435908,1.2043194609751882
v2_wind_plus10,Wind +10mph (open),2025,19,2025_19_HOU_PIT,Houston Texans,32.77192952254916,33.180333507480626,36.17861642124576,22.89054530176838,198.0146041162597,122.19192656018438,187.76560701878498,1.7574924747302896,1.0822976256813648,2.1546659153473042
v2_wind_plus10,Wind +10mph (open),2025,19,2025_19_HOU_PIT,Pittsburgh Steelers,38.86199468812622,21.90078720555964,46.35071495089684,29.835855033660962,254.05119938182477,92.43623693908233,254.34810378312807,2.0494067619440153,0.6010279446085813,2.492788032556903
v2_wind_plus10,Wind +10mph (open),2025,19,2025_19_LAC_NE,Los Angeles Chargers,39.101310942382156,21.58416346423344,46.7257168327572,30.977271638483177,211.60238299580098,67.73674016579464,233.7816695987603,2.1770948406833663,0.5093203526369343,2.786281929131464
v2_wind_plus10,Wind +10mph (open),2025,19,2025_19_LAC_NE,New England Patriots,30.12289851165869,33.91062931460983,34.95449213432077,23.01468978696035,196.3297389855323,141.9370711573868,207.84351538711053,2.117312292840197,1.523673332230796,2.839573028248302
v2_wind_plus10,Wind +10mph (open),2025,19,2025_19_LA_CAR,Carolina Panthers,35.86640797622381,19.278194287220302,42.04340046101792,26.770288397809274,191.4917645973894,60.71204594823676,194.1790190901802,1.8574021336382671,0.5462947451877256,2.4831579326714803
v2_wind_plus10,Wind +10mph (open),2025,19,2025_19_LA_CAR,Los Angeles Rams,36.2178272645669,28.39613686940222,41.1989037566283,26.11564401761507,245.26746058544398,118.43257476882776,246.86790078502275,1.940762533506442,0.890349822072543,2.470970854515934
v2_wind_plus10,Wind +10mph (open),2025,19,2025_19_SF_PHI,Philadelphia Eagles,35.88196529870978,19.87491941918585,43.538371382348245,28.136300594925274,204.8322216740123,63.8245328404531,197.60866989517032,2.344474041880882,0.7683570389357512,3.1423832746218543
v2_wind_plus10,Wind +10mph (open),2025,19,2025_19_SF_PHI,San Francisco 49ers,31.960898342374076,16.70705790244732,36.627011555365286,23.894058550423182,186.455152351277,53.31513605816114,165.75981303110356,2.027232543386413,0.4113225450349244,2.536489027715367
v2_wind_plus20,Wind +20mph (open),2025,19,2025_19_BUF_JAX,Buffalo Bills,28.776202430186178,39.289055389832924,30.316365198376392,19.425923947173334,194.51737671889725,180.43197769080783,176.46425965472628,1.8682474164600777,1.6310096492905442,2.174679532387392
v2_wind_plus20,Wind +20mph (open),2025,19,2025_19_BUF_JAX,Jacksonville Jaguars,38.15410834528118,23.500141406401646,44.98797735960569,28.53090503939564,254.36148285910411,115.63694956270696,272.07523244788365,1.8471381190739384,0.6653669568707198,2.3834040246115333
v2_wind_plus20,Wind +20mph (open),2025,19,2025_19_GB_CHI,Chicago Bears,33.27723459035024,18.304462173357134,35.369456431400266,21.893961256106476,195.58238963682243,66.67806303248271,180.44627147069505,2.1959555600500935,0.9158020945500389,2.964047639350126
v2_wind_plus20,Wind +20mph (open),2025,19,2025_19_GB_CHI,Green Bay Packers,27.22610823078819,36.51944502863365,28.02862452143369,18.249814905790338,153.87144882572213,113.74825793089671,125.6073291313377,1.2684119508790634,1.2782446016610716,1.1897507446229973
v2_wind_plus20,Wind +20mph (open),2025,19,2025_19_HOU_PIT,Houston Texans,32.426626168245754,32.83072698067678,35.797418310963096,22.649357730890195,195.36302060762398,120.55567301817199,185.25126627466656,1.7239687449269867,1.0616530689098393,2.1135662014076617
v2_wind_plus20,Wind +20mph (open),2025,19,2025_19_HOU_PIT,Pittsburgh Steelers,38.09124884383462,21.46643120142594,45.43144610700337,29.244123665710703,247.65590032271032,90.10931472591018,247.94533066979568,1.9761058661686448,0.579531047289843,2.4036287699070535
v2_wind_plus20,Wind +20mph (open),2025,19,2025_19_LAC_NE,Los Angeles Chargers,38.49021910842486,21.246837023817456,45.99546755711593,30.4931457286269,207.40246321735225,66.39228992510144,229.14153159990758,2.1156278983660024,0.49494047163608307,2.707615521303278
v2_wind_plus20,Wind +20mph (open),2025,19,2025_19_LAC_NE,New England Patriots,29.982779596559457,33.75289148642386,34.79189870016602,22.90763523631523,195.16816848826204,141.0973108888851,206.6138244764513,2.0994394025495926,1.510811532675875,2.8156033108959493
v2_wind_plus20,Wind +20mph (open),2025,19,2025_19_LA_CAR,Carolina Panthers,35.61584248612882,19.143515336294243,41.749682025406564,26.583269100063372,189.79076506680812,60.1727477602666,192.45414898406582,1.833876944181351,0.5393755718180444,2.4517071446274743
v2_wind_plus20,Wind +20mph (open),2025,19,2025_19_LA_CAR,Los Angeles Rams,35.89052841739369,28.139522280303975,40.826591149197625,25.87963813803229,242.44998168243427,117.07209555954412,244.03203702783352,1.9089921561246765,0.8757747520365784,2.430520941045336
v2_wind_plus20,Wind +20mph (open),2025,19,2025_19_SF_PHI,Philadelphia Eagles,35.62794011839978,19.734215587969363,43.23014292973328,27.937110590353832,202.98842092304662,63.2500152151522,195.8298920692387,2.3143839760232487,0.7584955887807285,3.102052472064775
v2_wind_plus20,Wind +20mph (open),2025,19,2025_19_SF_PHI,San Francisco 49ers,32.02669892041295,16.741454121712923,36.702418651447566,23.943251249810732,186.9438523272639,53.45487532190791,166.19427040933292,2.0348273581699594,0.41286352194752807,2.545991718676423
