scenario_id,scenario_label,season,week,game_id,home_team,away_team,pred_margin,pred_total,spread_ref,total_ref,home_points_mean,away_points_mean,total_points_mean,prob_home_win_mc,prob_home_cover_mc,prob_over_total_mc,scenario_wind_open_add_mph,scenario_wx_precip_add_pct,scenario_wx_temp_add_f,scenario_home_inj_starters_add,scenario_away_inj_starters_add,scenario_neutral_site_flag,scenario_sim_market_blend_margin,scenario_sim_market_blend_total
v2_baseline,Baseline,2025,5,2025_05_DAL_NYJ,New York Jets,Dallas Cowboys,-1.7482465615050624,46.399109275696375,1.5,46.5,22.734225059684842,24.322112765805244,47.05633782549009,0.4345,0.503,0.5225,0.0,0.0,0.0,0,0,,,
v2_baseline,Baseline,2025,5,2025_05_DEN_PHI,Philadelphia Eagles,Denver Broncos,5.001922565142087,42.68448553718515,-5.5,43.5,23.833510952576667,19.001332748315317,42.83484370089199,0.699,0.486,0.4925,0.0,0.0,0.0,0,0,,,
v2_baseline,Baseline,2025,5,2025_05_DET_CIN,Cincinnati Bengals,Detroit Lions,-11.052005846596515,48.08850859783918,7.5,49.5,18.340467762956134,29.60959445330276,47.950062216258885,0.098,0.333,0.461,0.0,0.0,0.0,0,0,,,
v2_baseline,Baseline,2025,5,2025_05_HOU_BAL,Baltimore Ravens,Houston Texans,7.785137854638451,44.588208047051445,-9.5,45.5,26.021692004092607,18.210336513733733,44.232028517826336,0.81,0.4225,0.4675,0.0,0.0,0.0,0,0,,,
v2_baseline,Baseline,2025,5,2025_05_KC_JAX,Jacksonville Jaguars,Kansas City Chiefs,-4.334401637435929,43.77741479912841,3.5,44.5,19.987050214939792,24.044346148751366,44.03139636369116,0.323,0.469,0.4845,0.0,0.0,0.0,0,0,,,
v2_baseline,Baseline,2025,5,2025_05_LV_IND,Indianapolis Colts,Las Vegas Raiders,6.721428533324418,47.40772571972125,-6.0,48.5,27.035835714638736,20.36818494019164,47.404020654830376,0.775,0.544,0.461,0.0,0.0,0.0,0,0,,,
v2_baseline,Baseline,2025,5,2025_05_MIA_CAR,Carolina Panthers,Miami Dolphins,0.520963245835899,43.615891637065126,-1.5,44.5,22.33110288063271,21.602060727182927,43.93316360781563,0.543,0.475,0.484,0.0,0.0,0.0,0,0,,,
v2_baseline,Baseline,2025,5,2025_05_MIN_CLE,Cleveland Browns,Minnesota Vikings,-6.446185570531613,37.60596414125209,4.5,38.5,15.613274074402234,21.942172397654396,37.55544647205662,0.236,0.4095,0.482,0.0,0.0,0.0,0,0,,,
v2_baseline,Baseline,2025,5,2025_05_NE_BUF,Buffalo Bills,New England Patriots,10.011677197457107,47.763454449656734,-10.0,49.5,28.812560629550703,18.817974362662035,47.630534992212745,0.8685,0.499,0.446,0.0,0.0,0.0,0,0,,,
v2_baseline,Baseline,2025,5,2025_05_NYG_NO,New Orleans Saints,New York Giants,-3.530917619259342,42.51961406048299,2.5,43.5,19.529586552283604,23.00608375448504,42.535670306768644,0.3435,0.451,0.467,0.0,0.0,0.0,0,0,,,
v2_baseline,Baseline,2025,5,2025_05_SF_LA,Los Angeles Rams,San Francisco 49ers,9.051344608972306,41.7887084502106,-8.5,43.5,25.545057087029516,16.043345629445753,41.588402716475265,0.878,0.551,0.4335,0.0,0.0,0.0,0,0,,,
v2_baseline,Baseline,2025,5,2025_05_TB_SEA,Seattle Seahawks,Tampa Bay Buccaneers,3.620144593513397,43.29455285457358,-2.5,44.5,23.40408911492058,19.787164243304577,43.191253358225154,0.6485,0.5455,0.4715,0.0,0.0,0.0,0,0,,,
v2_baseline,Baseline,2025,5,2025_05_TEN_ARI,Arizona Cardinals,Tennessee Titans,9.435838495518983,41.67629939080572,-7.5,41.5,25.66352457029896,16.326967995971984,41.990492566270945,0.87,0.588,0.516,0.0,0.0,0.0,0,0,,,
v2_baseline,Baseline,2025,5,2025_05_WAS_LAC,Los Angeles Chargers,Washington Commanders,2.546723352874582,46.741845578845385,-2.5,48.5,24.469560786970476,22.066542364860886,46.536103151831355,0.62,0.5055,0.4375,0.0,0.0,0.0,0,0,,,
v2_blend_10_20,Market blend m=0.10 t=0.20,2025,5,2025_05_DAL_NYJ,New York Jets,Dallas Cowboys,-1.7482465615050624,46.56307913045008,1.5,46.5,22.383693847210335,24.078392307634857,46.462086154845196,0.438,0.504,0.5,0.0,0.0,0.0,0,0,,0.1,0.2
v2_blend_10_20,Market blend m=0.10 t=0.20,2025,5,2025_05_DEN_PHI,Philadelphia Eagles,Denver Broncos,5.001922565142087,42.773056658377364,-5.5,43.5,23.885711198711956,18.818961536323656,42.70467273503561,0.7125,0.4945,0.4775,0.0,0.0,0.0,0,0,,0.1,0.2
v2_blend_10_20,Market blend m=0.10 t=0.20,2025,5,2025_05_DET_CIN,Cincinnati Bengals,Detroit Lions,-11.052005846596515,48.327877186154375,7.5,49.5,18.61366861305132,29.723566441903476,48.33723505495479,0.1105,0.345,0.464,0.0,0.0,0.0,0,0,,0.1,0.2
v2_blend_10_20,Market blend m=0.10 t=0.20,2025,5,2025_05_HOU_BAL,Baltimore Ravens,Houston Texans,7.785137854638451,44.72704499061798,-9.5,45.5,25.991951743211846,18.473744154481764,44.46569589769361,0.802,0.4215,0.468,0.0,0.0,0.0,0,0,,0.1,0.2
v2_blend_10_20,Market blend m=0.10 t=0.20,2025,5,2025_05_KC_JAX,Jacksonville Jaguars,Kansas City Chiefs,-4.334401637435929,43.89111883150778,3.5,44.5,19.99014493789483,23.771427722206738,43.76157266010157,0.3355,0.4825,0.476,0.0,0.0,0.0,0,0,,0.1,0.2
v2_blend_10_20,Market blend m=0.10 t=0.20,2025,5,2025_05_LV_IND,Indianapolis Colts,Las Vegas Raiders,6.721428533324418,47.62196139684929,-6.0,48.5,27.482004710380775,20.715511913117606,48.19751662349839,0.787,0.5395,0.496,0.0,0.0,0.0,0,0,,0.1,0.2
v2_blend_10_20,Market blend m=0.10 t=0.20,2025,5,2025_05_MIA_CAR,Carolina Panthers,Miami Dolphins,0.520963245835899,43.7295956694445,-1.5,44.5,22.361868073260688,21.768522739997053,44.13039081325774,0.5235,0.455,0.489,0.0,0.0,0.0,0,0,,0.1,0.2
v2_blend_10_20,Market blend m=0.10 t=0.20,2025,5,2025_05_MIN_CLE,Cleveland Browns,Minnesota Vikings,-6.446185570531613,37.56887070650848,4.5,38.5,15.359421770483241,21.977982857999578,37.337404628482815,0.2235,0.4005,0.4595,0.0,0.0,0.0,0,0,,0.1,0.2
v2_blend_10_20,Market blend m=0.10 t=0.20,2025,5,2025_05_NE_BUF,Buffalo Bills,New England Patriots,10.011677197457107,48.00282303797193,-10.0,49.5,29.37086218286955,18.936957353037386,48.30781953590694,0.8795,0.5165,0.4705,0.0,0.0,0.0,0,0,,0.1,0.2
v2_blend_10_20,Market blend m=0.10 t=0.20,2025,5,2025_05_NYG_NO,New Orleans Saints,New York Giants,-3.530917619259342,42.60818518167521,2.5,43.5,19.704883346536278,23.419535048589943,43.12441839512623,0.3215,0.4405,0.4705,0.0,0.0,0.0,0,0,,0.1,0.2
v2_blend_10_20,Market blend m=0.10 t=0.20,2025,5,2025_05_SF_LA,Los Angeles Rams,San Francisco 49ers,9.051344608972306,41.877279571402816,-8.5,43.5,25.479811896931466,16.312764010219663,41.792575907151125,0.862,0.5305,0.4535,0.0,0.0,0.0,0,0,,0.1,0.2
v2_blend_10_20,Market blend m=0.10 t=0.20,2025,5,2025_05_TB_SEA,Seattle Seahawks,Tampa Bay Buccaneers,3.620144593513397,43.408256886952955,-2.5,44.5,23.530721494758073,20.115309888895723,43.6460313836538,0.6475,0.531,0.4745,0.0,0.0,0.0,0,0,,0.1,0.2
v2_blend_10_20,Market blend m=0.10 t=0.20,2025,5,2025_05_TEN_ARI,Arizona Cardinals,Tennessee Titans,9.435838495518983,41.7146046896236,-7.5,41.5,25.26488706352716,16.016692706051842,41.281579769579,0.8735,0.5835,0.4935,0.0,0.0,0.0,0,0,,0.1,0.2
v2_blend_10_20,Market blend m=0.10 t=0.20,2025,5,2025_05_WAS_LAC,Los Angeles Chargers,Washington Commanders,2.546723352874582,46.95608125597342,-2.5,48.5,24.675326093799836,22.208721676260947,46.88404777006078,0.625,0.5015,0.442,0.0,0.0,0.0,0,0,,0.1,0.2
v2_cold_minus15,Temp -15F,2025,5,2025_05_DAL_NYJ,New York Jets,Dallas Cowboys,-1.7482465615050624,46.399109275696375,1.5,46.5,22.285193888830857,24.37278914054046,46.657983029371316,0.41,0.4685,0.5055,0.0,0.0,-15.0,0,0,,,
v2_cold_minus15,Temp -15F,2025,5,2025_05_DEN_PHI,Philadelphia Eagles,Denver Broncos,5.001922565142087,42.68448553718515,-5.5,43.5,23.88522854544842,18.875389939540497,42.76061848498892,0.7105,0.479,0.4825,0.0,0.0,-15.0,0,0,,,
v2_cold_minus15,Temp -15F,2025,5,2025_05_DET_CIN,Cincinnati Bengals,Detroit Lions,-11.052005846596515,48.08850859783918,7.5,49.5,18.849111047181193,29.787282277447535,48.63639332462872,0.1105,0.343,0.471,0.0,0.0,-15.0,0,0,,,
v2_cold_minus15,Temp -15F,2025,5,2025_05_HOU_BAL,Baltimore Ravens,Houston Texans,7.785137854638451,44.588208047051445,-9.5,45.5,26.12204945981208,18.36465150080849,44.48670096062057,0.804,0.4285,0.475,0.0,0.0,-15.0,0,0,,,
v2_cold_minus15,Temp -15F,2025,5,2025_05_KC_JAX,Jacksonville Jaguars,Kansas City Chiefs,-4.334401637435929,43.77741479912841,3.5,44.5,19.976152538445987,24.060093518232375,44.03624605667836,0.319,0.473,0.4815,0.0,0.0,-15.0,0,0,,,
v2_cold_minus15,Temp -15F,2025,5,2025_05_LV_IND,Indianapolis Colts,Las Vegas Raiders,6.721428533324418,47.40772571972125,-6.0,48.5,27.2481900852044,20.487213054021648,47.73540313922605,0.7995,0.5325,0.461,0.0,0.0,-15.0,0,0,,,
v2_cold_minus15,Temp -15F,2025,5,2025_05_MIA_CAR,Carolina Panthers,Miami Dolphins,0.520963245835899,43.615891637065126,-1.5,44.5,22.17255050872806,21.476412644478266,43.64896315320634,0.521,0.451,0.468,0.0,0.0,-15.0,0,0,,,
v2_cold_minus15,Temp -15F,2025,5,2025_05_MIN_CLE,Cleveland Browns,Minnesota Vikings,-6.446185570531613,37.60596414125209,4.5,38.5,15.526588738563985,21.82366812480233,37.35025686336632,0.237,0.4065,0.4705,0.0,0.0,-15.0,0,0,,,
v2_cold_minus15,Temp -15F,2025,5,2025_05_NE_BUF,Buffalo Bills,New England Patriots,10.011677197457107,47.763454449656734,-10.0,49.5,29.045105919691327,18.80170296122155,47.84680888091288,0.8685,0.516,0.4525,0.0,0.0,-15.0,0,0,,,
v2_cold_minus15,Temp -15F,2025,5,2025_05_NYG_NO,New Orleans Saints,New York Giants,-3.530917619259342,42.51961406048299,2.5,43.5,19.56650051757639,22.9451910532878,42.51169157086419,0.352,0.461,0.457,0.0,0.0,-15.0,0,0,,,
v2_cold_minus15,Temp -15F,2025,5,2025_05_SF_LA,Los Angeles Rams,San Francisco 49ers,9.051344608972306,41.7887084502106,-8.5,43.5,25.239348849010334,16.196649450505877,41.435998299516214,0.861,0.5255,0.438,0.0,0.0,-15.0,0,0,,,
v2_cold_minus15,Temp -15F,2025,5,2025_05_TB_SEA,Seattle Seahawks,Tampa Bay Buccaneers,3.620144593513397,43.29455285457358,-2.5,44.5,23.44941668661301,20.08473763331034,43.53415431992334,0.641,0.5465,0.4745,0.0,0.0,-15.0,0,0,,,
v2_cold_minus15,Temp -15F,2025,5,2025_05_TEN_ARI,Arizona Cardinals,Tennessee Titans,9.435838495518983,41.67629939080572,-7.5,41.5,25.295568606852882,16.11162400873008,41.40719261558296,0.869,0.5825,0.4955,0.0,0.0,-15.0,0,0,,,
v2_cold_minus15,Temp -15F,2025,5,2025_05_WAS_LAC,Los Angeles Chargers,Washington Commanders,2.546723352874582,46.741845578845385,-2.5,48.5,24.68407348860496,21.93733856445014,46.621412053055096,0.6275,0.5215,0.4335,0.0,0.0,-15.0,0,0,,,
v2_elo_minus100,Home Elo -100 (diff),2025,5,2025_05_DAL_NYJ,New York Jets,Dallas Cowboys,-1.8282465615050625,46.399109275696375,1.5,46.5,22.489547331346614,24.198183664316435,46.687730995663046,0.4185,0.484,0.5,0.0,0.0,0.0,0,0,,,
v2_elo_minus100,Home Elo -100 (diff),2025,5,2025_05_DEN_PHI,Philadelphia Eagles,Denver Broncos,4.921922565142087,42.68448553718515,-5.5,43.5,23.829885002654432,18.965164252766616,42.79504925542104,0.7095,0.4795,0.4815,0.0,0.0,0.0,0,0,,,
v2_elo_minus100,Home Elo -100 (diff),2025,5,2025_05_DET_CIN,Cincinnati Bengals,Detroit Lions,-11.132005846596515,48.08850859783918,7.5,49.5,18.61493207891924,29.807311537754693,48.42224361667394,0.1075,0.338,0.4775,0.0,0.0,0.0,0,0,,,
v2_elo_minus100,Home Elo -100 (diff),2025,5,2025_05_HOU_BAL,Baltimore Ravens,Houston Texans,7.705137854638451,44.588208047051445,-9.5,45.5,26.060124034169117,18.645415583225596,44.70553961739471,0.79,0.4075,0.4755,0.0,0.0,0.0,0,0,,,
v2_elo_minus100,Home Elo -100 (diff),2025,5,2025_05_KC_JAX,Jacksonville Jaguars,Kansas City Chiefs,-4.414401637435929,43.77741479912841,3.5,44.5,19.81097733910274,24.34362461073453,44.15460194983727,0.3015,0.4435,0.492,0.0,0.0,0.0,0,0,,,
v2_elo_minus100,Home Elo -100 (diff),2025,5,2025_05_LV_IND,Indianapolis Colts,Las Vegas Raiders,6.641428533324418,47.40772571972125,-6.0,48.5,27.01696529274065,20.388729072065782,47.405694364806436,0.799,0.5455,0.453,0.0,0.0,0.0,0,0,,,
v2_elo_minus100,Home Elo -100 (diff),2025,5,2025_05_MIA_CAR,Carolina Panthers,Miami Dolphins,0.4409632458358992,43.615891637065126,-1.5,44.5,21.713755339886184,21.67440897051271,43.3881643103989,0.496,0.424,0.464,0.0,0.0,0.0,0,0,,,
v2_elo_minus100,Home Elo -100 (diff),2025,5,2025_05_MIN_CLE,Cleveland Browns,Minnesota Vikings,-6.526185570531613,37.60596414125209,4.5,38.5,15.419773053562235,21.860889529247117,37.280662582809356,0.2385,0.4105,0.4545,0.0,0.0,0.0,0,0,,,
v2_elo_minus100,Home Elo -100 (diff),2025,5,2025_05_NE_BUF,Buffalo Bills,New England Patriots,9.931677197457107,47.763454449656734,-10.0,49.5,28.998758989026243,18.95930184480687,47.95806083383311,0.8725,0.4975,0.457,0.0,0.0,0.0,0,0,,,
v2_elo_minus100,Home Elo -100 (diff),2025,5,2025_05_NYG_NO,New Orleans Saints,New York Giants,-3.610917619259342,42.51961406048299,2.5,43.5,19.6121508483929,23.17459999937172,42.786750847764615,0.328,0.4435,0.486,0.0,0.0,0.0,0,0,,,
v2_elo_minus100,Home Elo -100 (diff),2025,5,2025_05_SF_LA,Los Angeles Rams,San Francisco 49ers,8.971344608972306,41.7887084502106,-8.5,43.5,25.579144625787055,16.445400779233527,42.02454540502058,0.865,0.531,0.45,0.0,0.0,0.0,0,0,,,
v2_elo_minus100,Home Elo -100 (diff),2025,5,2025_05_TB_SEA,Seattle Seahawks,Tampa Bay Buccaneers,3.5401445935133973,43.29455285457358,-2.5,44.5,23.478700061130603,19.902237363212503,43.38093742434311,0.663,0.5645,0.466,0.0,0.0,0.0,0,0,,,
v2_elo_minus100,Home Elo -100 (diff),2025,5,2025_05_TEN_ARI,Arizona Cardinals,Tennessee Titans,9.355838495518983,41.67629939080572,-7.5,41.5,25.270498980474194,15.966133687993823,41.23663266846802,0.874,0.578,0.5025,0.0,0.0,0.0,0,0,,,
v2_elo_minus100,Home Elo -100 (diff),2025,5,2025_05_WAS_LAC,Los Angeles Chargers,Washington Commanders,2.466723352874582,46.741845578845385,-2.5,48.5,24.39009854219204,21.90966914403968,46.29976768623172,0.612,0.4945,0.424,0.0,0.0,0.0,0,0,,,
v2_elo_plus100,Home Elo +100 (diff),2025,5,2025_05_DAL_NYJ,New York Jets,Dallas Cowboys,-1.6682465615050623,46.399109275696375,1.5,46.5,22.137775016883314,23.887139018536356,46.02491403541967,0.4135,0.486,0.5,0.0,0.0,0.0,0,0,,,
v2_elo_plus100,Home Elo +100 (diff),2025,5,2025_05_DEN_PHI,Philadelphia Eagles,Denver Broncos,5.081922565142087,42.68448553718515,-5.5,43.5,24.161241727235122,19.08974028835244,43.25098201558757,0.7175,0.48,0.4905,0.0,0.0,0.0,0,0,,,
v2_elo_plus100,Home Elo +100 (diff),2025,5,2025_05_DET_CIN,Cincinnati Bengals,Detroit Lions,-10.972005846596515,48.08850859783918,7.5,49.5,18.498683046739192,29.220084586505582,47.718767633244774,0.116,0.3565,0.4465,0.0,0.0,0.0,0,0,,,
v2_elo_plus100,Home Elo +100 (diff),2025,5,2025_05_HOU_BAL,Baltimore Ravens,Houston Texans,7.865137854638451,44.588208047051445,-9.5,45.5,26.300782545927333,18.17066230227902,44.47144484820635,0.81,0.444,0.4795,0.0,0.0,0.0,0,0,,,
v2_elo_plus100,Home Elo +100 (diff),2025,5,2025_05_KC_JAX,Jacksonville Jaguars,Kansas City Chiefs,-4.254401637435929,43.77741479912841,3.5,44.5,19.74861513261528,23.87605639323571,43.62467152585099,0.3225,0.456,0.4625,0.0,0.0,0.0,0,0,,,
v2_elo_plus100,Home Elo +100 (diff),2025,5,2025_05_LV_IND,Indianapolis Colts,Las Vegas Raiders,6.801428533324418,47.40772571972125,-6.0,48.5,27.109779009033694,20.410318468244217,47.5200974772779,0.8,0.5405,0.4625,0.0,0.0,0.0,0,0,,,
v2_elo_plus100,Home Elo +100 (diff),2025,5,2025_05_MIA_CAR,Carolina Panthers,Miami Dolphins,0.6009632458358991,43.615891637065126,-1.5,44.5,22.18980892546245,21.425306549482563,43.61511547494502,0.5395,0.473,0.479,0.0,0.0,0.0,0,0,,,
v2_elo_plus100,Home Elo +100 (diff),2025,5,2025_05_MIN_CLE,Cleveland Browns,Minnesota Vikings,-6.366185570531613,37.60596414125209,4.5,38.5,15.861113714563645,21.887880160362506,37.74899387492615,0.246,0.4275,0.4755,0.0,0.0,0.0,0,0,,,
v2_elo_plus100,Home Elo +100 (diff),2025,5,2025_05_NE_BUF,Buffalo Bills,New England Patriots,10.091677197457107,47.763454449656734,-10.0,49.5,29.098636843035152,18.759603099427984,47.85823994246313,0.877,0.5135,0.448,0.0,0.0,0.0,0,0,,,
v2_elo_plus100,Home Elo +100 (diff),2025,5,2025_05_NYG_NO,New Orleans Saints,New York Giants,-3.450917619259342,42.51961406048299,2.5,43.5,19.76416703679106,22.985521399518,42.749688436309064,0.348,0.4615,0.4805,0.0,0.0,0.0,0,0,,,
v2_elo_plus100,Home Elo +100 (diff),2025,5,2025_05_SF_LA,Los Angeles Rams,San Francisco 49ers,9.131344608972306,41.7887084502106,-8.5,43.5,25.486861203857814,16.347939628453787,41.8348008323116,0.866,0.5435,0.45,0.0,0.0,0.0,0,0,,,
v2_elo_plus100,Home Elo +100 (diff),2025,5,2025_05_TB_SEA,Seattle Seahawks,Tampa Bay Buccaneers,3.700144593513397,43.29455285457358,-2.5,44.5,23.570461512792768,19.704332746060135,43.2747942588529,0.651,0.538,0.465,0.0,0.0,0.0,0,0,,,
v2_elo_plus100,Home Elo +100 (diff),2025,5,2025_05_TEN_ARI,Arizona Cardinals,Tennessee Titans,9.515838495518983,41.67629939080572,-7.5,41.5,25.784403758857568,16.276659874346663,42.06106363320423,0.8735,0.6035,0.515,0.0,0.0,0.0,0,0,,,
v2_elo_plus100,Home Elo +100 (diff),2025,5,2025_05_WAS_LAC,Los Angeles Chargers,Washington Commanders,2.626723352874582,46.741845578845385,-2.5,48.5,24.485326288228432,22.091242898091327,46.57656918631976,0.614,0.5035,0.4325,0.0,0.0,0.0,0,0,,,
v2_inj_away_plus1,Away starters out +1,2025,5,2025_05_DAL_NYJ,New York Jets,Dallas Cowboys,-1.7482465615050624,45.99910927569637,1.5,46.5,22.28601883458083,23.799666795195364,46.0856856297762,0.4215,0.4915,0.484,0.0,0.0,0.0,0,1,,,
v2_inj_away_plus1,Away starters out +1,2025,5,2025_05_DEN_PHI,Philadelphia Eagles,Denver Broncos,5.001922565142087,42.28448553718515,-5.5,43.5,23.263135971711833,18.567210751857594,41.83034672356943,0.6945,0.455,0.447,0.0,0.0,0.0,0,1,,,
v2_inj_away_plus1,Away starters out +1,2025,5,2025_05_DET_CIN,Cincinnati Bengals,Detroit Lions,-11.052005846596515,47.68850859783918,7.5,49.5,18.22528129883952,29.22069946232567,47.44598076116518,0.114,0.352,0.4495,0.0,0.0,0.0,0,1,,,
v2_inj_away_plus1,Away starters out +1,2025,5,2025_05_HOU_BAL,Baltimore Ravens,Houston Texans,7.785137854638451,44.18820804705145,-9.5,45.5,26.196939355839486,18.14738320083996,44.34432255667945,0.8075,0.427,0.46,0.0,0.0,0.0,0,1,,,
v2_inj_away_plus1,Away starters out +1,2025,5,2025_05_KC_JAX,Jacksonville Jaguars,Kansas City Chiefs,-4.334401637435929,43.37741479912841,3.5,44.5,19.872335343171553,23.77257253705694,43.644907880228494,0.335,0.4795,0.475,0.0,0.0,0.0,0,1,,,
v2_inj_away_plus1,Away starters out +1,2025,5,2025_05_LV_IND,Indianapolis Colts,Las Vegas Raiders,6.721428533324418,47.00772571972125,-6.0,48.5,26.78989112348631,20.040587472993074,46.830478596479395,0.785,0.538,0.4515,0.0,0.0,0.0,0,1,,,
v2_inj_away_plus1,Away starters out +1,2025,5,2025_05_MIA_CAR,Carolina Panthers,Miami Dolphins,0.520963245835899,43.21589163706513,-1.5,44.5,22.17088786839482,21.257176686518157,43.42806455491298,0.5385,0.469,0.4715,0.0,0.0,0.0,0,1,,,
v2_inj_away_plus1,Away starters out +1,2025,5,2025_05_MIN_CLE,Cleveland Browns,Minnesota Vikings,-6.446185570531613,37.20596414125208,4.5,38.5,15.681692213548342,21.55914116753485,37.24083338108319,0.2515,0.451,0.4665,0.0,0.0,0.0,0,1,,,
v2_inj_away_plus1,Away starters out +1,2025,5,2025_05_NE_BUF,Buffalo Bills,New England Patriots,10.011677197457107,47.363454449656736,-10.0,49.5,28.901667648490882,18.726207737050682,47.627875385541564,0.863,0.5105,0.4475,0.0,0.0,0.0,0,1,,,
v2_inj_away_plus1,Away starters out +1,2025,5,2025_05_NYG_NO,New Orleans Saints,New York Giants,-3.530917619259342,42.11961406048299,2.5,43.5,19.049924062602024,22.863118340186666,41.91304240278869,0.3095,0.432,0.443,0.0,0.0,0.0,0,1,,,
v2_inj_away_plus1,Away starters out +1,2025,5,2025_05_SF_LA,Los Angeles Rams,San Francisco 49ers,9.051344608972306,41.3887084502106,-8.5,43.5,25.01716444264198,16.06911398133413,41.08627842397611,0.8635,0.5205,0.4295,0.0,0.0,0.0,0,1,,,
v2_inj_away_plus1,Away starters out +1,2025,5,2025_05_TB_SEA,Seattle Seahawks,Tampa Bay Buccaneers,3.620144593513397,42.894552854573575,-2.5,44.5,23.031262021718977,19.42095595531351,42.45221797703249,0.6715,0.553,0.4265,0.0,0.0,0.0,0,1,,,
v2_inj_away_plus1,Away starters out +1,2025,5,2025_05_TEN_ARI,Arizona Cardinals,Tennessee Titans,9.435838495518983,41.27629939080572,-7.5,41.5,25.36436996366895,15.758110298614772,41.12248026228372,0.8765,0.594,0.4945,0.0,0.0,0.0,0,1,,,
v2_inj_away_plus1,Away starters out +1,2025,5,2025_05_WAS_LAC,Los Angeles Chargers,Washington Commanders,2.546723352874582,46.34184557884538,-2.5,48.5,24.568387731299303,22.137771446996226,46.70615917829552,0.6215,0.5,0.4315,0.0,0.0,0.0,0,1,,,
v2_inj_away_plus2,Away starters out +2,2025,5,2025_05_DAL_NYJ,New York Jets,Dallas Cowboys,-1.7482465615050624,45.599109275696364,1.5,46.5,21.858303561872976,23.782741284399265,45.641044846272244,0.412,0.475,0.4885,0.0,0.0,0.0,0,2,,,
v2_inj_away_plus2,Away starters out +2,2025,5,2025_05_DEN_PHI,Philadelphia Eagles,Denver Broncos,5.001922565142087,41.88448553718515,-5.5,43.5,23.355974073734455,18.45559684621497,41.81157091994943,0.6945,0.474,0.4535,0.0,0.0,0.0,0,2,,,
v2_inj_away_plus2,Away starters out +2,2025,5,2025_05_DET_CIN,Cincinnati Bengals,Detroit Lions,-11.052005846596515,47.288508597839176,7.5,49.5,18.288924606168287,29.402234137254734,47.69115874342302,0.099,0.351,0.4335,0.0,0.0,0.0,0,2,,,
v2_inj_away_plus2,Away starters out +2,2025,5,2025_05_HOU_BAL,Baltimore Ravens,Houston Texans,7.785137854638451,43.78820804705144,-9.5,45.5,25.84057812445934,18.153832715294506,43.99441083975385,0.79,0.4255,0.452,0.0,0.0,0.0,0,2,,,
v2_inj_away_plus2,Away starters out +2,2025,5,2025_05_KC_JAX,Jacksonville Jaguars,Kansas City Chiefs,-4.334401637435929,42.97741479912841,3.5,44.5,19.425144227094517,23.52929713891232,42.95444136600684,0.3155,0.46,0.443,0.0,0.0,0.0,0,2,,,
v2_inj_away_plus2,Away starters out +2,2025,5,2025_05_LV_IND,Indianapolis Colts,Las Vegas Raiders,6.721428533324418,46.607725719721245,-6.0,48.5,27.04559298288045,20.172203449621325,47.21779643250177,0.785,0.54,0.4525,0.0,0.0,0.0,0,2,,,
v2_inj_away_plus2,Away starters out +2,2025,5,2025_05_MIA_CAR,Carolina Panthers,Miami Dolphins,0.520963245835899,42.81589163706513,-1.5,44.5,21.451473175517087,21.20119231204651,42.65266548756359,0.5035,0.4395,0.4375,0.0,0.0,0.0,0,2,,,
v2_inj_away_plus2,Away starters out +2,2025,5,2025_05_MIN_CLE,Cleveland Browns,Minnesota Vikings,-6.446185570531613,36.80596414125208,4.5,38.5,15.100715697230642,21.660843805369907,36.76155950260055,0.233,0.4055,0.446,0.0,0.0,0.0,0,2,,,
v2_inj_away_plus2,Away starters out +2,2025,5,2025_05_NE_BUF,Buffalo Bills,New England Patriots,10.011677197457107,46.96345444965674,-10.0,49.5,28.478160473884095,18.67445970921848,47.15262018310257,0.86,0.487,0.427,0.0,0.0,0.0,0,2,,,
v2_inj_away_plus2,Away starters out +2,2025,5,2025_05_NYG_NO,New Orleans Saints,New York Giants,-3.530917619259342,41.71961406048298,2.5,43.5,19.119066924026956,23.150659473427524,42.26972639745448,0.317,0.434,0.462,0.0,0.0,0.0,0,2,,,
v2_inj_away_plus2,Away starters out +2,2025,5,2025_05_SF_LA,Los Angeles Rams,San Francisco 49ers,9.051344608972306,40.9887084502106,-8.5,43.5,25.199491154201098,16.266555113691336,41.46604626789243,0.865,0.512,0.4425,0.0,0.0,0.0,0,2,,,
v2_inj_away_plus2,Away starters out +2,2025,5,2025_05_TB_SEA,Seattle Seahawks,Tampa Bay Buccaneers,3.620144593513397,42.49455285457358,-2.5,44.5,22.949189474619327,19.561120477341188,42.510309951960515,0.643,0.5315,0.4465,0.0,0.0,0.0,0,2,,,
v2_inj_away_plus2,Away starters out +2,2025,5,2025_05_TEN_ARI,Arizona Cardinals,Tennessee Titans,9.435838495518983,40.87629939080571,-7.5,41.5,24.92831940191577,15.650647766770799,40.57896716868656,0.8595,0.589,0.4585,0.0,0.0,0.0,0,2,,,
v2_inj_away_plus2,Away starters out +2,2025,5,2025_05_WAS_LAC,Los Angeles Chargers,Washington Commanders,2.546723352874582,45.94184557884538,-2.5,48.5,24.426089697809353,21.847141359231372,46.273231057040725,0.617,0.5085,0.4235,0.0,0.0,0.0,0,2,,,
v2_inj_home_plus1,Home starters out +1,2025,5,2025_05_DAL_NYJ,New York Jets,Dallas Cowboys,-1.7482465615050624,45.99910927569637,1.5,46.5,22.480332631783064,23.87384257551212,46.35417520729519,0.439,0.4965,0.483,0.0,0.0,0.0,1,0,,,
v2_inj_home_plus1,Home starters out +1,2025,5,2025_05_DEN_PHI,Philadelphia Eagles,Denver Broncos,5.001922565142087,42.28448553718515,-5.5,43.5,23.67236732877854,18.433433877389767,42.1058012061683,0.702,0.48,0.4555,0.0,0.0,0.0,1,0,,,
v2_inj_home_plus1,Home starters out +1,2025,5,2025_05_DET_CIN,Cincinnati Bengals,Detroit Lions,-11.052005846596515,47.68850859783918,7.5,49.5,18.017437070230592,29.475505423485096,47.49294249371569,0.098,0.3215,0.4455,0.0,0.0,0.0,1,0,,,
v2_inj_home_plus1,Home starters out +1,2025,5,2025_05_HOU_BAL,Baltimore Ravens,Houston Texans,7.785137854638451,44.18820804705145,-9.5,45.5,25.884676965941928,18.072324975419438,43.95700194136136,0.8105,0.415,0.457,0.0,0.0,0.0,1,0,,,
v2_inj_home_plus1,Home starters out +1,2025,5,2025_05_KC_JAX,Jacksonville Jaguars,Kansas City Chiefs,-4.334401637435929,43.37741479912841,3.5,44.5,19.580604309951386,23.904667233567665,43.485271543519055,0.3205,0.448,0.4905,0.0,0.0,0.0,1,0,,,
v2_inj_home_plus1,Home starters out +1,2025,5,2025_05_LV_IND,Indianapolis Colts,Las Vegas Raiders,6.721428533324418,47.00772571972125,-6.0,48.5,26.9423726611905,20.322273526179497,47.264646187370005,0.7875,0.5195,0.4565,0.0,0.0,0.0,1,0,,,
v2_inj_home_plus1,Home starters out +1,2025,5,2025_05_MIA_CAR,Carolina Panthers,Miami Dolphins,0.520963245835899,43.21589163706513,-1.5,44.5,21.290215934444408,21.160163752432883,42.45037968687729,0.487,0.421,0.452,0.0,0.0,0.0,1,0,,,
v2_inj_home_plus1,Home starters out +1,2025,5,2025_05_MIN_CLE,Cleveland Browns,Minnesota Vikings,-6.446185570531613,37.20596414125208,4.5,38.5,15.260780891156527,21.609513268293664,36.87029415945019,0.234,0.4215,0.455,0.0,0.0,0.0,1,0,,,
v2_inj_home_plus1,Home starters out +1,2025,5,2025_05_NE_BUF,Buffalo Bills,New England Patriots,10.011677197457107,47.363454449656736,-10.0,49.5,28.80371573806271,18.534022954045934,47.33773869210864,0.8715,0.51,0.4265,0.0,0.0,0.0,1,0,,,
v2_inj_home_plus1,Home starters out +1,2025,5,2025_05_NYG_NO,New Orleans Saints,New York Giants,-3.530917619259342,42.11961406048299,2.5,43.5,19.38871998806073,22.758818803210875,42.1475387912716,0.335,0.4645,0.465,0.0,0.0,0.0,1,0,,,
v2_inj_home_plus1,Home starters out +1,2025,5,2025_05_SF_LA,Los Angeles Rams,San Francisco 49ers,9.051344608972306,41.3887084502106,-8.5,43.5,24.86740087906713,16.010568342131407,40.87796922119854,0.8575,0.521,0.4065,0.0,0.0,0.0,1,0,,,
v2_inj_home_plus1,Home starters out +1,2025,5,2025_05_TB_SEA,Seattle Seahawks,Tampa Bay Buccaneers,3.620144593513397,42.894552854573575,-2.5,44.5,23.027834966578368,19.570959140601193,42.59879410717956,0.6435,0.539,0.4345,0.0,0.0,0.0,1,0,,,
v2_inj_home_plus1,Home starters out +1,2025,5,2025_05_TEN_ARI,Arizona Cardinals,Tennessee Titans,9.435838495518983,41.27629939080572,-7.5,41.5,25.489224260456336,15.908244520316956,41.39746878077329,0.8585,0.603,0.5035,0.0,0.0,0.0,1,0,,,
v2_inj_home_plus1,Home starters out +1,2025,5,2025_05_WAS_LAC,Los Angeles Chargers,Washington Commanders,2.546723352874582,46.34184557884538,-2.5,48.5,24.43643030022444,22.05386805956456,46.49029835978901,0.6055,0.487,0.4385,0.0,0.0,0.0,1,0,,,
v2_inj_home_plus2,Home starters out +2,2025,5,2025_05_DAL_NYJ,New York Jets,Dallas Cowboys,-1.7482465615050624,45.599109275696364,1.5,46.5,22.026968820873797,23.710475870445794,45.7374446913196,0.4235,0.4965,0.4685,0.0,0.0,0.0,2,0,,,
v2_inj_home_plus2,Home starters out +2,2025,5,2025_05_DEN_PHI,Philadelphia Eagles,Denver Broncos,5.001922565142087,41.88448553718515,-5.5,43.5,23.59066930002051,18.27743497629744,41.86810427631796,0.7265,0.5005,0.4605,0.0,0.0,0.0,2,0,,,
v2_inj_home_plus2,Home starters out +2,2025,5,2025_05_DET_CIN,Cincinnati Bengals,Detroit Lions,-11.052005846596515,47.288508597839176,7.5,49.5,18.379859464218395,29.163906335416435,47.543765799634826,0.128,0.3615,0.427,0.0,0.0,0.0,2,0,,,
v2_inj_home_plus2,Home starters out +2,2025,5,2025_05_HOU_BAL,Baltimore Ravens,Houston Texans,7.785137854638451,43.78820804705144,-9.5,45.5,25.812489067064707,17.832450542013554,43.64493960907827,0.8215,0.4365,0.435,0.0,0.0,0.0,2,0,,,
v2_inj_home_plus2,Home starters out +2,2025,5,2025_05_KC_JAX,Jacksonville Jaguars,Kansas City Chiefs,-4.334401637435929,42.97741479912841,3.5,44.5,19.37455402420983,23.53331264085749,42.907866665067324,0.307,0.465,0.455,0.0,0.0,0.0,2,0,,,
v2_inj_home_plus2,Home starters out +2,2025,5,2025_05_LV_IND,Indianapolis Colts,Las Vegas Raiders,6.721428533324418,46.607725719721245,-6.0,48.5,26.78777854763129,19.83350244984302,46.621280997474315,0.799,0.5545,0.434,0.0,0.0,0.0,2,0,,,
v2_inj_home_plus2,Home starters out +2,2025,5,2025_05_MIA_CAR,Carolina Panthers,Miami Dolphins,0.520963245835899,42.81589163706513,-1.5,44.5,21.901124337661496,21.24076494007608,43.141889277737576,0.522,0.4485,0.4655,0.0,0.0,0.0,2,0,,,
v2_inj_home_plus2,Home starters out +2,2025,5,2025_05_MIN_CLE,Cleveland Browns,Minnesota Vikings,-6.446185570531613,36.80596414125208,4.5,38.5,15.538558057998301,21.776222705958585,37.31478076395688,0.2445,0.42,0.4665,0.0,0.0,0.0,2,0,,,
v2_inj_home_plus2,Home starters out +2,2025,5,2025_05_NE_BUF,Buffalo Bills,New England Patriots,10.011677197457107,46.96345444965674,-10.0,49.5,28.544037211728256,18.482203686877263,47.026240898605515,0.8685,0.4945,0.4295,0.0,0.0,0.0,2,0,,,
v2_inj_home_plus2,Home starters out +2,2025,5,2025_05_NYG_NO,New Orleans Saints,New York Giants,-3.530917619259342,41.71961406048298,2.5,43.5,19.242191577018517,22.575512637929478,41.817704214947995,0.3485,0.4645,0.451,0.0,0.0,0.0,2,0,,,
v2_inj_home_plus2,Home starters out +2,2025,5,2025_05_SF_LA,Los Angeles Rams,San Francisco 49ers,9.051344608972306,40.9887084502106,-8.5,43.5,25.256029852228316,16.073875944421932,41.329905796650245,0.8655,0.547,0.4295,0.0,0.0,0.0,2,0,,,
v2_inj_home_plus2,Home starters out +2,2025,5,2025_05_TB_SEA,Seattle Seahawks,Tampa Bay Buccaneers,3.620144593513397,42.49455285457358,-2.5,44.5,22.662150045999688,19.43521989195796,42.09736993795765,0.63,0.5265,0.423,0.0,0.0,0.0,2,0,,,
v2_inj_home_plus2,Home starters out +2,2025,5,2025_05_TEN_ARI,Arizona Cardinals,Tennessee Titans,9.435838495518983,40.87629939080571,-7.5,41.5,25.280532249652595,15.748959453525885,41.02949170317847,0.868,0.6005,0.49,0.0,0.0,0.0,2,0,,,
v2_inj_home_plus2,Home starters out +2,2025,5,2025_05_WAS_LAC,Los Angeles Chargers,Washington Commanders,2.546723352874582,45.94184557884538,-2.5,48.5,24.45344337362308,21.983463352386853,46.43690672600994,0.619,0.5055,0.4295,0.0,0.0,0.0,2,0,,,
v2_neutral_site,Neutral site,2025,5,2025_05_DAL_NYJ,New York Jets,Dallas Cowboys,-1.7482465615050624,46.399109275696375,1.5,46.5,22.387156147653464,24.146120641642273,46.53327678929573,0.4165,0.4825,0.5055,0.0,0.0,0.0,0,0,1.0,,
v2_neutral_site,Neutral site,2025,5,2025_05_DEN_PHI,Philadelphia Eagles,Denver Broncos,5.001922565142087,42.68448553718515,-5.5,43.5,23.663282014208903,18.980578313186765,42.64386032739567,0.7045,0.4625,0.4805,0.0,0.0,0.0,0,0,1.0,,
v2_neutral_site,Neutral site,2025,5,2025_05_DET_CIN,Cincinnati Bengals,Detroit Lions,-11.052005846596515,48.08850859783918,7.5,49.5,18.660110774957253,29.562599449168253,48.22271022412551,0.1115,0.349,0.4655,0.0,0.0,0.0,0,0,1.0,,
v2_neutral_site,Neutral site,2025,5,2025_05_HOU_BAL,Baltimore Ravens,Houston Texans,7.785137854638451,44.588208047051445,-9.5,45.5,25.89021458738157,18.246170673081796,44.13638526046337,0.8045,0.413,0.4695,0.0,0.0,0.0,0,0,1.0,,
v2_neutral_site,Neutral site,2025,5,2025_05_KC_JAX,Jacksonville Jaguars,Kansas City Chiefs,-4.334401637435929,43.77741479912841,3.5,44.5,19.684857481952495,23.978108799747076,43.66296628169957,0.3135,0.4575,0.476,0.0,0.0,0.0,0,0,1.0,,
v2_neutral_site,Neutral site,2025,5,2025_05_LV_IND,Indianapolis Colts,Las Vegas Raiders,6.721428533324418,47.40772571972125,-6.0,48.5,27.148182974506554,20.21068592414134,47.3588688986479,0.7945,0.54,0.4675,0.0,0.0,0.0,0,0,1.0,,
v2_neutral_site,Neutral site,2025,5,2025_05_MIA_CAR,Carolina Panthers,Miami Dolphins,0.520963245835899,43.615891637065126,-1.5,44.5,21.741053427367937,21.655855881208375,43.39690930857632,0.5175,0.4485,0.466,0.0,0.0,0.0,0,0,1.0,,
v2_neutral_site,Neutral site,2025,5,2025_05_MIN_CLE,Cleveland Browns,Minnesota Vikings,-6.446185570531613,37.60596414125209,4.5,38.5,15.263489344412658,22.04592373961619,37.30941308402885,0.2355,0.401,0.4685,0.0,0.0,0.0,0,0,1.0,,
v2_neutral_site,Neutral site,2025,5,2025_05_NE_BUF,Buffalo Bills,New England Patriots,10.011677197457107,47.763454449656734,-10.0,49.5,28.884196525860094,18.995386739381516,47.879583265241614,0.867,0.494,0.4525,0.0,0.0,0.0,0,0,1.0,,
v2_neutral_site,Neutral site,2025,5,2025_05_NYG_NO,New Orleans Saints,New York Giants,-3.530917619259342,42.51961406048299,2.5,43.5,19.52348498998052,22.89683388508133,42.420318875061845,0.3465,0.464,0.479,0.0,0.0,0.0,0,0,1.0,,
v2_neutral_site,Neutral site,2025,5,2025_05_SF_LA,Los Angeles Rams,San Francisco 49ers,9.051344608972306,41.7887084502106,-8.5,43.5,25.176719215462736,16.22043880683575,41.39715802229849,0.867,0.524,0.441,0.0,0.0,0.0,0,0,1.0,,
v2_neutral_site,Neutral site,2025,5,2025_05_TB_SEA,Seattle Seahawks,Tampa Bay Buccaneers,3.620144593513397,43.29455285457358,-2.5,44.5,23.38403799968361,19.697135253818946,43.08117325350255,0.652,0.5445,0.4625,0.0,0.0,0.0,0,0,1.0,,
v2_neutral_site,Neutral site,2025,5,2025_05_TEN_ARI,Arizona Cardinals,Tennessee Titans,9.435838495518983,41.67629939080572,-7.5,41.5,25.371646497870792,16.21269059450758,41.58433709237838,0.8585,0.5855,0.495,0.0,0.0,0.0,0,0,1.0,,
v2_neutral_site,Neutral site,2025,5,2025_05_WAS_LAC,Los Angeles Chargers,Washington Commanders,2.546723352874582,46.741845578845385,-2.5,48.5,24.728474116844975,21.95155051273047,46.68002462957545,0.6325,0.524,0.4395,0.0,0.0,0.0,0,0,1.0,,
v2_precip_plus25,Precip +25%,2025,5,2025_05_DAL_NYJ,New York Jets,Dallas Cowboys,-1.7482465615050624,46.399109275696375,1.5,46.5,22.348881776093034,24.183015384492872,46.531897160585906,0.429,0.4865,0.499,0.0,25.0,0.0,0,0,,,
v2_precip_plus25,Precip +25%,2025,5,2025_05_DEN_PHI,Philadelphia Eagles,Denver Broncos,5.001922565142087,42.68448553718515,-5.5,43.5,24.009733064801566,18.975954307484013,42.98568737228558,0.7135,0.4875,0.4995,0.0,25.0,0.0,0,0,,,
v2_precip_plus25,Precip +25%,2025,5,2025_05_DET_CIN,Cincinnati Bengals,Detroit Lions,-11.052005846596515,48.08850859783918,7.5,49.5,18.559792355942815,29.56397529988634,48.12376765582915,0.106,0.349,0.463,0.0,25.0,0.0,0,0,,,
v2_precip_plus25,Precip +25%,2025,5,2025_05_HOU_BAL,Baltimore Ravens,Houston Texans,7.785137854638451,44.588208047051445,-9.5,45.5,26.109558874396143,18.62522313530136,44.734782009697504,0.795,0.402,0.4715,0.0,25.0,0.0,0,0,,,
v2_precip_plus25,Precip +25%,2025,5,2025_05_KC_JAX,Jacksonville Jaguars,Kansas City Chiefs,-4.334401637435929,43.77741479912841,3.5,44.5,19.62227779077148,24.05758136791025,43.67985915868174,0.3195,0.456,0.4735,0.0,25.0,0.0,0,0,,,
v2_precip_plus25,Precip +25%,2025,5,2025_05_LV_IND,Indianapolis Colts,Las Vegas Raiders,6.721428533324418,47.40772571972125,-6.0,48.5,26.94799793533829,20.223733361156533,47.17173129649482,0.7875,0.53,0.4625,0.0,25.0,0.0,0,0,,,
v2_precip_plus25,Precip +25%,2025,5,2025_05_MIA_CAR,Carolina Panthers,Miami Dolphins,0.520963245835899,43.615891637065126,-1.5,44.5,22.06097967242065,21.769490597113496,43.83047026953414,0.51,0.4415,0.4835,0.0,25.0,0.0,0,0,,,
v2_precip_plus25,Precip +25%,2025,5,2025_05_MIN_CLE,Cleveland Browns,Minnesota Vikings,-6.446185570531613,37.60596414125209,4.5,38.5,15.742818998236311,22.24918349825847,37.99200249649478,0.227,0.4085,0.476,0.0,25.0,0.0,0,0,,,
v2_precip_plus25,Precip +25%,2025,5,2025_05_NE_BUF,Buffalo Bills,New England Patriots,10.011677197457107,47.763454449656734,-10.0,49.5,29.36296711405684,19.452284701148923,48.81525181520576,0.872,0.503,0.4835,0.0,25.0,0.0,0,0,,,
v2_precip_plus25,Precip +25%,2025,5,2025_05_NYG_NO,New Orleans Saints,New York Giants,-3.530917619259342,42.51961406048299,2.5,43.5,19.549910626471927,23.106366375740873,42.656277002212796,0.3325,0.446,0.4735,0.0,25.0,0.0,0,0,,,
v2_precip_plus25,Precip +25%,2025,5,2025_05_SF_LA,Los Angeles Rams,San Francisco 49ers,9.051344608972306,41.7887084502106,-8.5,43.5,25.657932108241038,16.66801247046516,42.325944578706206,0.8655,0.5225,0.4585,0.0,25.0,0.0,0,0,,,
v2_precip_plus25,Precip +25%,2025,5,2025_05_TB_SEA,Seattle Seahawks,Tampa Bay Buccaneers,3.620144593513397,43.29455285457358,-2.5,44.5,23.24320730769085,19.793448047870076,43.03665535556092,0.667,0.5455,0.4625,0.0,25.0,0.0,0,0,,,
v2_precip_plus25,Precip +25%,2025,5,2025_05_TEN_ARI,Arizona Cardinals,Tennessee Titans,9.435838495518983,41.67629939080572,-7.5,41.5,25.592081364430683,16.428436055366188,42.020517419796874,0.8625,0.581,0.5185,0.0,25.0,0.0,0,0,,,
v2_precip_plus25,Precip +25%,2025,5,2025_05_WAS_LAC,Los Angeles Chargers,Washington Commanders,2.546723352874582,46.741845578845385,-2.5,48.5,24.726478883764397,22.22177389772808,46.948252781492485,0.621,0.507,0.4565,0.0,25.0,0.0,0,0,,,
v2_precip_plus50,Precip +50%,2025,5,2025_05_DAL_NYJ,New York Jets,Dallas Cowboys,-1.7482465615050624,46.399109275696375,1.5,46.5,22.676536573679368,24.300831962545747,46.977368536225114,0.4215,0.4825,0.5205,0.0,50.0,0.0,0,0,,,
v2_precip_plus50,Precip +50%,2025,5,2025_05_DEN_PHI,Philadelphia Eagles,Denver Broncos,5.001922565142087,42.68448553718515,-5.5,43.5,23.716986675087945,18.864026074173314,42.58101274926126,0.7085,0.472,0.469,0.0,50.0,0.0,0,0,,,
v2_precip_plus50,Precip +50%,2025,5,2025_05_DET_CIN,Cincinnati Bengals,Detroit Lions,-11.052005846596515,48.08850859783918,7.5,49.5,18.661242061309345,29.444856332645532,48.10609839395487,0.1075,0.3555,0.4545,0.0,50.0,0.0,0,0,,,
v2_precip_plus50,Precip +50%,2025,5,2025_05_HOU_BAL,Baltimore Ravens,Houston Texans,7.785137854638451,44.588208047051445,-9.5,45.5,26.178006954856414,18.560993824500905,44.73900077935732,0.7995,0.4345,0.4835,0.0,50.0,0.0,0,0,,,
v2_precip_plus50,Precip +50%,2025,5,2025_05_KC_JAX,Jacksonville Jaguars,Kansas City Chiefs,-4.334401637435929,43.77741479912841,3.5,44.5,19.654346988334495,24.408704526641806,44.06305151497631,0.3025,0.4455,0.485,0.0,50.0,0.0,0,0,,,
v2_precip_plus50,Precip +50%,2025,5,2025_05_LV_IND,Indianapolis Colts,Las Vegas Raiders,6.721428533324418,47.40772571972125,-6.0,48.5,27.245608302175278,20.368622065234057,47.614230367409334,0.8105,0.533,0.4765,0.0,50.0,0.0,0,0,,,
v2_precip_plus50,Precip +50%,2025,5,2025_05_MIA_CAR,Carolina Panthers,Miami Dolphins,0.520963245835899,43.615891637065126,-1.5,44.5,21.934020538045072,21.52445731531119,43.458477853356264,0.516,0.451,0.4745,0.0,50.0,0.0,0,0,,,
v2_precip_plus50,Precip +50%,2025,5,2025_05_MIN_CLE,Cleveland Browns,Minnesota Vikings,-6.446185570531613,37.60596414125209,4.5,38.5,15.747964273530854,22.13839714177054,37.886361415301394,0.2365,0.4195,0.4925,0.0,50.0,0.0,0,0,,,
v2_precip_plus50,Precip +50%,2025,5,2025_05_NE_BUF,Buffalo Bills,New England Patriots,10.011677197457107,47.763454449656734,-10.0,49.5,29.13501779329782,19.30013660812441,48.43515440142223,0.8685,0.48,0.4645,0.0,50.0,0.0,0,0,,,
v2_precip_plus50,Precip +50%,2025,5,2025_05_NYG_NO,New Orleans Saints,New York Giants,-3.530917619259342,42.51961406048299,2.5,43.5,19.562339954567523,22.846758536387732,42.40909849095526,0.3665,0.4745,0.468,0.0,50.0,0.0,0,0,,,
v2_precip_plus50,Precip +50%,2025,5,2025_05_SF_LA,Los Angeles Rams,San Francisco 49ers,9.051344608972306,41.7887084502106,-8.5,43.5,25.357917971235853,16.427888890354698,41.78580686159055,0.8615,0.521,0.458,0.0,50.0,0.0,0,0,,,
v2_precip_plus50,Precip +50%,2025,5,2025_05_TB_SEA,Seattle Seahawks,Tampa Bay Buccaneers,3.620144593513397,43.29455285457358,-2.5,44.5,23.275283944124183,19.980467142049978,43.25575108617416,0.6345,0.5235,0.4615,0.0,50.0,0.0,0,0,,,
v2_precip_plus50,Precip +50%,2025,5,2025_05_TEN_ARI,Arizona Cardinals,Tennessee Titans,9.435838495518983,41.67629939080572,-7.5,41.5,25.822207457936447,16.249827378981987,42.072034836918434,0.869,0.6,0.516,0.0,50.0,0.0,0,0,,,
v2_precip_plus50,Precip +50%,2025,5,2025_05_WAS_LAC,Los Angeles Chargers,Washington Commanders,2.546723352874582,46.741845578845385,-2.5,48.5,24.749562911967978,22.249536030976255,46.99909894294423,0.6215,0.4985,0.453,0.0,50.0,0.0,0,0,,,
v2_pressure_plus005,Home/away pressure +0.05,2025,5,2025_05_DAL_NYJ,New York Jets,Dallas Cowboys,-1.7482465615050624,45.59910927569637,1.5,46.5,22.026914827501827,23.783747459766893,45.81066228726871,0.419,0.48,0.49,0.0,0.0,0.0,0,0,,,
v2_pressure_plus005,Home/away pressure +0.05,2025,5,2025_05_DEN_PHI,Philadelphia Eagles,Denver Broncos,5.001922565142087,41.88448553718515,-5.5,43.5,23.50816876445344,18.4059449356807,41.91411370013414,0.7115,0.472,0.4565,0.0,0.0,0.0,0,0,,,
v2_pressure_plus005,Home/away pressure +0.05,2025,5,2025_05_DET_CIN,Cincinnati Bengals,Detroit Lions,-11.052005846596515,47.28850859783918,7.5,49.5,17.903583587944368,29.146692705305558,47.05027629324993,0.111,0.3355,0.437,0.0,0.0,0.0,0,0,,,
v2_pressure_plus005,Home/away pressure +0.05,2025,5,2025_05_HOU_BAL,Baltimore Ravens,Houston Texans,7.785137854638451,43.78820804705145,-9.5,45.5,25.389231136115743,17.53831232960482,42.92754346572057,0.8075,0.4435,0.427,0.0,0.0,0.0,0,0,,,
v2_pressure_plus005,Home/away pressure +0.05,2025,5,2025_05_KC_JAX,Jacksonville Jaguars,Kansas City Chiefs,-4.334401637435929,42.97741479912841,3.5,44.5,19.457329914414693,23.394102871137708,42.851432785552404,0.3225,0.473,0.4535,0.0,0.0,0.0,0,0,,,
v2_pressure_plus005,Home/away pressure +0.05,2025,5,2025_05_LV_IND,Indianapolis Colts,Las Vegas Raiders,6.721428533324418,46.60772571972125,-6.0,48.5,26.55125789571718,20.136194933651975,46.68745282936916,0.783,0.5155,0.459,0.0,0.0,0.0,0,0,,,
v2_pressure_plus005,Home/away pressure +0.05,2025,5,2025_05_MIA_CAR,Carolina Panthers,Miami Dolphins,0.520963245835899,42.81589163706513,-1.5,44.5,21.680796802363545,20.881982899447404,42.562779701810946,0.5405,0.476,0.4495,0.0,0.0,0.0,0,0,,,
v2_pressure_plus005,Home/away pressure +0.05,2025,5,2025_05_MIN_CLE,Cleveland Browns,Minnesota Vikings,-6.446185570531613,36.80596414125209,4.5,38.5,15.322420809348566,21.569966912715092,36.89238772206367,0.237,0.4395,0.4515,0.0,0.0,0.0,0,0,,,
v2_pressure_plus005,Home/away pressure +0.05,2025,5,2025_05_NE_BUF,Buffalo Bills,New England Patriots,10.011677197457107,46.96345444965674,-10.0,49.5,28.473002138300465,18.452811868757042,46.925814007057504,0.866,0.4985,0.422,0.0,0.0,0.0,0,0,,,
v2_pressure_plus005,Home/away pressure +0.05,2025,5,2025_05_NYG_NO,New Orleans Saints,New York Giants,-3.530917619259342,41.71961406048299,2.5,43.5,18.998598104083626,22.248169783308363,41.246767887392,0.348,0.464,0.432,0.0,0.0,0.0,0,0,,,
v2_pressure_plus005,Home/away pressure +0.05,2025,5,2025_05_SF_LA,Los Angeles Rams,San Francisco 49ers,9.051344608972306,40.9887084502106,-8.5,43.5,24.937130417433128,15.758620282767632,40.69575070020076,0.863,0.536,0.4145,0.0,0.0,0.0,0,0,,,
v2_pressure_plus005,Home/away pressure +0.05,2025,5,2025_05_TB_SEA,Seattle Seahawks,Tampa Bay Buccaneers,3.620144593513397,42.494552854573584,-2.5,44.5,22.75483449458758,19.494795403980504,42.24962989856808,0.65,0.5345,0.438,0.0,0.0,0.0,0,0,,,
v2_pressure_plus005,Home/away pressure +0.05,2025,5,2025_05_TEN_ARI,Arizona Cardinals,Tennessee Titans,9.435838495518983,40.87629939080571,-7.5,41.5,25.385712676586095,15.8051127438982,41.190825420484295,0.8755,0.5935,0.4895,0.0,0.0,0.0,0,0,,,
v2_pressure_plus005,Home/away pressure +0.05,2025,5,2025_05_WAS_LAC,Los Angeles Chargers,Washington Commanders,2.546723352874582,45.94184557884538,-2.5,48.5,24.235214122099222,21.37231076772647,45.6075248898257,0.6285,0.51,0.4025,0.0,0.0,0.0,0,0,,,
v2_rest_minus7,Home rest -7 days (diff),2025,5,2025_05_DAL_NYJ,New York Jets,Dallas Cowboys,-1.8982465615050625,46.399109275696375,1.5,46.5,22.3194796766599,24.204951575382257,46.52443125204215,0.4155,0.475,0.508,0.0,0.0,0.0,0,0,,,
v2_rest_minus7,Home rest -7 days (diff),2025,5,2025_05_DEN_PHI,Philadelphia Eagles,Denver Broncos,4.851922565142088,42.68448553718515,-5.5,43.5,23.6259861804869,18.985249384375,42.6112355648619,0.69,0.4645,0.467,0.0,0.0,0.0,0,0,,,
v2_rest_minus7,Home rest -7 days (diff),2025,5,2025_05_DET_CIN,Cincinnati Bengals,Detroit Lions,-11.202005846596515,48.08850859783918,7.5,49.5,18.35460257798855,29.75999667407482,48.114599252063364,0.1175,0.337,0.463,0.0,0.0,0.0,0,0,,,
v2_rest_minus7,Home rest -7 days (diff),2025,5,2025_05_HOU_BAL,Baltimore Ravens,Houston Texans,7.635137854638451,44.588208047051445,-9.5,45.5,26.608335071338093,18.685258518411846,45.293593589749946,0.814,0.4405,0.4925,0.0,0.0,0.0,0,0,,,
v2_rest_minus7,Home rest -7 days (diff),2025,5,2025_05_KC_JAX,Jacksonville Jaguars,Kansas City Chiefs,-4.484401637435929,43.77741479912841,3.5,44.5,19.576551504608208,23.92956084328209,43.506112347890294,0.321,0.451,0.461,0.0,0.0,0.0,0,0,,,
v2_rest_minus7,Home rest -7 days (diff),2025,5,2025_05_LV_IND,Indianapolis Colts,Las Vegas Raiders,6.571428533324418,47.40772571972125,-6.0,48.5,27.079393712965253,20.450211826274042,47.529605539239306,0.7795,0.5295,0.47,0.0,0.0,0.0,0,0,,,
v2_rest_minus7,Home rest -7 days (diff),2025,5,2025_05_MIA_CAR,Carolina Panthers,Miami Dolphins,0.3709632458358991,43.615891637065126,-1.5,44.5,22.156536278365305,21.828809690923524,43.985345969288836,0.516,0.4525,0.4875,0.0,0.0,0.0,0,0,,,
v2_rest_minus7,Home rest -7 days (diff),2025,5,2025_05_MIN_CLE,Cleveland Browns,Minnesota Vikings,-6.596185570531613,37.60596414125209,4.5,38.5,15.095652883946878,21.663657727346152,36.75931061129303,0.2295,0.4195,0.439,0.0,0.0,0.0,0,0,,,
v2_rest_minus7,Home rest -7 days (diff),2025,5,2025_05_NE_BUF,Buffalo Bills,New England Patriots,9.861677197457107,47.763454449656734,-10.0,49.5,28.472320295686885,18.618315075956815,47.0906353716437,0.859,0.4855,0.429,0.0,0.0,0.0,0,0,,,
v2_rest_minus7,Home rest -7 days (diff),2025,5,2025_05_NYG_NO,New Orleans Saints,New York Giants,-3.680917619259342,42.51961406048299,2.5,43.5,19.269849143656497,23.000643671655837,42.27049281531234,0.327,0.4435,0.463,0.0,0.0,0.0,0,0,,,
v2_rest_minus7,Home rest -7 days (diff),2025,5,2025_05_SF_LA,Los Angeles Rams,San Francisco 49ers,8.901344608972305,41.7887084502106,-8.5,43.5,25.31123434207362,16.648688561896275,41.9599229039699,0.8415,0.5095,0.46,0.0,0.0,0.0,0,0,,,
v2_rest_minus7,Home rest -7 days (diff),2025,5,2025_05_TB_SEA,Seattle Seahawks,Tampa Bay Buccaneers,3.470144593513397,43.29455285457358,-2.5,44.5,23.5564595112079,19.808478044914168,43.36493755612207,0.6485,0.544,0.4595,0.0,0.0,0.0,0,0,,,
v2_rest_minus7,Home rest -7 days (diff),2025,5,2025_05_TEN_ARI,Arizona Cardinals,Tennessee Titans,9.285838495518984,41.67629939080572,-7.5,41.5,25.321559403576227,16.12736993828597,41.4489293418622,0.873,0.5815,0.4975,0.0,0.0,0.0,0,0,,,
v2_rest_minus7,Home rest -7 days (diff),2025,5,2025_05_WAS_LAC,Los Angeles Chargers,Washington Commanders,2.396723352874582,46.741845578845385,-2.5,48.5,24.801756547593083,22.18077293003029,46.98252947762337,0.6285,0.4985,0.452,0.0,0.0,0.0,0,0,,,
v2_rest_plus7,Home rest +7 days (diff),2025,5,2025_05_DAL_NYJ,New York Jets,Dallas Cowboys,-1.5982465615050625,46.399109275696375,1.5,46.5,22.36203272719155,24.05327076378522,46.41530349097677,0.4375,0.4985,0.5105,0.0,0.0,0.0,0,0,,,
v2_rest_plus7,Home rest +7 days (diff),2025,5,2025_05_DEN_PHI,Philadelphia Eagles,Denver Broncos,5.151922565142088,42.68448553718515,-5.5,43.5,24.057240202780058,18.97187960372291,43.02911980650297,0.7025,0.475,0.483,0.0,0.0,0.0,0,0,,,
v2_rest_plus7,Home rest +7 days (diff),2025,5,2025_05_DET_CIN,Cincinnati Bengals,Detroit Lions,-10.902005846596516,48.08850859783918,7.5,49.5,18.40160659832425,29.447425004956482,47.84903160328073,0.1215,0.3475,0.4535,0.0,0.0,0.0,0,0,,,
v2_rest_plus7,Home rest +7 days (diff),2025,5,2025_05_HOU_BAL,Baltimore Ravens,Houston Texans,7.935137854638452,44.588208047051445,-9.5,45.5,26.40415982202325,18.32910176797182,44.73326158999507,0.8055,0.446,0.4875,0.0,0.0,0.0,0,0,,,
v2_rest_plus7,Home rest +7 days (diff),2025,5,2025_05_KC_JAX,Jacksonville Jaguars,Kansas City Chiefs,-4.184401637435929,43.77741479912841,3.5,44.5,19.79453477530241,24.13868088966658,43.93321566496899,0.322,0.469,0.488,0.0,0.0,0.0,0,0,,,
v2_rest_plus7,Home rest +7 days (diff),2025,5,2025_05_LV_IND,Indianapolis Colts,Las Vegas Raiders,6.871428533324418,47.40772571972125,-6.0,48.5,27.220259075669247,20.119215290885013,47.33947436655426,0.812,0.5535,0.452,0.0,0.0,0.0,0,0,,,
v2_rest_plus7,Home rest +7 days (diff),2025,5,2025_05_MIA_CAR,Carolina Panthers,Miami Dolphins,0.6709632458358992,43.615891637065126,-1.5,44.5,21.771731037544065,21.44776598531139,43.21949702285545,0.521,0.449,0.45,0.0,0.0,0.0,0,0,,,
v2_rest_plus7,Home rest +7 days (diff),2025,5,2025_05_MIN_CLE,Cleveland Browns,Minnesota Vikings,-6.2961855705316125,37.60596414125209,4.5,38.5,15.895015913386283,22.23542408784139,38.130440001227676,0.2445,0.419,0.4865,0.0,0.0,0.0,0,0,,,
v2_rest_plus7,Home rest +7 days (diff),2025,5,2025_05_NE_BUF,Buffalo Bills,New England Patriots,10.161677197457108,47.763454449656734,-10.0,49.5,28.931735627532188,18.790271233500853,47.722006861033044,0.852,0.5105,0.456,0.0,0.0,0.0,0,0,,,
v2_rest_plus7,Home rest +7 days (diff),2025,5,2025_05_NYG_NO,New Orleans Saints,New York Giants,-3.380917619259342,42.51961406048299,2.5,43.5,19.580166178030158,23.211778309547395,42.791944487577545,0.338,0.4435,0.4775,0.0,0.0,0.0,0,0,,,
v2_rest_plus7,Home rest +7 days (diff),2025,5,2025_05_SF_LA,Los Angeles Rams,San Francisco 49ers,9.201344608972306,41.7887084502106,-8.5,43.5,25.456199080746767,16.411765693056797,41.867964773803564,0.854,0.518,0.446,0.0,0.0,0.0,0,0,,,
v2_rest_plus7,Home rest +7 days (diff),2025,5,2025_05_TB_SEA,Seattle Seahawks,Tampa Bay Buccaneers,3.7701445935133973,43.29455285457358,-2.5,44.5,23.263645724497415,20.054015498111752,43.31766122260917,0.629,0.531,0.459,0.0,0.0,0.0,0,0,,,
v2_rest_plus7,Home rest +7 days (diff),2025,5,2025_05_TEN_ARI,Arizona Cardinals,Tennessee Titans,9.585838495518983,41.67629939080572,-7.5,41.5,25.844129141932104,16.11302233281214,41.95715147474425,0.8845,0.607,0.5065,0.0,0.0,0.0,0,0,,,
v2_rest_plus7,Home rest +7 days (diff),2025,5,2025_05_WAS_LAC,Los Angeles Chargers,Washington Commanders,2.696723352874582,46.741845578845385,-2.5,48.5,24.627799395588443,22.187079945962502,46.81487934155094,0.605,0.5055,0.433,0.0,0.0,0.0,0,0,,,
v2_sigma_high,High volatility,2025,5,2025_05_DAL_NYJ,New York Jets,Dallas Cowboys,-1.7482465615050624,46.399109275696375,1.5,46.5,22.38175913855052,24.18803587895274,46.56979501750326,0.4705,0.509,0.4955,0.0,0.0,0.0,0,0,,,
v2_sigma_high,High volatility,2025,5,2025_05_DEN_PHI,Philadelphia Eagles,Denver Broncos,5.001922565142087,42.68448553718515,-5.5,43.5,23.972334782820486,19.005630988112483,42.977965770932975,0.6345,0.4825,0.4745,0.0,0.0,0.0,0,0,,,
v2_sigma_high,High volatility,2025,5,2025_05_DET_CIN,Cincinnati Bengals,Detroit Lions,-11.052005846596515,48.08850859783918,7.5,49.5,18.538437431571136,29.134143818002958,47.672581249574094,0.256,0.424,0.446,0.0,0.0,0.0,0,0,,,
v2_sigma_high,High volatility,2025,5,2025_05_HOU_BAL,Baltimore Ravens,Houston Texans,7.785137854638451,44.588208047051445,-9.5,45.5,26.1940962400216,18.22919482612618,44.42329106614778,0.712,0.464,0.4705,0.0,0.0,0.0,0,0,,,
v2_sigma_high,High volatility,2025,5,2025_05_KC_JAX,Jacksonville Jaguars,Kansas City Chiefs,-4.334401637435929,43.77741479912841,3.5,44.5,19.86353557553931,24.085138385189907,43.948673960729224,0.39,0.482,0.487,0.0,0.0,0.0,0,0,,,
v2_sigma_high,High volatility,2025,5,2025_05_LV_IND,Indianapolis Colts,Las Vegas Raiders,6.721428533324418,47.40772571972125,-6.0,48.5,26.872367844307274,20.212403773027823,47.08477161733509,0.673,0.515,0.471,0.0,0.0,0.0,0,0,,,
v2_sigma_high,High volatility,2025,5,2025_05_MIA_CAR,Carolina Panthers,Miami Dolphins,0.520963245835899,43.615891637065126,-1.5,44.5,22.296160615441213,22.01689207464822,44.313052690089435,0.488,0.4495,0.498,0.0,0.0,0.0,0,0,,,
v2_sigma_high,High volatility,2025,5,2025_05_MIN_CLE,Cleveland Browns,Minnesota Vikings,-6.446185570531613,37.60596414125209,4.5,38.5,15.278236622980181,22.13069220713878,37.40892883011896,0.34,0.448,0.477,0.0,0.0,0.0,0,0,,,
v2_sigma_high,High volatility,2025,5,2025_05_NE_BUF,Buffalo Bills,New England Patriots,10.011677197457107,47.763454449656734,-10.0,49.5,28.988176593378608,19.08479348331472,48.07297007669332,0.7335,0.495,0.463,0.0,0.0,0.0,0,0,,,
v2_sigma_high,High volatility,2025,5,2025_05_NYG_NO,New Orleans Saints,New York Giants,-3.530917619259342,42.51961406048299,2.5,43.5,19.2112098691441,22.694628475430417,41.90583834457451,0.4165,0.478,0.446,0.0,0.0,0.0,0,0,,,
v2_sigma_high,High volatility,2025,5,2025_05_SF_LA,Los Angeles Rams,San Francisco 49ers,9.051344608972306,41.7887084502106,-8.5,43.5,25.153125384626726,16.320290094867147,41.473415479493866,0.726,0.507,0.434,0.0,0.0,0.0,0,0,,,
v2_sigma_high,High volatility,2025,5,2025_05_TB_SEA,Seattle Seahawks,Tampa Bay Buccaneers,3.620144593513397,43.29455285457358,-2.5,44.5,23.661736866276915,19.56568626804628,43.227423134323196,0.5925,0.5355,0.4645,0.0,0.0,0.0,0,0,,,
v2_sigma_high,High volatility,2025,5,2025_05_TEN_ARI,Arizona Cardinals,Tennessee Titans,9.435838495518983,41.67629939080572,-7.5,41.5,25.659619520341394,15.879454248097677,41.539073768439074,0.741,0.5545,0.4885,0.0,0.0,0.0,0,0,,,
v2_sigma_high,High volatility,2025,5,2025_05_WAS_LAC,Los Angeles Chargers,Washington Commanders,2.546723352874582,46.741845578845385,-2.5,48.5,24.666188991675234,22.052897939808137,46.71908693148337,0.572,0.5095,0.44,0.0,0.0,0.0,0,0,,,
v2_sigma_low,Low volatility,2025,5,2025_05_DAL_NYJ,New York Jets,Dallas Cowboys,-1.7482465615050624,46.399109275696375,1.5,46.5,22.096079128459316,24.18065246483769,46.27673159329701,0.41,0.4805,0.4905,0.0,0.0,0.0,0,0,,,
v2_sigma_low,Low volatility,2025,5,2025_05_DEN_PHI,Philadelphia Eagles,Denver Broncos,5.001922565142087,42.68448553718515,-5.5,43.5,23.541143752834028,18.703993786203426,42.24513753903746,0.7135,0.4645,0.435,0.0,0.0,0.0,0,0,,,
v2_sigma_low,Low volatility,2025,5,2025_05_DET_CIN,Cincinnati Bengals,Detroit Lions,-11.052005846596515,48.08850859783918,7.5,49.5,18.447746821062406,29.780388542726097,48.2281353637885,0.101,0.3315,0.436,0.0,0.0,0.0,0,0,,,
v2_sigma_low,Low volatility,2025,5,2025_05_HOU_BAL,Baltimore Ravens,Houston Texans,7.785137854638451,44.588208047051445,-9.5,45.5,26.426481631047356,18.286114158826983,44.712595789874335,0.8075,0.441,0.4685,0.0,0.0,0.0,0,0,,,
v2_sigma_low,Low volatility,2025,5,2025_05_KC_JAX,Jacksonville Jaguars,Kansas City Chiefs,-4.334401637435929,43.77741479912841,3.5,44.5,19.803304137922066,24.108550250221207,43.91185438814327,0.3225,0.462,0.4665,0.0,0.0,0.0,0,0,,,
v2_sigma_low,Low volatility,2025,5,2025_05_LV_IND,Indianapolis Colts,Las Vegas Raiders,6.721428533324418,47.40772571972125,-6.0,48.5,26.99597103722307,20.430076177626155,47.42604721484923,0.795,0.528,0.435,0.0,0.0,0.0,0,0,,,
v2_sigma_low,Low volatility,2025,5,2025_05_MIA_CAR,Carolina Panthers,Miami Dolphins,0.520963245835899,43.615891637065126,-1.5,44.5,22.013350342082457,21.537659187873206,43.551009529955664,0.519,0.4525,0.442,0.0,0.0,0.0,0,0,,,
v2_sigma_low,Low volatility,2025,5,2025_05_MIN_CLE,Cleveland Browns,Minnesota Vikings,-6.446185570531613,37.60596414125209,4.5,38.5,15.394303729699438,21.939748261955867,37.3340519916553,0.2275,0.396,0.449,0.0,0.0,0.0,0,0,,,
v2_sigma_low,Low volatility,2025,5,2025_05_NE_BUF,Buffalo Bills,New England Patriots,10.011677197457107,47.763454449656734,-10.0,49.5,29.004160345134395,18.9120676221412,47.916227967275596,0.8715,0.5005,0.4205,0.0,0.0,0.0,0,0,,,
v2_sigma_low,Low volatility,2025,5,2025_05_NYG_NO,New Orleans Saints,New York Giants,-3.530917619259342,42.51961406048299,2.5,43.5,19.53761206792071,22.923501206172386,42.461113274093094,0.348,0.4675,0.4445,0.0,0.0,0.0,0,0,,,
v2_sigma_low,Low volatility,2025,5,2025_05_SF_LA,Los Angeles Rams,San Francisco 49ers,9.051344608972306,41.7887084502106,-8.5,43.5,25.35268500567566,16.490277222143582,41.84296222781924,0.856,0.5145,0.4055,0.0,0.0,0.0,0,0,,,
v2_sigma_low,Low volatility,2025,5,2025_05_TB_SEA,Seattle Seahawks,Tampa Bay Buccaneers,3.620144593513397,43.29455285457358,-2.5,44.5,23.497782997682684,19.858166086662596,43.35594908434528,0.6595,0.5455,0.434,0.0,0.0,0.0,0,0,,,
v2_sigma_low,Low volatility,2025,5,2025_05_TEN_ARI,Arizona Cardinals,Tennessee Titans,9.435838495518983,41.67629939080572,-7.5,41.5,25.684159916225543,15.952557133628975,41.636717049854525,0.8825,0.5995,0.502,0.0,0.0,0.0,0,0,,,
v2_sigma_low,Low volatility,2025,5,2025_05_WAS_LAC,Los Angeles Chargers,Washington Commanders,2.546723352874582,46.741845578845385,-2.5,48.5,24.67800637030181,22.11930165882172,46.79730802912352,0.6225,0.502,0.409,0.0,0.0,0.0,0,0,,,
v2_spread_home_minus3,Spread home -3.0,2025,5,2025_05_DAL_NYJ,New York Jets,Dallas Cowboys,1.2517534384949376,46.399109275696375,-1.5,46.5,23.650605521456963,22.576507406281078,46.22711292773804,0.5565,0.494,0.4905,0.0,0.0,0.0,0,0,,,
v2_spread_home_minus3,Spread home -3.0,2025,5,2025_05_DEN_PHI,Philadelphia Eagles,Denver Broncos,8.001922565142088,42.68448553718515,-8.5,43.5,25.57356232599166,17.521881211911946,43.095443537903606,0.818,0.4745,0.486,0.0,0.0,0.0,0,0,,,
v2_spread_home_minus3,Spread home -3.0,2025,5,2025_05_DET_CIN,Cincinnati Bengals,Detroit Lions,-8.052005846596515,48.08850859783918,4.5,49.5,20.155667074112507,28.283191910120056,48.43885898423256,0.1845,0.343,0.475,0.0,0.0,0.0,0,0,,,
v2_spread_home_minus3,Spread home -3.0,2025,5,2025_05_HOU_BAL,Baltimore Ravens,Houston Texans,10.785137854638451,44.588208047051445,-12.5,45.5,27.61722698256305,16.794286380904083,44.41151336346714,0.8785,0.4315,0.478,0.0,0.0,0.0,0,0,,,
v2_spread_home_minus3,Spread home -3.0,2025,5,2025_05_KC_JAX,Jacksonville Jaguars,Kansas City Chiefs,-1.334401637435929,43.77741479912841,0.5,44.5,21.31223127653933,22.598708543355524,43.910939819894864,0.445,0.463,0.4835,0.0,0.0,0.0,0,0,,,
v2_spread_home_minus3,Spread home -3.0,2025,5,2025_05_LV_IND,Indianapolis Colts,Las Vegas Raiders,9.721428533324419,47.40772571972125,-9.0,48.5,28.982756787872262,19.105368789117986,48.08812557699025,0.8785,0.5315,0.4865,0.0,0.0,0.0,0,0,,,
v2_spread_home_minus3,Spread home -3.0,2025,5,2025_05_MIA_CAR,Carolina Panthers,Miami Dolphins,3.5209632458358993,43.615891637065126,-4.5,44.5,23.4754115535584,19.938859349269535,43.41427090282794,0.6425,0.4665,0.4725,0.0,0.0,0.0,0,0,,,
v2_spread_home_minus3,Spread home -3.0,2025,5,2025_05_MIN_CLE,Cleveland Browns,Minnesota Vikings,-3.446185570531613,37.60596414125209,1.5,38.5,16.93207357508473,20.25459906126156,37.18667263634628,0.363,0.43,0.472,0.0,0.0,0.0,0,0,,,
v2_spread_home_minus3,Spread home -3.0,2025,5,2025_05_NE_BUF,Buffalo Bills,New England Patriots,13.011677197457107,47.763454449656734,-13.0,49.5,30.34380253242101,17.581116153586073,47.92491868600709,0.921,0.493,0.454,0.0,0.0,0.0,0,0,,,
v2_spread_home_minus3,Spread home -3.0,2025,5,2025_05_NYG_NO,New Orleans Saints,New York Giants,-0.5309176192593421,42.51961406048299,-0.5,43.5,20.636106161372293,21.088068234669898,41.72417439604219,0.471,0.4445,0.4365,0.0,0.0,0.0,0,0,,,
v2_spread_home_minus3,Spread home -3.0,2025,5,2025_05_SF_LA,Los Angeles Rams,San Francisco 49ers,12.051344608972306,41.7887084502106,-11.5,43.5,26.761373424531513,14.857741654510734,41.619115079042245,0.924,0.506,0.433,0.0,0.0,0.0,0,0,,,
v2_spread_home_minus3,Spread home -3.0,2025,5,2025_05_TB_SEA,Seattle Seahawks,Tampa Bay Buccaneers,6.6201445935133965,43.29455285457358,-5.5,44.5,25.077800763673363,18.609775238922325,43.687576002595684,0.752,0.542,0.4835,0.0,0.0,0.0,0,0,,,
v2_spread_home_minus3,Spread home -3.0,2025,5,2025_05_TEN_ARI,Arizona Cardinals,Tennessee Titans,12.435838495518984,41.67629939080572,-10.5,41.5,27.028303684366154,14.911809738449685,41.940113422815834,0.937,0.571,0.5085,0.0,0.0,0.0,0,0,,,
v2_spread_home_minus3,Spread home -3.0,2025,5,2025_05_WAS_LAC,Los Angeles Chargers,Washington Commanders,5.546723352874582,46.741845578845385,-5.5,48.5,26.1293560198752,20.542515705763567,46.671871725638766,0.7475,0.5035,0.4535,0.0,0.0,0.0,0,0,,,
v2_spread_home_plus3,Spread home +3.0,2025,5,2025_05_DAL_NYJ,New York Jets,Dallas Cowboys,-4.748246561505063,46.399109275696375,4.5,46.5,20.923097063493046,25.519942370852892,46.443039434345934,0.313,0.505,0.5075,0.0,0.0,0.0,0,0,,,
v2_spread_home_plus3,Spread home +3.0,2025,5,2025_05_DEN_PHI,Philadelphia Eagles,Denver Broncos,2.001922565142087,42.68448553718515,-2.5,43.5,22.553712928664027,20.461716849811374,43.0154297784754,0.5835,0.484,0.4995,0.0,0.0,0.0,0,0,,,
v2_spread_home_plus3,Spread home +3.0,2025,5,2025_05_DET_CIN,Cincinnati Bengals,Detroit Lions,-14.052005846596517,48.08850859783918,10.5,49.5,16.948150971426315,30.823261073998275,47.77141204542458,0.078,0.3515,0.4575,0.0,0.0,0.0,0,0,,,
v2_spread_home_plus3,Spread home +3.0,2025,5,2025_05_HOU_BAL,Baltimore Ravens,Houston Texans,4.785137854638451,44.588208047051445,-6.5,45.5,24.61395041051827,19.66013393235465,44.27408434287292,0.717,0.429,0.461,0.0,0.0,0.0,0,0,,,
v2_spread_home_plus3,Spread home +3.0,2025,5,2025_05_KC_JAX,Jacksonville Jaguars,Kansas City Chiefs,-7.334401637435929,43.77741479912841,6.5,44.5,18.072743297829675,25.432788141132217,43.50553143896189,0.1965,0.47,0.4655,0.0,0.0,0.0,0,0,,,
v2_spread_home_plus3,Spread home +3.0,2025,5,2025_05_LV_IND,Indianapolis Colts,Las Vegas Raiders,3.721428533324418,47.40772571972125,-3.0,48.5,25.776035481655935,22.0330805500601,47.80911603171603,0.669,0.533,0.4785,0.0,0.0,0.0,0,0,,,
v2_spread_home_plus3,Spread home +3.0,2025,5,2025_05_MIA_CAR,Carolina Panthers,Miami Dolphins,-2.4790367541641007,43.615891637065126,1.5,44.5,20.524422801429512,23.051209429400785,43.575632230830294,0.401,0.4595,0.4745,0.0,0.0,0.0,0,0,,,
v2_spread_home_plus3,Spread home +3.0,2025,5,2025_05_MIN_CLE,Cleveland Browns,Minnesota Vikings,-9.446185570531613,37.60596414125209,7.5,38.5,13.969897289932108,23.365163974565665,37.335061264497774,0.1445,0.421,0.469,0.0,0.0,0.0,0,0,,,
v2_spread_home_plus3,Spread home +3.0,2025,5,2025_05_NE_BUF,Buffalo Bills,New England Patriots,7.011677197457106,47.763454449656734,-7.0,49.5,27.281584098071537,20.58365712842683,47.86524122649836,0.7765,0.4875,0.4475,0.0,0.0,0.0,0,0,,,
v2_spread_home_plus3,Spread home +3.0,2025,5,2025_05_NYG_NO,New Orleans Saints,New York Giants,-6.530917619259342,42.51961406048299,5.5,43.5,17.682116209571603,24.417106860545122,42.09922307011673,0.2085,0.4505,0.459,0.0,0.0,0.0,0,0,,,
v2_spread_home_plus3,Spread home +3.0,2025,5,2025_05_SF_LA,Los Angeles Rams,San Francisco 49ers,6.051344608972306,41.7887084502106,-5.5,43.5,23.867085117812653,17.823829047574336,41.69091416538699,0.765,0.518,0.444,0.0,0.0,0.0,0,0,,,
v2_spread_home_plus3,Spread home +3.0,2025,5,2025_05_TB_SEA,Seattle Seahawks,Tampa Bay Buccaneers,0.6201445935133973,43.29455285457358,0.5,44.5,21.97277920757401,21.466159074256435,43.43893828183045,0.5205,0.5435,0.4605,0.0,0.0,0.0,0,0,,,
v2_spread_home_plus3,Spread home +3.0,2025,5,2025_05_TEN_ARI,Arizona Cardinals,Tennessee Titans,6.435838495518983,41.67629939080572,-4.5,41.5,24.119323282277836,17.999510115386425,42.11883339766426,0.769,0.58,0.5185,0.0,0.0,0.0,0,0,,,
v2_spread_home_plus3,Spread home +3.0,2025,5,2025_05_WAS_LAC,Los Angeles Chargers,Washington Commanders,-0.453276647125418,46.741845578845385,0.5,48.5,23.133934367913753,23.6799186660619,46.813853033975654,0.474,0.498,0.451,0.0,0.0,0.0,0,0,,,
v2_total_minus3,Total -3.0,2025,5,2025_05_DAL_NYJ,New York Jets,Dallas Cowboys,-1.7482465615050624,43.77610294350383,1.5,43.5,21.03226366090185,22.899753174927408,43.93201683582926,0.409,0.476,0.5195,0.0,0.0,0.0,0,0,,,
v2_total_minus3,Total -3.0,2025,5,2025_05_DEN_PHI,Philadelphia Eagles,Denver Broncos,5.001922565142087,40.06147920499261,-5.5,40.5,22.562838806181695,17.61594574085169,40.17878454703339,0.703,0.4865,0.4865,0.0,0.0,0.0,0,0,,,
v2_total_minus3,Total -3.0,2025,5,2025_05_DET_CIN,Cincinnati Bengals,Detroit Lions,-11.052005846596515,45.46550226564664,7.5,46.5,17.490186097416757,28.209182255098494,45.69936835251524,0.12,0.3705,0.473,0.0,0.0,0.0,0,0,,,
v2_total_minus3,Total -3.0,2025,5,2025_05_HOU_BAL,Baltimore Ravens,Houston Texans,7.785137854638451,41.96520171485891,-9.5,42.5,24.805946751493135,17.00305101818615,41.80899776967929,0.7975,0.4355,0.475,0.0,0.0,0.0,0,0,,,
v2_total_minus3,Total -3.0,2025,5,2025_05_KC_JAX,Jacksonville Jaguars,Kansas City Chiefs,-4.334401637435929,41.15440846693587,3.5,41.5,18.60735435161205,22.626982208680726,41.23433656029278,0.329,0.488,0.489,0.0,0.0,0.0,0,0,,,
v2_total_minus3,Total -3.0,2025,5,2025_05_LV_IND,Indianapolis Colts,Las Vegas Raiders,6.721428533324418,44.78471938752871,-6.0,45.5,25.713054844518698,19.161452475549684,44.87450732006838,0.799,0.532,0.4845,0.0,0.0,0.0,0,0,,,
v2_total_minus3,Total -3.0,2025,5,2025_05_MIA_CAR,Carolina Panthers,Miami Dolphins,0.520963245835899,40.99288530487259,-1.5,41.5,20.625874800280936,20.37397256315015,40.99984736343109,0.5135,0.4485,0.48,0.0,0.0,0.0,0,0,,,
v2_total_minus3,Total -3.0,2025,5,2025_05_MIN_CLE,Cleveland Browns,Minnesota Vikings,-6.446185570531613,34.98295780905955,4.5,35.5,14.326585700967266,20.728269882049414,35.05485558301669,0.236,0.4215,0.4875,0.0,0.0,0.0,0,0,,,
v2_total_minus3,Total -3.0,2025,5,2025_05_NE_BUF,Buffalo Bills,New England Patriots,10.011677197457107,45.140448117464196,-10.0,46.5,27.587728982196488,17.45196254617363,45.03969152837011,0.8695,0.5085,0.4685,0.0,0.0,0.0,0,0,,,
v2_total_minus3,Total -3.0,2025,5,2025_05_NYG_NO,New Orleans Saints,New York Giants,-3.530917619259342,39.89660772829045,2.5,40.5,18.266814499669522,21.849703346299478,40.116517845969,0.336,0.451,0.493,0.0,0.0,0.0,0,0,,,
v2_total_minus3,Total -3.0,2025,5,2025_05_SF_LA,Los Angeles Rams,San Francisco 49ers,9.051344608972306,39.16570211801806,-8.5,40.5,24.37221281386798,15.076784320518462,39.448997134386445,0.8725,0.5505,0.465,0.0,0.0,0.0,0,0,,,
v2_total_minus3,Total -3.0,2025,5,2025_05_TB_SEA,Seattle Seahawks,Tampa Bay Buccaneers,3.620144593513397,40.67154652238104,-2.5,41.5,22.3966758618094,18.52123401280821,40.9179098746176,0.661,0.5605,0.478,0.0,0.0,0.0,0,0,,,
v2_total_minus3,Total -3.0,2025,5,2025_05_TEN_ARI,Arizona Cardinals,Tennessee Titans,9.435838495518983,39.05329305861318,-7.5,38.5,24.419649268530552,14.656408861985987,39.07605813051654,0.876,0.5965,0.512,0.0,0.0,0.0,0,0,,,
v2_total_minus3,Total -3.0,2025,5,2025_05_WAS_LAC,Los Angeles Chargers,Washington Commanders,2.546723352874582,44.11883924665285,-2.5,45.5,23.334888608048406,20.940491389837867,44.27537999788627,0.6125,0.5,0.4585,0.0,0.0,0.0,0,0,,,
v2_total_plus3,Total +3.0,2025,5,2025_05_DAL_NYJ,New York Jets,Dallas Cowboys,-1.7482465615050624,49.02211560788891,1.5,49.5,23.471316321357197,25.191843591525174,48.66315991288237,0.4245,0.485,0.476,0.0,0.0,0.0,0,0,,,
v2_total_plus3,Total +3.0,2025,5,2025_05_DEN_PHI,Philadelphia Eagles,Denver Broncos,5.001922565142087,45.307491869377685,-5.5,46.5,24.783453478073326,19.859628711246426,44.643082189319756,0.7105,0.471,0.4525,0.0,0.0,0.0,0,0,,,
v2_total_plus3,Total +3.0,2025,5,2025_05_DET_CIN,Cincinnati Bengals,Detroit Lions,-11.052005846596515,50.711514930031726,7.5,52.5,20.052366796651505,30.88506106617262,50.93742786282412,0.119,0.354,0.4595,0.0,0.0,0.0,0,0,,,
v2_total_plus3,Total +3.0,2025,5,2025_05_HOU_BAL,Baltimore Ravens,Houston Texans,7.785137854638451,47.211214379243984,-9.5,48.5,27.422177468246947,19.524721397406058,46.94689886565301,0.812,0.428,0.4565,0.0,0.0,0.0,0,0,,,
v2_total_plus3,Total +3.0,2025,5,2025_05_KC_JAX,Jacksonville Jaguars,Kansas City Chiefs,-4.334401637435929,46.40042113132095,3.5,47.5,21.137478317933663,25.61839666555128,46.755874983484944,0.3005,0.457,0.4785,0.0,0.0,0.0,0,0,,,
v2_total_plus3,Total +3.0,2025,5,2025_05_LV_IND,Indianapolis Colts,Las Vegas Raiders,6.721428533324418,50.030732051913795,-6.0,51.5,28.34307986178005,21.474283290777965,49.817363152558016,0.802,0.544,0.4515,0.0,0.0,0.0,0,0,,,
v2_total_plus3,Total +3.0,2025,5,2025_05_MIA_CAR,Carolina Panthers,Miami Dolphins,0.520963245835899,46.238897969257664,-1.5,47.5,23.36870889707402,23.012596296687683,46.381305193761705,0.508,0.4415,0.4575,0.0,0.0,0.0,0,0,,,
v2_total_plus3,Total +3.0,2025,5,2025_05_MIN_CLE,Cleveland Browns,Minnesota Vikings,-6.446185570531613,40.228970473444626,4.5,41.5,17.049971933777517,23.42945657362161,40.47942850739912,0.2415,0.4185,0.473,0.0,0.0,0.0,0,0,,,
v2_total_plus3,Total +3.0,2025,5,2025_05_NE_BUF,Buffalo Bills,New England Patriots,10.011677197457107,50.38646078184928,-10.0,52.5,30.012263164219384,20.07577619052858,50.08803935474796,0.8565,0.495,0.418,0.0,0.0,0.0,0,0,,,
v2_total_plus3,Total +3.0,2025,5,2025_05_NYG_NO,New Orleans Saints,New York Giants,-3.530917619259342,45.142620392675525,2.5,46.5,20.869397989375035,24.265760521426813,45.13515851080185,0.3465,0.454,0.4505,0.0,0.0,0.0,0,0,,,
v2_total_plus3,Total +3.0,2025,5,2025_05_SF_LA,Los Angeles Rams,San Francisco 49ers,9.051344608972306,44.41171478240314,-8.5,46.5,26.693721903372303,17.55571734354512,44.24943924691742,0.8725,0.5305,0.425,0.0,0.0,0.0,0,0,,,
v2_total_plus3,Total +3.0,2025,5,2025_05_TB_SEA,Seattle Seahawks,Tampa Bay Buccaneers,3.620144593513397,45.91755918676612,-2.5,47.5,24.56038666304864,21.107709572899825,45.66809623594847,0.642,0.543,0.4395,0.0,0.0,0.0,0,0,,,
v2_total_plus3,Total +3.0,2025,5,2025_05_TEN_ARI,Arizona Cardinals,Tennessee Titans,9.435838495518983,44.299305722998255,-7.5,44.5,26.74366034603249,17.181538935010764,43.92519928104325,0.8815,0.5875,0.4825,0.0,0.0,0.0,0,0,,,
v2_total_plus3,Total +3.0,2025,5,2025_05_WAS_LAC,Los Angeles Chargers,Washington Commanders,2.546723352874582,49.36485191103793,-2.5,51.5,25.75944992451085,23.37079253135805,49.1302424558689,0.611,0.48,0.4195,0.0,0.0,0.0,0,0,,,
v2_wind_plus10,Wind +10mph (open),2025,5,2025_05_DAL_NYJ,New York Jets,Dallas Cowboys,-1.7482465615050624,45.899109275696375,1.5,46.5,21.98783112096871,23.749960385577115,45.737791506545825,0.421,0.484,0.4755,10.0,0.0,0.0,0,0,,,
v2_wind_plus10,Wind +10mph (open),2025,5,2025_05_DEN_PHI,Philadelphia Eagles,Denver Broncos,5.001922565142087,42.18448553718515,-5.5,43.5,23.534197337000663,18.479344366992766,42.013541703993425,0.713,0.484,0.4445,10.0,0.0,0.0,0,0,,,
v2_wind_plus10,Wind +10mph (open),2025,5,2025_05_DET_CIN,Cincinnati Bengals,Detroit Lions,-11.052005846596515,47.58850859783918,7.5,49.5,18.127477079022526,29.404209676438626,47.53168675546115,0.114,0.329,0.4285,10.0,0.0,0.0,0,0,,,
v2_wind_plus10,Wind +10mph (open),2025,5,2025_05_HOU_BAL,Baltimore Ravens,Houston Texans,7.785137854638451,44.088208047051445,-9.5,45.5,25.92529366990404,17.981160362250783,43.90645403215482,0.819,0.4295,0.4455,10.0,0.0,0.0,0,0,,,
v2_wind_plus10,Wind +10mph (open),2025,5,2025_05_KC_JAX,Jacksonville Jaguars,Kansas City Chiefs,-4.334401637435929,43.27741479912841,3.5,44.5,19.396215931806942,23.887185999150603,43.283401930957545,0.3015,0.452,0.4665,10.0,0.0,0.0,0,0,,,
v2_wind_plus10,Wind +10mph (open),2025,5,2025_05_LV_IND,Indianapolis Colts,Las Vegas Raiders,6.721428533324418,46.90772571972125,-6.0,48.5,26.882766373815986,20.238022585066414,47.12078895888239,0.7755,0.5285,0.473,10.0,0.0,0.0,0,0,,,
v2_wind_plus10,Wind +10mph (open),2025,5,2025_05_MIA_CAR,Carolina Panthers,Miami Dolphins,0.520963245835899,43.115891637065126,-1.5,44.5,21.866861213864134,21.427021388352813,43.29388260221695,0.5255,0.4645,0.478,10.0,0.0,0.0,0,0,,,
v2_wind_plus10,Wind +10mph (open),2025,5,2025_05_MIN_CLE,Cleveland Browns,Minnesota Vikings,-6.446185570531613,37.10596414125209,4.5,38.5,15.083081465174903,21.757874636991126,36.840956102166025,0.236,0.4015,0.4475,10.0,0.0,0.0,0,0,,,
v2_wind_plus10,Wind +10mph (open),2025,5,2025_05_NE_BUF,Buffalo Bills,New England Patriots,10.011677197457107,47.263454449656734,-10.0,49.5,28.594965569616324,18.30309339561947,46.8980589652358,0.879,0.5065,0.431,10.0,0.0,0.0,0,0,,,
v2_wind_plus10,Wind +10mph (open),2025,5,2025_05_NYG_NO,New Orleans Saints,New York Giants,-3.530917619259342,42.01961406048299,2.5,43.5,19.298496178011938,22.90955731340925,42.20805349142119,0.3305,0.4545,0.4695,10.0,0.0,0.0,0,0,,,
v2_wind_plus10,Wind +10mph (open),2025,5,2025_05_SF_LA,Los Angeles Rams,San Francisco 49ers,9.051344608972306,41.2887084502106,-8.5,43.5,24.694933414188,15.985906565353686,40.68083997954169,0.8615,0.507,0.4115,10.0,0.0,0.0,0,0,,,
v2_wind_plus10,Wind +10mph (open),2025,5,2025_05_TB_SEA,Seattle Seahawks,Tampa Bay Buccaneers,3.620144593513397,42.79455285457358,-2.5,44.5,23.18520974191306,19.46061479401101,42.64582453592407,0.655,0.556,0.4445,10.0,0.0,0.0,0,0,,,
v2_wind_plus10,Wind +10mph (open),2025,5,2025_05_TEN_ARI,Arizona Cardinals,Tennessee Titans,9.435838495518983,41.17629939080572,-7.5,41.5,25.260150556666346,15.622333264038302,40.88248382070465,0.8765,0.604,0.487,10.0,0.0,0.0,0,0,,,
v2_wind_plus10,Wind +10mph (open),2025,5,2025_05_WAS_LAC,Los Angeles Chargers,Washington Commanders,2.546723352874582,46.241845578845385,-2.5,48.5,24.62726239959479,22.059614989912937,46.686877389507735,0.6335,0.5095,0.4475,10.0,0.0,0.0,0,0,,,
v2_wind_plus20,Wind +20mph (open),2025,5,2025_05_DAL_NYJ,New York Jets,Dallas Cowboys,-1.7482465615050624,45.399109275696375,1.5,46.5,21.813839550493807,23.68504947455533,45.49888902504914,0.417,0.476,0.468,20.0,0.0,0.0,0,0,,,
v2_wind_plus20,Wind +20mph (open),2025,5,2025_05_DEN_PHI,Philadelphia Eagles,Denver Broncos,5.001922565142087,41.68448553718515,-5.5,43.5,23.472112330105098,18.42420852647361,41.896320856578704,0.703,0.484,0.4485,20.0,0.0,0.0,0,0,,,
v2_wind_plus20,Wind +20mph (open),2025,5,2025_05_DET_CIN,Cincinnati Bengals,Detroit Lions,-11.052005846596515,47.08850859783918,7.5,49.5,18.07462540539825,29.067002424625336,47.14162783002359,0.1245,0.3405,0.446,20.0,0.0,0.0,0,0,,,
v2_wind_plus20,Wind +20mph (open),2025,5,2025_05_HOU_BAL,Baltimore Ravens,Houston Texans,7.785137854638451,43.588208047051445,-9.5,45.5,25.635193883391548,17.96827814997688,43.60347203336844,0.806,0.4215,0.452,20.0,0.0,0.0,0,0,,,
v2_wind_plus20,Wind +20mph (open),2025,5,2025_05_KC_JAX,Jacksonville Jaguars,Kansas City Chiefs,-4.334401637435929,42.77741479912841,3.5,44.5,18.920958370929117,23.558986645308472,42.479945016237586,0.307,0.45,0.4375,20.0,0.0,0.0,0,0,,,
v2_wind_plus20,Wind +20mph (open),2025,5,2025_05_LV_IND,Indianapolis Colts,Las Vegas Raiders,6.721428533324418,46.40772571972125,-6.0,48.5,26.495305503277905,19.850460849952132,46.34576635323003,0.793,0.5255,0.428,20.0,0.0,0.0,0,0,,,
v2_wind_plus20,Wind +20mph (open),2025,5,2025_05_MIA_CAR,Carolina Panthers,Miami Dolphins,0.520963245835899,42.615891637065126,-1.5,44.5,21.728837826861994,21.06390318352661,42.79274101038861,0.535,0.462,0.4565,20.0,0.0,0.0,0,0,,,
v2_wind_plus20,Wind +20mph (open),2025,5,2025_05_MIN_CLE,Cleveland Browns,Minnesota Vikings,-6.446185570531613,36.60596414125209,4.5,38.5,15.329177150862584,21.574742223883888,36.90391937474647,0.2575,0.4295,0.4585,20.0,0.0,0.0,0,0,,,
v2_wind_plus20,Wind +20mph (open),2025,5,2025_05_NE_BUF,Buffalo Bills,New England Patriots,10.011677197457107,46.763454449656734,-10.0,49.5,28.675770352009447,18.348673753562366,47.02444410557181,0.863,0.5175,0.4315,20.0,0.0,0.0,0,0,,,
v2_wind_plus20,Wind +20mph (open),2025,5,2025_05_NYG_NO,New Orleans Saints,New York Giants,-3.530917619259342,41.51961406048299,2.5,43.5,18.647025283474665,22.2530634563957,40.90008873987037,0.328,0.447,0.4295,20.0,0.0,0.0,0,0,,,
v2_wind_plus20,Wind +20mph (open),2025,5,2025_05_SF_LA,Los Angeles Rams,San Francisco 49ers,9.051344608972306,40.7887084502106,-8.5,43.5,24.966235617520834,15.696642588273798,40.66287820579463,0.8735,0.5325,0.409,20.0,0.0,0.0,0,0,,,
v2_wind_plus20,Wind +20mph (open),2025,5,2025_05_TB_SEA,Seattle Seahawks,Tampa Bay Buccaneers,3.620144593513397,42.29455285457358,-2.5,44.5,22.914752753078442,19.17804675415972,42.09279950723816,0.6505,0.5515,0.442,20.0,0.0,0.0,0,0,,,
v2_wind_plus20,Wind +20mph (open),2025,5,2025_05_TEN_ARI,Arizona Cardinals,Tennessee Titans,9.435838495518983,40.67629939080572,-7.5,41.5,24.972046103585967,15.545223555846434,40.517269659432394,0.8645,0.5815,0.471,20.0,0.0,0.0,0,0,,,
v2_wind_plus20,Wind +20mph (open),2025,5,2025_05_WAS_LAC,Los Angeles Chargers,Washington Commanders,2.546723352874582,45.741845578845385,-2.5,48.5,24.467785669337626,21.40328732009648,45.87107298943411,0.6435,0.534,0.4145,20.0,0.0,0.0,0,0,,,
